task,kind,algorithm,seed,budget,fe,physical_calls,seconds,auc,final_gap,igd,recall,hit,front_size,reference_size,observed_gap,raw_final_gap,raw_igd,overrides,extra_pure_proposals,neighbor_builds,neighbor_cache_hits,neighbor_filter_checks,model_fits,predictions,unique_evaluated
rgv_new2,rgv,nsga_local24,74502,1024,1024,1024,1.1932272770000054,0.16756038879533292,0.07167405139929976,0.11839277975,0.5,False,4,6,0.07167405139929976,0.07167405137790003,0.1183927797402774,293,0,113,647,44482,15,16356,1022
tour_new1,tour,fast_v10,74510,1024,1024,1024,1.9241695610000988,0.10187463829820206,0.0009417319916851072,0.0008124379838507439,0.8928571428571429,False,26,28,0.0009417319916851072,0.0009417319925521727,0.000812437985583836,0,0,0,0,0,0,0,994
rgv_new2,rgv,fast_v10,74505,1024,1024,1024,2.421003701000018,0.0716953548364532,0.0,0.0,1.0,True,6,6,0.0,0.0,0.0,0,0,0,0,0,0,0,986
tour_new2,tour,local24,74504,1024,1024,1024,1.5356218869999338,0.0910909227756065,0.0,0.0,1.0,True,17,17,0.0,0.0,3.0839528461809902e-18,32,0,25,748,32010,15,8725,966
rgv_new1,rgv,nsga2_typed,74503,1024,1024,1024,1.1070731490000298,0.21462298804471325,0.008543861945606988,0.002504405473056643,0.8,False,5,5,0.008543861945606988,0.008543861964532521,0.002504405476783931,0,0,0,0,0,0,0,1016
rgv_new2,rgv,nsga2_typed,74505,1024,1024,1024,1.107930056999976,0.10115539731899888,0.0018025045645556387,0.00047755491666665967,0.8333333333333334,False,5,6,0.0018025045645556387,0.0018025045726244961,0.00047755491881566287,0,0,0,0,0,0,0,1016
tour_new3,tour,fast_h0,74501,1024,1024,1024,3.2305594010000505,0.10616470087726944,0.0,0.0,1.0,True,19,19,0.0,0.0,0.0,35,45866,0,0,0,15,3958,962
tour_new1,tour,nsga2_typed,74502,1024,1024,1024,1.9368802480000795,0.11355332764826179,0.0004940740789065337,0.000661283597229498,0.9642857142857143,False,29,28,0.0004940740789065337,0.0004940740764422272,0.0006612835951428432,0,0,0,0,0,0,0,988
job_new4,job,nsga_local24,74503,1024,1024,1024,1.294668918999946,0.11848381206699277,0.009263730847068599,0.003295121237499998,0.9166666666666666,False,22,24,0.009263730847068599,0.009263730846219544,0.003163316388864938,47,0,60,698,25049,15,8826,961
tour_new4,tour,h0,74508,1024,1024,1024,4.416297106999991,0.07352221757766463,0.0,0.0,1.0,True,31,31,0.0,0.0,0.0,40,35672,0,0,0,15,5096,995
rgv_new1,rgv,nsga_local24,74502,1024,1024,1024,1.3840919830000757,0.15452998337770277,0.0,0.0,1.0,True,5,5,0.0,0.0,0.0,191,0,102,673,36875,15,14928,1020
rgv_new3,rgv,refit32,74509,1024,1024,1024,3.204652710000005,0.1345653050112108,0.0,0.0,1.0,True,4,4,0.0,0.0,0.0,163,36143,0,0,0,30,4870,978
rgv_new1,rgv,local24,74506,1024,1024,1024,1.5233004689999916,0.09454266826284699,0.0,0.0,1.0,True,5,5,0.0,0.0,0.0,145,0,70,691,38522,15,13165,1004
job_new1,job,fast_v10,74510,1024,1024,1024,2.528424137999991,0.15146791542081917,0.0,0.0,1.0,True,20,20,0.0,0.0,0.0,0,0,0,0,0,0,0,957
rgv_new1,rgv,refit32,74508,1024,1024,1024,3.1929698960000223,0.14058163447759248,0.0,0.0,1.0,True,5,5,0.0,0.0,0.0,97,29953,0,0,0,30,5194,1010
tour_new2,tour,fast_h0,74507,1024,1024,1024,2.535283124999978,0.08091313477640791,0.0,0.0,1.0,True,17,17,0.0,0.0,3.0839528461809902e-18,25,39254,0,0,0,15,4472,976
rgv_new2,rgv,h0,74506,1024,1024,1024,5.5209772279999925,0.09539886960561236,0.0,0.0,1.0,True,6,6,0.0,0.0,0.0,190,37956,0,0,0,15,4495,977
tour_new2,tour,h0,74505,1024,1024,1024,5.188252624000029,0.06965449879720503,0.0,0.0,1.0,True,17,17,0.0,0.0,3.0839528461809902e-18,18,41065,0,0,0,15,4538,981
tour_new2,tour,nsga_local24,74507,1024,1024,1024,1.3699004830000376,0.11257271599740204,0.0,0.0,1.0,True,17,17,0.0,0.0,0.0,70,0,79,694,29130,15,10845,976
rgv_new3,rgv,nsga2_typed,74507,1024,1024,1024,1.8372193989999914,0.16550304049045178,0.0,0.0,1.0,True,4,4,0.0,0.0,0.0,0,0,0,0,0,0,0,1003
rgv_new1,rgv,nsga_local24,74507,1024,1024,1024,1.3639129580000144,0.1045154229960878,0.008543861945606988,0.002504405473056643,0.8,False,5,5,0.008543861945606988,0.008543861964532521,0.002504405476783931,191,0,125,642,36654,15,15590,1016
rgv_new2,rgv,local24,74509,1024,1024,1024,2.701645052999993,0.12246013503168056,0.0,0.0,1.0,True,6,6,0.0,0.0,0.0,164,0,50,740,33656,15,8992,994
job_new3,job,fast_v10,74503,1024,1024,1024,1.9350007619999587,0.09107230583648776,0.01113720064800216,0.003253102914285713,0.7619047619047619,False,20,21,0.01113720064800216,0.011137200642219354,0.0032531029102557244,0,0,0,0,0,0,0,998
tour_new3,tour,local24,74512,1024,1024,1024,1.6435280119999334,0.08355424711466625,0.0,0.0,1.0,True,19,19,0.0,0.0,0.0,23,0,26,741,28380,15,8110,962
rgv_new3,rgv,fast_h0,74511,1024,1024,1024,3.1537887169999976,0.09092231393224401,0.0008061265610368792,0.0050000000000000044,0.75,False,5,4,0.0008061265610368792,0.0008061265618702589,0.0050000000000000044,173,27767,0,0,0,15,5794,1009
tour_new3,tour,h0,74502,1024,1024,1024,5.626777006999987,0.11194887658439936,0.0,0.0,1.0,True,19,19,0.0,0.0,0.0,27,48344,0,0,0,15,3732,962
tour_new3,tour,fast_h0,74508,1024,1024,1024,3.1415588130000742,0.09034871203948328,0.0031675763087766454,0.0028729532631578945,0.8947368421052632,False,19,19,0.0031675763087766454,0.0031675763121015196,0.002872953262288581,24,48978,0,0,0,15,3531,932
job_new1,job,fast_v10,74503,1024,1024,1024,2.185936824999999,0.1613265710786318,0.0,0.0,1.0,True,20,20,0.0,0.0,0.0,0,0,0,0,0,0,0,956
rgv_new4,rgv,local24,74504,1024,1024,1024,2.0322616449999487,0.0884997383519063,0.0,0.0,1.0,True,7,7,0.0,0.0,0.0,216,0,94,662,32585,15,10956,1004
job_new3,job,fast_h0,74509,1024,1024,1024,3.1818219200000613,0.07578100334696787,0.0005003530890119581,0.00039987968095237897,0.9523809523809523,False,20,21,0.0005003530890119581,0.0005003530843588904,0.0003998796774941928,29,32626,0,0,0,15,5020,992
job_new2,job,fast_h0,74504,1024,1024,1024,2.5220653379999476,0.10709050708029347,0.0003505991011946168,0.000102376675,0.9642857142857143,False,27,28,0.0003505991011946168,0.0003505990965921967,0.00010237667365565212,39,33542,0,0,0,15,5317,999
job_new3,job,local24,74509,1024,1024,1024,1.8998171949999687,0.09096453207369085,0.0009062894562952605,0.0011343458428571395,0.8571428571428571,False,19,21,0.0009062894562952605,0.0009062894495002007,0.001134345836974603,41,0,43,730,30728,15,11595,993
job_new2,job,nsga_local24,74507,1024,1024,1024,1.1470433309999635,0.099940268123485,0.0,0.0,1.0,True,28,28,0.0,0.0,0.0,63,0,76,682,29680,15,11986,999
tour_new1,tour,nsga2_typed,74503,1024,1024,1024,2.1903609029999416,0.11171731872085702,0.008734678146570285,0.0030352143579437823,0.8214285714285714,False,29,28,0.008734678146570285,0.008734678145346397,0.003035214355534326,0,0,0,0,0,0,0,977
tour_new4,tour,refit32,74503,1024,1024,1024,2.897773905000008,0.05453040887122716,0.00016655767076836952,5.4005464516129035e-05,0.967741935483871,False,30,31,0.00016655767076836952,0.0001665576713261272,5.40054646966535e-05,41,39533,0,0,0,30,4769,980
rgv_new3,rgv,fast_v10,74509,1024,1024,1024,2.0155685889999404,0.14088463627776512,0.0,0.0,1.0,True,4,4,0.0,0.0,0.0,0,0,0,0,0,0,0,991
job_new4,job,fast_v10,74504,1024,1024,1024,2.373868657999992,0.13419484049516822,0.01608667723442373,0.0061470067054156296,0.875,False,22,24,0.01608667723442373,0.016086677237519862,0.005901126438030938,0,0,0,0,0,0,0,938
job_new3,job,nsga_local24,74507,1024,1024,1024,1.1926835850000543,0.1076944227231702,0.0006200811698128777,0.0007626177476190458,0.9047619047619048,False,20,21,0.0006200811698128777,0.0006200811653933525,0.0007626177426425187,61,0,87,661,29356,15,12206,994
tour_new4,tour,nsga_local24,74511,1024,1024,1024,1.2535666900000706,0.1062890166389856,0.0015006685518691143,0.00045802066774193543,0.9032258064516129,False,30,31,0.0015006685518691143,0.0015006685472961463,0.0004580206679971094,68,0,78,706,28395,15,11104,983
rgv_new4,rgv,h0,74511,1024,1024,1024,4.920154224999919,0.09520191865965491,0.0,0.0,1.0,True,7,7,0.0,0.0,0.0,224,37204,0,0,0,15,4877,988
job_new1,job,fast_h0,74508,1024,1024,1024,2.577970053000058,0.08048009192613863,0.0,0.0,1.0,True,20,20,0.0,0.0,0.0,14,43790,0,0,0,15,4169,959
tour_new4,tour,nsga_local24,74509,1024,1024,1024,1.3440103599999702,0.10282072899867338,0.00016205422467295124,5.8242738709676954e-05,0.9354838709677419,False,30,31,0.00016205422467295124,0.00016205422472657466,5.8242738344365644e-05,84,0,78,694,27715,15,10758,985
tour_new3,tour,nsga2_typed,74512,1024,1024,1024,2.2564447429999746,0.1385110615838337,0.0,0.0,1.0,True,19,19,0.0,0.0,0.0,0,0,0,0,0,0,0,965
rgv_new4,rgv,nsga_local24,74501,1024,1024,1024,1.0767743449999898,0.03550618108395935,0.0016344924009536919,0.0009923285428571507,0.7142857142857143,False,7,7,0.0016344924009536919,0.0016344923868122163,0.0009923285370787413,249,0,95,685,37548,15,15022,1017
rgv_new1,rgv,fast_h0,74501,1024,1024,1024,2.439626700999952,0.0336057501791471,0.0,0.0,1.0,True,5,5,0.0,0.0,0.0,138,29342,0,0,0,15,5755,1001
rgv_new4,rgv,fast_h0,74507,1024,1024,1024,2.830410031000042,0.058786133418976635,0.0,0.0,1.0,True,7,7,0.0,0.0,0.0,219,37200,0,0,0,15,4858,983
job_new3,job,refit32,74504,1024,1024,1024,3.339471593999974,0.10541428307565352,0.010156718381181803,0.002490485166666667,0.8571428571428571,False,21,21,0.010156718381181803,0.010156718378779144,0.0024904851676132056,28,38428,0,0,0,30,5071,987
job_new2,job,fast_h0,74507,1024,1024,1024,2.7148511280000776,0.09664180380071132,0.0,0.0,1.0,True,28,28,0.0,0.0,0.0,26,34159,0,0,0,15,5190,998
tour_new3,tour,local24,74505,1024,1024,1024,1.7322291130000167,0.08906605036122177,0.0,0.0,1.0,True,19,19,0.0,0.0,0.0,20,0,25,723,27814,15,7803,957
rgv_new1,rgv,fast_v10,74504,1024,1024,1024,1.6306761129999359,0.15022193201470968,0.0,0.0,1.0,True,5,5,0.0,0.0,0.0,0,0,0,0,0,0,0,1014
job_new3,job,refit32,74506,1024,1024,1024,2.7749284750000243,0.13028241142393546,0.0005003530890119581,0.00039987968095237897,0.9523809523809523,False,20,21,0.0005003530890119581,0.0005003530843588904,0.0003998796774941928,49,35171,0,0,0,30,4967,975
job_new3,job,local24_random,74502,1024,1024,1024,0.76186215000007,0.09850958403804264,0.0027339917648372975,0.0021491236666666643,0.8095238095238095,False,19,21,0.0027339917648372975,0.0027339917603976735,0.0021491236602467507,483,0,44,731,30733,0,0,994
tour_new1,tour,fast_v10,74512,1024,1024,1024,1.9003851389999227,0.10513898538757058,0.00022076382288158935,0.00037151635000000273,0.9285714285714286,False,26,28,0.00022076382288158935,0.00022076382248818044,0.00037151634993932953,0,0,0,0,0,0,0,985
rgv_new2,rgv,nsga_local24,74501,1024,1024,1024,0.9672191610000027,0.08766061529274692,0.0010548266765020389,0.0014971852833333332,0.8333333333333334,False,7,6,0.0010548266765020389,0.0010548266731362046,0.0014971852916516948,312,0,115,653,38351,15,15267,1019
rgv_new3,rgv,nsga2_typed,74510,1024,1024,1024,0.8102161819999765,0.18078790108801704,0.0008061265610368792,0.0050000000000000044,0.75,False,5,4,0.0008061265610368792,0.0008061265618702589,0.0050000000000000044,0,0,0,0,0,0,0,1017
job_new3,job,fast_v10,74506,1024,1024,1024,1.388607724999929,0.1624081093605614,0.002648537767273427,0.001715738665285916,0.7142857142857143,False,17,21,0.002648537767273427,0.002648537771578241,0.0017157386652600468,0,0,0,0,0,0,0,983
rgv_new4,rgv,fast_v10,74504,1024,1024,1024,1.9673870730000544,0.09111396720643501,0.0,0.0,1.0,True,7,7,0.0,0.0,0.0,0,0,0,0,0,0,0,982
job_new3,job,local24_random,74508,1024,1024,1024,0.9991135760000134,0.1380070049651745,0.013494758568100807,0.00406400377142857,0.7619047619047619,False,17,21,0.013494758568100807,0.013494758577138685,0.004064003768488319,446,0,51,712,26567,0,0,979
tour_new4,tour,fast_h0,74510,1024,1024,1024,2.7885580259999188,0.0701855083749799,0.00016655767076836952,5.4005464516129035e-05,0.967741935483871,False,30,31,0.00016655767076836952,0.0001665576713261272,5.40054646966535e-05,53,42154,0,0,0,15,4716,967
job_new3,job,h0,74505,1024,1024,1024,4.707678085999987,0.08425431482754538,0.011017472567201241,0.002890364847619046,0.8095238095238095,False,20,21,0.011017472567201241,0.011017472561184892,0.0028903648451073984,31,36792,0,0,0,15,4911,984
rgv_new4,rgv,refit32,74508,1024,1024,1024,2.9921533950000594,0.11630511926014109,0.0,0.0,1.0,True,7,7,0.0,0.0,0.0,255,32576,0,0,0,30,5117,992
job_new1,job,refit32,74504,1024,1024,1024,3.4502773369999886,0.09202375645766289,0.0,0.0,1.0,True,20,20,0.0,0.0,0.0,16,45333,0,0,0,30,4303,943
job_new3,job,nsga2_typed,74510,1024,1024,1024,2.184142247000068,0.1712738484155227,0.000582381913313966,0.0011449272190476192,0.8571428571428571,False,19,21,0.000582381913313966,0.0005823819105494638,0.0011449272139424543,0,0,0,0,0,0,0,976
job_new4,job,local24,74511,1024,1024,1024,1.5460543670000106,0.0894366062193834,0.0,0.0,1.0,True,24,24,0.0,0.0,0.0,45,0,39,718,25842,15,9447,966
rgv_new2,rgv,refit32,74507,1024,1024,1024,3.35779431200001,0.08305497923576356,0.0,0.0,1.0,True,6,6,0.0,0.0,0.0,180,40535,0,0,0,30,4549,973
job_new3,job,local24,74506,1024,1024,1024,2.049416502999975,0.1297806676678836,0.0009062894562952605,0.0011343458428571395,0.8571428571428571,False,19,21,0.0009062894562952605,0.0009062894495002007,0.001134345836974603,51,0,50,727,31409,15,12213,997
tour_new2,tour,local24,74503,1024,1024,1024,1.4760450969999965,0.06507786387291462,0.0,0.0,1.0,True,17,17,0.0,0.0,3.0839528461809902e-18,32,0,19,729,32526,15,9211,992
job_new4,job,nsga2_typed,74501,1024,1024,1024,1.6582964560000164,0.14890019809446592,0.012656029984136483,0.005079179384477179,0.8333333333333334,False,21,24,0.012656029984136483,0.01265602998285034,0.004876012206678052,0,0,0,0,0,0,0,969
tour_new2,tour,fast_v10,74503,1024,1024,1024,1.861654442000031,0.09058375527573514,0.0,0.0,1.0,True,17,17,0.0,0.0,3.0839528461809902e-18,0,0,0,0,0,0,0,977
job_new1,job,local24_random,74508,1024,1024,1024,0.7939687289999711,0.10421030933941292,0.0,0.0,1.0,True,20,20,0.0,0.0,0.0,407,0,34,741,26844,0,0,978
job_new4,job,h0,74510,1024,1024,1024,4.3595987989999685,0.12250580208053533,0.008994510178971337,0.0028563262166666666,0.9583333333333334,False,23,24,0.008994510178971337,0.008994510176683308,0.00274207316732125,38,41219,0,0,0,15,4622,966
rgv_new3,rgv,nsga_local24,74507,1024,1024,1024,1.2020813819999603,0.12355642008478154,0.0,0.0,1.0,True,4,4,0.0,0.0,0.0,230,0,107,677,42217,15,16033,1020
tour_new2,tour,refit32,74508,1024,1024,1024,3.3389584059999606,0.09496396154363469,0.0,0.0,1.0,True,17,17,0.0,0.0,3.0839528461809902e-18,26,37325,0,0,0,30,4822,980
job_new3,job,fast_h0,74507,1024,1024,1024,2.3001389089999975,0.09470467917084,0.01117218869983389,0.003253102914285713,0.7619047619047619,False,19,21,0.01117218869983389,0.011172188702882512,0.0032531029102557244,24,37323,0,0,0,15,4696,975
tour_new3,tour,local24,74511,1024,1024,1024,1.3205247019999433,0.09459999375576442,0.0,0.0,1.0,True,19,19,0.0,0.0,0.0,31,0,25,727,28120,15,8181,956
job_new2,job,h0,74506,1024,1024,1024,4.454097113999978,0.12649069648566885,0.0,0.0,1.0,True,28,28,0.0,0.0,0.0,47,32234,0,0,0,15,5319,1000
tour_new1,tour,refit32,74506,1024,1024,1024,2.615289103000009,0.04063621706281019,0.00035889448876713,0.00022346543571428564,0.9642857142857143,False,27,28,0.00035889448876713,0.00035889448911453437,0.00022346543629873878,28,31789,0,0,0,30,5319,1001
rgv_new2,rgv,nsga_local24,74512,1024,1024,1024,1.0146489080000265,0.016257488078184106,0.0,0.0,1.0,True,6,6,0.0,0.0,0.0,259,0,82,689,37370,15,14186,1012
rgv_new3,rgv,h0,74502,1024,1024,1024,5.354822901000034,0.12926064175326865,0.0,0.0,1.0,True,4,4,0.0,0.0,0.0,169,33172,0,0,0,15,5179,994
tour_new2,tour,fast_v10,74509,1024,1024,1024,1.7914784770000551,0.0807941999413769,0.0002601273556582514,0.00012142490588235294,0.9411764705882353,False,16,17,0.0002601273556582514,0.00026012735681667996,0.00011467907825612646,0,0,0,0,0,0,0,981
rgv_new2,rgv,fast_v10,74507,1024,1024,1024,1.6434673840000187,0.08620271814359862,0.0,0.0,1.0,True,6,6,0.0,0.0,0.0,0,0,0,0,0,0,0,998
job_new1,job,nsga_local24,74503,1024,1024,1024,1.2890023580000616,0.12332245102929147,0.0,0.0,1.0,True,20,20,0.0,0.0,0.0,43,0,66,704,24660,15,9507,958
job_new2,job,nsga_local24,74502,1024,1024,1024,1.3041091099998994,0.11771191987970467,0.0003505991011946168,0.000102376675,0.9642857142857143,False,27,28,0.0003505991011946168,0.0003505990965921967,0.00010237667365565212,81,0,76,692,29065,15,11945,989
tour_new3,tour,h0,74504,1024,1024,1024,4.994245797999952,0.07299365849274628,0.0,0.0,1.0,True,19,19,0.0,0.0,0.0,24,44998,0,0,0,15,4115,970
tour_new2,tour,nsga_local24,74512,1024,1024,1024,1.1948410859999967,0.10783727463815325,0.0,0.0,1.0,True,17,17,0.0,0.0,0.0,71,0,71,693,31313,15,11541,985
rgv_new4,rgv,fast_v10,74511,1024,1024,1024,2.312410672999931,0.09819869487440303,0.010796393356654957,0.002734827259465225,0.7142857142857143,False,6,7,0.010796393356654957,0.010796393370561012,0.002734827263457424,0,0,0,0,0,0,0,991
job_new3,job,nsga2_typed,74501,1024,1024,1024,1.4774676859999545,0.19536390226129188,0.008393054922357517,0.004419570579576264,0.6666666666666666,False,21,21,0.008393054922357517,0.008393054905764129,0.0044195705758916905,0,0,0,0,0,0,0,998
tour_new1,tour,nsga_local24,74501,1024,1024,1024,1.294985100999952,0.12706963157783163,0.0,0.0,1.0,True,28,28,0.0,0.0,0.0,87,0,79,697,28982,15,11311,981
tour_new4,tour,refit32,74510,1024,1024,1024,3.1639424149999513,0.07237432876132441,0.0,0.0,1.0,True,31,31,0.0,0.0,0.0,60,40334,0,0,0,30,4594,969
rgv_new2,rgv,fast_v10,74504,1024,1024,1024,2.4806763499999533,0.155907358772241,0.0,0.0,1.0,True,6,6,0.0,0.0,0.0,0,0,0,0,0,0,0,989
job_new3,job,fast_h0,74511,1024,1024,1024,2.9450206430000208,0.10350105205520074,0.0005673844148973298,0.0005358857571428555,0.9047619047619048,False,19,21,0.0005673844148973298,0.0005673844098178413,0.0005358857524893187,27,35689,0,0,0,15,4915,990
rgv_new1,rgv,refit32,74506,1024,1024,1024,2.719014496999989,0.09348598649770559,0.0,0.0,1.0,True,5,5,0.0,0.0,0.0,125,28767,0,0,0,30,5770,1014
rgv_new4,rgv,local24_random,74505,1024,1024,1024,0.9046997609999607,0.1007485594334955,0.003233728260590939,0.000745912828571441,0.7142857142857143,False,6,7,0.003233728260590939,0.0032337282510447093,0.0007459128266795575,426,0,61,711,34934,0,0,1000
rgv_new3,rgv,fast_h0,74506,1024,1024,1024,2.5627140770000096,0.11016595691596234,0.0,0.0,1.0,True,4,4,0.0,0.0,0.0,200,29344,0,0,0,15,5579,1010
rgv_new4,rgv,local24,74508,1024,1024,1024,1.4984767220000776,0.1190352715528071,0.0,0.0,1.0,True,7,7,0.0,0.0,0.0,151,0,65,714,32733,15,9862,992
rgv_new3,rgv,nsga2_typed,74502,1024,1024,1024,1.2621269080000275,0.14715314653010705,0.01128577186539797,0.0050000000000000044,0.75,False,4,4,0.01128577186539797,0.01128577186618282,0.0050000000000000044,0,0,0,0,0,0,0,1014
job_new2,job,local24,74502,1024,1024,1024,1.3914884040000288,0.12983380014959986,0.0003505991011946168,0.000102376675,0.9642857142857143,False,27,28,0.0003505991011946168,0.0003505990965921967,0.00010237667365565212,47,0,42,720,29519,15,11130,984
job_new3,job,local24_random,74511,1024,1024,1024,0.7402759809999679,0.133760658055767,0.012912615550886974,0.003654423395238096,0.8095238095238095,False,19,21,0.012912615550886974,0.012912615543947722,0.003654423393309914,441,0,41,718,28298,0,0,995
tour_new2,tour,fast_v10,74506,1024,1024,1024,2.507066022999993,0.12138608501907291,0.0002601273556582514,0.00012142490588235294,0.9411764705882353,False,16,17,0.0002601273556582514,0.00026012735681667996,0.00011467907825612646,0,0,0,0,0,0,0,963
rgv_new4,rgv,local24_random,74501,1024,1024,1024,0.7283236679999163,0.06292828126476867,0.010796393356654957,0.002734827259465225,0.7142857142857143,False,6,7,0.010796393356654957,0.010796393370561012,0.002734827263457424,399,0,41,720,32978,0,0,985
job_new2,job,h0,74509,1024,1024,1024,4.3668791100000135,0.11872569390959278,0.0003505991011946168,0.000102376675,0.9642857142857143,False,27,28,0.0003505991011946168,0.0003505990965921967,0.00010237667365565212,37,33328,0,0,0,15,5263,999
rgv_new2,rgv,local24,74506,1024,1024,1024,1.6446742980000408,0.09561149284267663,0.0,0.0,1.0,True,6,6,0.0,0.0,0.0,167,0,61,697,32377,15,8429,980
job_new3,job,fast_v10,74510,1024,1024,1024,1.8885460110000167,0.10939602554531129,0.0006871124956982495,0.0008986238238095224,0.8571428571428571,False,19,21,0.0006871124956982495,0.0006871124908523035,0.0008986238176376446,0,0,0,0,0,0,0,981
job_new4,job,fast_h0,74509,1024,1024,1024,3.088596149000068,0.10169637407220915,0.009263730847068599,0.003295121237499998,0.9166666666666666,False,22,24,0.009263730847068599,0.009263730846219544,0.003163316388864938,30,43893,0,0,0,15,4278,935
rgv_new1,rgv,fast_h0,74512,1024,1024,1024,2.4609627880000744,0.05754790627473853,0.0,0.0,1.0,True,5,5,0.0,0.0,0.0,103,27754,0,0,0,15,5802,1014
job_new3,job,fast_h0,74510,1024,1024,1024,3.304725508000047,0.10375775456686824,0.013293240559098012,0.0036915650095238083,0.8095238095238095,False,18,21,0.013293240559098012,0.01329324054727215,0.0036915650056557813,14,41647,0,0,0,15,4457,977
tour_new1,tour,fast_h0,74504,1024,1024,1024,2.624147086999983,0.06273038125494396,0.0,0.0,1.0,True,28,28,0.0,0.0,0.0,41,31775,0,0,0,15,5221,1006
tour_new1,tour,refit32,74509,1024,1024,1024,2.705125793000093,0.060335223370980864,0.00035889448876713,0.00022346543571428564,0.9642857142857143,False,27,28,0.00035889448876713,0.00035889448911453437,0.00022346543629873878,29,31275,0,0,0,30,5516,1002
tour_new3,tour,refit32,74501,1024,1024,1024,4.644449918999953,0.10792541196088541,0.0,0.0,1.0,True,19,19,0.0,0.0,0.0,29,46969,0,0,0,30,3933,951
job_new2,job,nsga2_typed,74502,1024,1024,1024,1.585872178000045,0.17486422636744567,0.009817034542656262,0.007143835027870908,0.7142857142857143,False,24,28,0.009817034542656262,0.009817034534381307,0.007143835019707047,0,0,0,0,0,0,0,995
job_new1,job,nsga_local24,74507,1024,1024,1024,1.4490607459999865,0.1315287788921644,0.0,0.0,1.0,True,20,20,0.0,0.0,0.0,49,0,80,686,24794,15,9844,963
tour_new2,tour,fast_h0,74511,1024,1024,1024,2.7829533629999332,0.12456832758230525,0.0,0.0,1.0,True,17,17,0.0,0.0,3.0839528461809902e-18,51,37290,0,0,0,15,4597,973
job_new1,job,nsga2_typed,74510,1024,1024,1024,2.386471295000092,0.1564569035009712,0.0,0.0,1.0,True,20,20,0.0,0.0,0.0,0,0,0,0,0,0,0,944
rgv_new3,rgv,nsga_local24,74504,1024,1024,1024,1.1957689949999804,0.16640379930427082,0.0,0.0,1.0,True,4,4,0.0,0.0,0.0,246,0,97,670,42666,15,15953,1021
job_new3,job,refit32,74508,1024,1024,1024,3.121832971999993,0.1284433825038375,0.011043463787150848,0.002890364847619046,0.8095238095238095,False,19,21,0.011043463787150848,0.011043463778897724,0.0028903648451073984,30,37780,0,0,0,30,4766,985
job_new2,job,fast_h0,74510,1024,1024,1024,2.3385778900000105,0.10214255124017509,0.0003505991011946168,0.000102376675,0.9642857142857143,False,27,28,0.0003505991011946168,0.0003505990965921967,0.00010237667365565212,56,31717,0,0,0,15,5281,989
tour_new4,tour,nsga2_typed,74511,1024,1024,1024,2.2300629229999913,0.14263165982068354,0.0008422575432170035,0.0002636035967741931,0.8709677419354839,False,27,31,0.0008422575432170035,0.000842257538986598,0.00026360359577930664,0,0,0,0,0,0,0,965
rgv_new4,rgv,local24_random,74506,1024,1024,1024,0.774604896000028,0.10276820814308159,0.0,0.0,1.0,True,7,7,0.0,0.0,0.0,416,0,56,698,33931,0,0,999
job_new3,job,fast_v10,74502,1024,1024,1024,1.4844789750000018,0.11881282454502873,0.012829750633424444,0.003978891985714287,0.7619047619047619,False,19,21,0.012829750633424444,0.012829750642656772,0.003978891984346911,0,0,0,0,0,0,0,998
job_new1,job,local24_random,74507,1024,1024,1024,0.8104971799999703,0.1761852784800317,0.0,0.0,1.0,True,20,20,0.0,0.0,0.0,444,0,48,713,25402,0,0,983
job_new2,job,h0,74508,1024,1024,1024,3.8143319349999274,0.09008124065692481,0.0025112548781363324,0.0009397514178571428,0.8928571428571429,False,26,28,0.0025112548781363324,0.0025112548776851052,0.0009397514188677024,43,33624,0,0,0,15,5295,990
job_new1,job,fast_h0,74512,1024,1024,1024,2.697334995999995,0.08413814248002453,0.0,0.0,1.0,True,20,20,0.0,0.0,0.0,12,45245,0,0,0,15,4114,965
job_new4,job,fast_h0,74510,1024,1024,1024,2.3179151870000396,0.12250580208053533,0.008994510178971337,0.0028563262166666666,0.9583333333333334,False,23,24,0.008994510178971337,0.008994510176683308,0.00274207316732125,38,41219,0,0,0,15,4622,966
rgv_new1,rgv,fast_v10,74506,1024,1024,1024,1.689757634999978,0.09923746430707658,0.0,0.0,1.0,True,5,5,0.0,0.0,0.0,0,0,0,0,0,0,0,1006
rgv_new2,rgv,nsga2_typed,74507,1024,1024,1024,1.0615242850000186,0.08850076191661359,0.0,0.0,1.0,True,6,6,0.0,0.0,0.0,0,0,0,0,0,0,0,1016
job_new4,job,fast_h0,74508,1024,1024,1024,2.5699142160000292,0.12319080185309512,0.009263730847068599,0.003295121237499998,0.9166666666666666,False,22,24,0.009263730847068599,0.009263730846219544,0.003163316388864938,38,44454,0,0,0,15,3959,949
tour_new1,tour,refit32,74512,1024,1024,1024,2.749772189000055,0.08055046358227923,0.0,0.0,1.0,True,28,28,0.0,0.0,0.0,47,32806,0,0,0,30,5207,1002
tour_new1,tour,nsga_local24,74506,1024,1024,1024,1.4779709729999695,0.048930611358044884,0.0,0.0,1.0,True,28,28,0.0,0.0,0.0,63,0,61,702,28879,15,10772,994
tour_new1,tour,local24,74508,1024,1024,1024,1.4331784050000351,0.06238060168193512,0.00035889448876713,0.00022346543571428564,0.9642857142857143,False,27,28,0.00035889448876713,0.00035889448911453437,0.00022346543629873878,42,0,41,749,32025,15,12181,1007
tour_new4,tour,nsga_local24,74512,1024,1024,1024,1.4238069980000319,0.0736178117353597,0.0,0.0,1.0,True,31,31,0.0,0.0,0.0,71,0,71,715,28897,15,11330,990
job_new2,job,h0,74504,1024,1024,1024,4.468510314000014,0.10709050708029347,0.0003505991011946168,0.000102376675,0.9642857142857143,False,27,28,0.0003505991011946168,0.0003505990965921967,0.00010237667365565212,39,33542,0,0,0,15,5317,999
job_new2,job,nsga2_typed,74508,1024,1024,1024,1.7533522530000027,0.1562420043940645,0.0001946935055613497,0.00010441571785714235,0.9642857142857143,False,27,28,0.0001946935055613497,0.00019469350340123746,0.00010441571677803728,0,0,0,0,0,0,0,980
job_new1,job,fast_v10,74511,1024,1024,1024,2.1378300620000346,0.05731075915535851,0.0,0.0,1.0,True,20,20,0.0,0.0,0.0,0,0,0,0,0,0,0,964
rgv_new4,rgv,nsga2_typed,74509,1024,1024,1024,0.6696077259999811,0.24877306949079242,0.08099410419045534,0.10978755247142857,0.2857142857142857,False,4,7,0.08099410419045534,0.08099410419275517,0.10978755245875467,0,0,0,0,0,0,0,1020
rgv_new4,rgv,fast_h0,74505,1024,1024,1024,2.2874892050000426,0.07316064078332908,0.00398398707519065,0.0009923285428571507,0.7142857142857143,False,6,7,0.00398398707519065,0.003983987051548469,0.0009923285370787413,170,39505,0,0,0,15,4607,986
job_new3,job,nsga2_typed,74507,1024,1024,1024,1.7967347380000547,0.11832235634864599,0.012994405479088849,0.0036641240904761916,0.8095238095238095,False,18,21,0.012994405479088849,0.012994405492779795,0.0036641240909941262,0,0,0,0,0,0,0,979
tour_new4,tour,local24_random,74507,1024,1024,1024,1.1165064079999638,0.09122996351538666,0.00016715124140782872,5.8242738709676954e-05,0.9354838709677419,False,29,31,0.00016715124140782872,0.0001671512418845181,5.8242738344365644e-05,379,0,38,738,24901,0,0,928
job_new4,job,local24,74510,1024,1024,1024,1.595598418999998,0.11970850437840282,0.009263730847068599,0.003295121237499998,0.9166666666666666,False,22,24,0.009263730847068599,0.009263730846219544,0.003163316388864938,40,0,39,734,24768,15,8432,950
rgv_new4,rgv,local24,74503,1024,1024,1024,1.714869373000056,0.06686007455346181,0.0,0.0,1.0,True,7,7,0.0,0.0,0.0,122,0,52,728,35065,15,9132,979
job_new1,job,local24,74511,1024,1024,1024,1.6310047990000385,0.0535245820026084,0.0,0.0,1.0,True,20,20,0.0,0.0,0.0,20,0,24,763,26624,15,7849,967
rgv_new2,rgv,fast_v10,74503,1024,1024,1024,2.309933059000059,0.13893179204706646,0.0005003009685817641,0.0004591368166666667,0.8333333333333334,False,6,6,0.0005003009685817641,0.0005003009752577984,0.0004591368227731864,0,0,0,0,0,0,0,998
job_new1,job,local24,74505,1024,1024,1024,1.4804630759999782,0.11314929724693938,0.0,0.0,1.0,True,20,20,0.0,0.0,0.0,16,0,30,728,24132,15,7311,960
rgv_new1,rgv,nsga2_typed,74505,1024,1024,1024,1.182447508999985,0.07400309586999877,0.0,0.0,1.0,True,5,5,0.0,0.0,0.0,0,0,0,0,0,0,0,1013
tour_new3,tour,fast_v10,74504,1024,1024,1024,2.2981119400000125,0.0889732289522144,0.0,0.0,1.0,True,19,19,0.0,0.0,0.0,0,0,0,0,0,0,0,955
job_new1,job,nsga_local24,74506,1024,1024,1024,1.3976600749999761,0.12266589227231091,0.0,0.0,1.0,True,20,20,0.0,0.0,0.0,66,0,77,701,25781,15,9776,969
job_new4,job,fast_h0,74507,1024,1024,1024,2.8368454999999813,0.09048190284733643,0.00848431790374991,0.0030435081132775496,0.9166666666666666,False,23,24,0.00848431790374991,0.008484317909951062,0.0029217677918575735,27,43389,0,0,0,15,4480,952
rgv_new3,rgv,fast_v10,74505,1024,1024,1024,2.4992729520000694,0.12307099172628541,0.0,0.0,1.0,True,4,4,0.0,0.0,0.0,0,0,0,0,0,0,0,995
tour_new2,tour,local24,74512,1024,1024,1024,1.5824963039999602,0.09121714851083039,0.0,0.0,1.0,True,17,17,0.0,0.0,3.0839528461809902e-18,24,0,22,727,31659,15,8688,995
tour_new3,tour,nsga_local24,74508,1024,1024,1024,1.2401765209999667,0.14339073022413948,0.0,0.0,1.0,True,19,19,0.0,0.0,0.0,64,0,76,688,26398,15,9484,965
rgv_new3,rgv,fast_v10,74504,1024,1024,1024,2.336702278999951,0.14519390848740482,0.0036275695282931434,0.005,0.75,False,4,4,0.0036275695282931434,0.003627569528415964,0.005,0,0,0,0,0,0,0,1002
job_new4,job,fast_h0,74502,1024,1024,1024,2.834289148000039,0.10202439480411518,0.009263730847068599,0.003295121237499998,0.9166666666666666,False,22,24,0.009263730847068599,0.009263730846219544,0.003163316388864938,19,44185,0,0,0,15,4055,958
job_new4,job,local24_random,74511,1024,1024,1024,0.825919186999954,0.11109043798350475,0.009263730847068599,0.003295121237499998,0.9166666666666666,False,22,24,0.009263730847068599,0.009263730846219544,0.003163316388864938,346,0,36,717,22667,0,0,942
tour_new2,tour,nsga_local24,74501,1024,1024,1024,1.4047355620000417,0.11624745858016698,0.0006915318464574048,0.0003470553882352941,0.8823529411764706,False,15,17,0.0006915318464574048,0.0006915318524701554,0.0003277745362105506,71,0,72,706,28709,15,10538,982
job_new1,job,local24_random,74502,1024,1024,1024,0.8348296100000425,0.10333041946114759,0.0,0.0,1.0,True,20,20,0.0,0.0,0.0,395,0,32,747,26309,0,0,961
tour_new2,tour,refit32,74511,1024,1024,1024,3.0235261940000555,0.11404581311961648,0.00019924060431430744,0.00010420557647058823,0.9411764705882353,False,16,17,0.00019924060431430744,0.00019924060820149193,9.841637969830694e-05,48,37804,0,0,0,30,4611,985
job_new2,job,local24_random,74502,1024,1024,1024,0.6657926670000052,0.13555127688405152,0.0003505991011946168,0.000102376675,0.9642857142857143,False,27,28,0.0003505991011946168,0.0003505990965921967,0.00010237667365565212,535,0,51,729,30483,0,0,1001
rgv_new4,rgv,h0,74502,1024,1024,1024,4.501956285000006,0.08711442497442243,0.0,0.0,1.0,True,7,7,0.0,0.0,0.0,236,34975,0,0,0,15,5203,996
job_new4,job,fast_h0,74506,1024,1024,1024,2.5601392149999356,0.09569902825529245,0.0,0.0,1.0,True,24,24,0.0,0.0,0.0,26,41279,0,0,0,15,4579,971
job_new4,job,fast_h0,74511,1024,1024,1024,2.6311352889999853,0.09775240091057667,0.0,0.0,1.0,True,24,24,0.0,0.0,0.0,37,39042,0,0,0,15,4651,975
job_new4,job,h0,74507,1024,1024,1024,4.768900162999898,0.09048190284733643,0.00848431790374991,0.0030435081132775496,0.9166666666666666,False,23,24,0.00848431790374991,0.008484317909951062,0.0029217677918575735,27,43389,0,0,0,15,4480,952
rgv_new4,rgv,local24_random,74502,1024,1024,1024,0.925297695999916,0.10626370904591793,0.0,0.0,1.0,True,7,7,0.0,0.0,0.0,494,0,53,734,34755,0,0,999
rgv_new3,rgv,local24_random,74508,1024,1024,1024,0.7035026660000767,0.16150219932243093,0.001612253122073557,0.00555555555,0.75,False,5,4,0.001612253122073557,0.0016122531237405177,0.005555555555555556,540,0,78,696,41160,0,0,1015
tour_new1,tour,local24,74503,1024,1024,1024,1.463754138000013,0.08037293994089337,0.00035889448876713,0.00022346543571428564,0.9642857142857143,False,27,28,0.00035889448876713,0.00035889448911453437,0.00022346543629873878,49,0,45,708,29142,15,11218,996
tour_new1,tour,local24,74501,1024,1024,1024,1.3472990189999337,0.08287654255415108,0.0,0.0,1.0,True,28,28,0.0,0.0,0.0,41,0,40,742,29762,15,11188,999
rgv_new4,rgv,nsga2_typed,74506,1024,1024,1024,0.8999085610000748,0.11755390526767602,0.010518430912441836,0.002919821289055698,0.7142857142857143,False,6,7,0.010518430912441836,0.010518430946539509,0.002919821299151391,0,0,0,0,0,0,0,1022
tour_new3,tour,fast_v10,74510,1024,1024,1024,3.08084537000002,0.12836145102953161,0.0014859455010348358,0.0006363946315789473,0.9473684210526315,False,18,19,0.0014859455010348358,0.0014859454983664263,0.0006363946304566791,0,0,0,0,0,0,0,931
job_new4,job,nsga2_typed,74506,1024,1024,1024,2.0562397200000078,0.11172360018701963,0.001969745984080991,0.002155207345833334,0.875,False,21,24,0.001969745984080991,0.0019697459872643607,0.002068999055028939,0,0,0,0,0,0,0,966
rgv_new3,rgv,fast_v10,74506,1024,1024,1024,2.1718020270000125,0.12937279848288474,0.0,0.0,1.0,True,4,4,0.0,0.0,0.0,0,0,0,0,0,0,0,982
rgv_new3,rgv,h0,74510,1024,1024,1024,4.437690893000081,0.1299388395226917,0.0,0.0,1.0,True,4,4,0.0,0.0,0.0,167,36053,0,0,0,15,4799,995
tour_new4,tour,local24_random,74512,1024,1024,1024,0.8175291910000624,0.07256947605773417,0.000545721638583349,0.00014559365806451522,0.8709677419354839,False,27,31,0.000545721638583349,0.0005457216323005859,0.00014559365570216028,408,0,49,715,24858,0,0,964
rgv_new1,rgv,nsga_local24,74506,1024,1024,1024,1.0283403670000553,0.08928501390498755,0.008543861945606988,0.002504405473056643,0.8,False,5,5,0.008543861945606988,0.008543861964532521,0.002504405476783931,188,0,101,692,43727,15,17429,1023
job_new3,job,h0,74504,1024,1024,1024,4.121884935999901,0.1060602855719294,0.0,0.0,1.0,True,21,21,0.0,0.0,0.0,31,37535,0,0,0,15,4892,979
rgv_new2,rgv,local24_random,74501,1024,1024,1024,0.7962018569999145,0.06675088908888534,0.0018311751080794427,0.000936691749999996,0.6666666666666666,False,5,6,0.0018311751080794427,0.0018311751156190894,0.0009366917415888539,392,0,48,703,34031,0,0,998
rgv_new4,rgv,h0,74510,1024,1024,1024,4.326512654999988,0.1403044034089948,0.0,0.0,1.0,True,7,7,0.0,0.0,0.0,256,33058,0,0,0,15,5174,989
tour_new2,tour,local24,74507,1024,1024,1024,1.8003964420000784,0.07836292467438985,0.0,0.0,1.0,True,17,17,0.0,0.0,3.0839528461809902e-18,33,0,29,735,34189,15,9921,989
rgv_new1,rgv,h0,74511,1024,1024,1024,4.503949409000029,0.0902273500587012,0.0,0.0,1.0,True,5,5,0.0,0.0,0.0,105,28457,0,0,0,15,5730,1009
rgv_new1,rgv,fast_v10,74505,1024,1024,1024,1.5026867420000372,0.10672133168711659,0.0,0.0,1.0,True,5,5,0.0,0.0,0.0,0,0,0,0,0,0,0,1015
tour_new2,tour,refit32,74512,1024,1024,1024,3.7243422960000316,0.10890242543337114,0.0,0.0,1.0,True,17,17,0.0,0.0,3.0839528461809902e-18,17,41103,0,0,0,30,4472,972
rgv_new2,rgv,local24,74503,1024,1024,1024,1.534771298999999,0.13589515150702824,0.0,0.0,1.0,True,6,6,0.0,0.0,0.0,168,0,55,719,34044,15,10353,988
job_new4,job,nsga2_typed,74504,1024,1024,1024,2.0933370599999535,0.1475937690355847,0.0180202346616825,0.00883630024785985,0.8333333333333334,False,24,24,0.0180202346616825,0.018020234667251965,0.008482848238151552,0,0,0,0,0,0,0,969
tour_new1,tour,fast_v10,74502,1024,1024,1024,2.104999055999997,0.10977913819760347,0.003504387350116342,0.0013210034321428572,0.8928571428571429,False,26,28,0.003504387350116342,0.003504387349143015,0.001321003434813893,0,0,0,0,0,0,0,986
tour_new1,tour,fast_h0,74512,1024,1024,1024,2.025666738000041,0.07866284696882436,0.00035889448876713,0.00022346543571428564,0.9642857142857143,False,27,28,0.00035889448876713,0.00035889448911453437,0.00022346543629873878,43,32404,0,0,0,15,5275,1002
job_new2,job,local24_random,74508,1024,1024,1024,0.8082061710000517,0.12068555936456231,0.000890691234629114,0.0002926798678571427,0.9285714285714286,False,27,28,0.000890691234629114,0.0008906912294536366,0.00029267986628753434,436,0,53,698,27329,0,0,975
job_new3,job,nsga2_typed,74511,1024,1024,1024,1.8964046329999746,0.1846515574958061,0.010709869619827912,0.0029088983666666676,0.7619047619047619,False,19,21,0.010709869619827912,0.010709869627172906,0.0029088983655644004,0,0,0,0,0,0,0,984
tour_new4,tour,refit32,74511,1024,1024,1024,3.0337494610000704,0.07211673299318644,0.00016655767076836952,5.4005464516129035e-05,0.967741935483871,False,30,31,0.00016655767076836952,0.0001665576713261272,5.40054646966535e-05,35,38653,0,0,0,30,4810,981
tour_new4,tour,fast_h0,74502,1024,1024,1024,2.717313573999945,0.05994282051508607,0.0,0.0,1.0,True,31,31,0.0,0.0,0.0,37,36637,0,0,0,15,4936,990
rgv_new3,rgv,nsga2_typed,74509,1024,1024,1024,1.3996006759999773,0.19428876856988472,0.0,0.0,1.0,True,4,4,0.0,0.0,0.0,0,0,0,0,0,0,0,1015
job_new3,job,refit32,74505,1024,1024,1024,2.996788725999977,0.0800858292435195,0.011017472567201241,0.002890364847619046,0.8095238095238095,False,20,21,0.011017472567201241,0.011017472561184892,0.0028903648451073984,38,34152,0,0,0,30,5423,1000
job_new1,job,fast_v10,74502,1024,1024,1024,2.6096848690000343,0.10298297137627432,0.0,0.0,1.0,True,20,20,0.0,0.0,0.0,0,0,0,0,0,0,0,951
tour_new2,tour,local24_random,74511,1024,1024,1024,0.7310147050000069,0.14235558461637815,0.0,0.0,1.0,True,17,17,0.0,0.0,3.0839528461809902e-18,484,0,56,714,34079,0,0,996
rgv_new3,rgv,nsga2_typed,74512,1024,1024,1024,1.4981773060000023,0.06586754987538937,0.01128577186539797,0.0050000000000000044,0.75,False,4,4,0.01128577186539797,0.01128577186618282,0.0050000000000000044,0,0,0,0,0,0,0,1010
rgv_new4,rgv,local24,74505,1024,1024,1024,1.828596757000014,0.07725082047748547,0.00398398707519065,0.0009923285428571507,0.7142857142857143,False,6,7,0.00398398707519065,0.003983987051548469,0.0009923285370787413,160,0,63,707,33783,15,8908,985
rgv_new3,rgv,refit32,74507,1024,1024,1024,2.773434420000058,0.09578010268584111,0.0,0.0,1.0,True,4,4,0.0,0.0,0.0,138,36974,0,0,0,30,4704,976
tour_new1,tour,local24_random,74503,1024,1024,1024,0.6832724439999538,0.09961901562647682,0.00035889448876713,0.00022346543571428564,0.9642857142857143,False,27,28,0.00035889448876713,0.00035889448911453437,0.00022346543629873878,464,0,59,711,28292,0,0,986
rgv_new2,rgv,local24_random,74503,1024,1024,1024,0.9006649140000036,0.11842790986845705,0.0,0.0,1.0,True,6,6,0.0,0.0,0.0,377,0,55,708,33944,0,0,995
job_new3,job,h0,74501,1024,1024,1024,3.952887889000067,0.13660155257634943,0.010555153487195261,0.0025461603000000005,0.8095238095238095,False,20,21,0.010555153487195261,0.010555153485475288,0.002546160300416075,40,33200,0,0,0,15,5097,988
rgv_new2,rgv,fast_h0,74508,1024,1024,1024,2.3798111039999412,0.07342210685530448,0.0,0.0,1.0,True,6,6,0.0,0.0,0.0,214,38724,0,0,0,15,4682,984
tour_new1,tour,local24_random,74506,1024,1024,1024,0.6385828170000423,0.04728173989213994,0.00035889448876713,0.00022346543571428564,0.9642857142857143,False,27,28,0.00035889448876713,0.00035889448911453437,0.00022346543629873878,489,0,39,741,29998,0,0,991
job_new1,job,h0,74505,1024,1024,1024,4.8157269829999905,0.11400350950055924,0.0,0.0,1.0,True,20,20,0.0,0.0,0.0,17,44885,0,0,0,15,4150,963
rgv_new1,rgv,nsga2_typed,74502,1024,1024,1024,1.0055766099999346,0.15598227961280203,0.0,0.0,1.0,True,5,5,0.0,0.0,0.0,0,0,0,0,0,0,0,1018
rgv_new3,rgv,fast_v10,74503,1024,1024,1024,1.6739719050000303,0.10751800641184613,0.0,0.0,1.0,True,4,4,0.0,0.0,0.0,0,0,0,0,0,0,0,990
rgv_new2,rgv,local24,74511,1024,1024,1024,1.4914739569999256,0.11083956505515964,0.0,0.0,1.0,True,6,6,0.0,0.0,0.0,158,0,57,703,32934,15,8857,984
job_new1,job,local24,74512,1024,1024,1024,1.527927634999969,0.06268488675196432,0.0,0.0,1.0,True,20,20,0.0,0.0,0.0,18,0,27,741,25674,15,7763,960
tour_new1,tour,h0,74506,1024,1024,1024,3.6451181749999932,0.04511274832574469,0.00035889448876713,0.00022346543571428564,0.9642857142857143,False,27,28,0.00035889448876713,0.00035889448911453437,0.00022346543629873878,37,33622,0,0,0,15,5354,994
job_new4,job,fast_v10,74510,1024,1024,1024,2.281033238999953,0.13608431798323545,0.00026922066809726244,0.0004387950208333315,0.9583333333333334,False,23,24,0.00026922066809726244,0.0002692206695362354,0.0004212432215436879,0,0,0,0,0,0,0,944
job_new4,job,local24,74508,1024,1024,1024,1.2898463489999585,0.09970051758388679,0.009263730847068599,0.003295121237499998,0.9166666666666666,False,22,24,0.009263730847068599,0.009263730846219544,0.003163316388864938,35,0,32,718,23622,15,7651,939
tour_new4,tour,nsga2_typed,74502,1024,1024,1024,2.148046407000038,0.10913300775063572,0.00016715124140782872,5.8242738709676954e-05,0.9354838709677419,False,29,31,0.00016715124140782872,0.0001671512418845181,5.8242738344365644e-05,0,0,0,0,0,0,0,974
rgv_new2,rgv,nsga_local24,74504,1024,1024,1024,0.9157846760000439,0.11674844555847808,0.0018025045645556387,0.00047755491666665967,0.8333333333333334,False,5,6,0.0018025045645556387,0.0018025045726244961,0.00047755491881566287,256,0,94,656,40303,15,15730,1022
tour_new4,tour,fast_v10,74504,1024,1024,1024,1.9046658440000783,0.046547663012072804,0.00046398655467099614,0.00017625267741935483,0.9354838709677419,False,29,31,0.00046398655467099614,0.0004639865571669093,0.00017625267842151198,0,0,0,0,0,0,0,973
job_new3,job,fast_v10,74505,1024,1024,1024,1.6212566619999507,0.09797978092768451,0.01117218869983389,0.003253102914285713,0.7619047619047619,False,19,21,0.01117218869983389,0.011172188702882512,0.0032531029102557244,0,0,0,0,0,0,0,978
tour_new4,tour,local24_random,74506,1024,1024,1024,0.9510263230000646,0.08126124003439333,0.0021677348054788548,0.0011718395419354837,0.8387096774193549,False,27,31,0.0021677348054788548,0.002167734793883435,0.0011718395395167104,390,0,40,727,25355,0,0,958
job_new2,job,refit32,74509,1024,1024,1024,2.4947067109999352,0.1095642486979542,0.0021117482125827614,0.001429364367857143,0.9285714285714286,False,27,28,0.0021117482125827614,0.002111748213178134,0.001429364367334283,33,34208,0,0,0,30,5144,986
tour_new4,tour,h0,74507,1024,1024,1024,4.9659945459999335,0.07703663663609263,0.00016655767076836952,5.4005464516129035e-05,0.967741935483871,False,30,31,0.00016655767076836952,0.0001665576713261272,5.40054646966535e-05,18,43968,0,0,0,15,4268,968
rgv_new3,rgv,local24_random,74506,1024,1024,1024,0.8874323129999766,0.12058601895742649,0.0,0.0,1.0,True,4,4,0.0,0.0,0.0,329,0,38,731,36453,0,0,969
tour_new4,tour,refit32,74506,1024,1024,1024,2.730469102000029,0.08272542368275451,0.0,0.0,1.0,True,31,31,0.0,0.0,0.0,36,41469,0,0,0,30,4670,978
job_new2,job,local24_random,74503,1024,1024,1024,0.689298196999971,0.08693886463096283,0.0003505991011946168,0.000102376675,0.9642857142857143,False,27,28,0.0003505991011946168,0.0003505990965921967,0.00010237667365565212,443,0,37,742,29108,0,0,978
tour_new1,tour,nsga2_typed,74501,1024,1024,1024,1.2908305109999674,0.1593762726724583,1.6783541408679755e-05,4.8091892857141504e-05,0.9642857142857143,False,27,28,1.6783541408679755e-05,1.6783540882445405e-05,4.80918914996163e-05,0,0,0,0,0,0,0,999
job_new1,job,h0,74507,1024,1024,1024,4.620985424999958,0.1395315362521183,0.0,0.0,1.0,True,20,20,0.0,0.0,0.0,25,44040,0,0,0,15,4061,945
rgv_new4,rgv,nsga_local24,74506,1024,1024,1024,1.0645357890000469,0.07557624846529601,0.0005760915736788369,0.0007633296428571428,0.8571428571428571,False,7,7,0.0005760915736788369,0.0005760915789585081,0.0007633296439067211,270,0,100,662,37785,15,15462,1013
rgv_new1,rgv,h0,74501,1024,1024,1024,3.7577052760000242,0.0336057501791471,0.0,0.0,1.0,True,5,5,0.0,0.0,0.0,138,29342,0,0,0,15,5755,1001
tour_new3,tour,nsga_local24,74511,1024,1024,1024,1.4337336559999585,0.13594780998866668,0.0,0.0,1.0,True,19,19,0.0,0.0,0.0,43,0,76,681,26678,15,9531,962
job_new2,job,local24,74505,1024,1024,1024,1.5371154810000007,0.10051824997315832,0.0,0.0,1.0,True,28,28,0.0,0.0,0.0,65,0,55,698,31032,15,12419,1000
tour_new2,tour,refit32,74506,1024,1024,1024,3.1785079679999626,0.10231527089125318,0.0,0.0,1.0,True,17,17,0.0,0.0,3.0839528461809902e-18,24,38994,0,0,0,30,4703,978
tour_new2,tour,local24,74510,1024,1024,1024,1.5929221369999595,0.0971597462375896,0.0,0.0,1.0,True,17,17,0.0,0.0,3.0839528461809902e-18,51,0,47,700,32126,15,9950,973
job_new3,job,refit32,74510,1024,1024,1024,2.752877427000044,0.09924968153851174,0.011043463787150848,0.002890364847619046,0.8095238095238095,False,19,21,0.011043463787150848,0.011043463778897724,0.0028903648451073984,24,37004,0,0,0,30,5095,991
job_new2,job,fast_v10,74511,1024,1024,1024,1.906284952999954,0.1627861025470419,0.0003505991011946168,0.000102376675,0.9642857142857143,False,27,28,0.0003505991011946168,0.0003505990965921967,0.00010237667365565212,0,0,0,0,0,0,0,986
job_new1,job,local24_random,74505,1024,1024,1024,1.0815668870000081,0.13202069771748698,0.0,0.0,1.0,True,20,20,0.0,0.0,0.0,369,0,37,711,24365,0,0,962
tour_new2,tour,local24,74511,1024,1024,1024,1.6767873439999903,0.11449877934570048,0.0,0.0,1.0,True,17,17,0.0,0.0,3.0839528461809902e-18,30,0,28,732,32946,15,10084,981
job_new3,job,fast_h0,74501,1024,1024,1024,3.0295326730000625,0.13660155257634943,0.010555153487195261,0.0025461603000000005,0.8095238095238095,False,20,21,0.010555153487195261,0.010555153485475288,0.002546160300416075,40,33200,0,0,0,15,5097,988
job_new1,job,fast_h0,74506,1024,1024,1024,3.3015475030000516,0.09269105891491501,0.0,0.0,1.0,True,20,20,0.0,0.0,0.0,28,42264,0,0,0,15,4261,968
job_new4,job,nsga2_typed,74509,1024,1024,1024,1.8826456570000119,0.12500918175396655,0.00019554564682669037,0.000496257345833333,0.9583333333333334,False,23,24,0.00019554564682669037,0.00019554564580610113,0.00047640705073175303,0,0,0,0,0,0,0,982
rgv_new2,rgv,nsga_local24,74510,1024,1024,1024,1.3367173299999422,0.13479132933779678,0.0076355265672835015,0.002369356499999992,0.5,False,5,6,0.0076355265672835015,0.007635526544899815,0.0023693564980358565,254,0,101,654,44534,15,16380,1020
tour_new1,tour,refit32,74505,1024,1024,1024,2.6617866799999774,0.0776187541436661,0.00035889448876713,0.00022346543571428564,0.9642857142857143,False,27,28,0.00035889448876713,0.00035889448911453437,0.00022346543629873878,45,31508,0,0,0,30,5345,999
rgv_new4,rgv,nsga_local24,74512,1024,1024,1024,1.1648963760000015,0.027365351274802125,0.009199131863848697,0.001953156285714305,0.5714285714285714,False,5,7,0.009199131863848697,0.009199131871593309,0.0019531562874441433,217,0,86,682,43559,15,15834,1018
job_new4,job,local24,74503,1024,1024,1024,1.6153107769999906,0.1213831954117025,0.0,0.0,1.0,True,24,24,0.0,0.0,0.0,57,0,45,742,26107,15,9086,963
job_new3,job,local24,74501,1024,1024,1024,1.643508484999984,0.15262603132985417,0.011163191867951767,0.003253102914285713,0.7619047619047619,False,19,21,0.011163191867951767,0.011163191859932186,0.0032531029102557244,37,0,44,704,28495,15,10255,978
tour_new3,tour,refit32,74503,1024,1024,1024,5.974133865999988,0.11742980820124208,0.0,0.0,1.0,True,19,19,0.0,0.0,0.0,29,47515,0,0,0,30,4059,953
job_new4,job,refit32,74501,1024,1024,1024,3.089932208999926,0.09620912882652818,0.00026922066809726244,0.0004387950208333315,0.9583333333333334,False,23,24,0.00026922066809726244,0.0002692206695362354,0.0004212432215436879,28,43453,0,0,0,30,4337,941
rgv_new2,rgv,fast_h0,74501,1024,1024,1024,2.722415948999924,0.057887652498241994,0.0,0.0,1.0,True,6,6,0.0,0.0,0.0,226,36495,0,0,0,15,4698,995
rgv_new2,rgv,h0,74503,1024,1024,1024,4.921175614999925,0.13463040658724976,0.0018025045645556387,0.00047755491666665967,0.8333333333333334,False,5,6,0.0018025045645556387,0.0018025045726244961,0.00047755491881566287,248,36245,0,0,0,15,4689,991
tour_new1,tour,nsga2_typed,74506,1024,1024,1024,1.4852750150000702,0.057486383014460074,0.0,0.0,1.0,True,28,28,0.0,0.0,0.0,0,0,0,0,0,0,0,979
tour_new2,tour,h0,74510,1024,1024,1024,4.468156528999998,0.10018864285541147,0.0,0.0,1.0,True,17,17,0.0,0.0,3.0839528461809902e-18,36,36383,0,0,0,15,4793,986
job_new2,job,nsga_local24,74512,1024,1024,1024,1.0680048869999155,0.145979833819236,0.00046742377871059727,0.00039502307857142583,0.9285714285714286,False,26,28,0.00046742377871059727,0.0004674237745631528,0.0003950230794897601,77,0,81,674,28508,15,11618,976
tour_new4,tour,nsga2_typed,74512,1024,1024,1024,2.1200743189999685,0.09189047338505855,0.0004602777554333162,0.00018048995161290275,0.9032258064516129,False,29,31,0.0004602777554333162,0.00046027775733121563,0.00018048995206922414,0,0,0,0,0,0,0,971
rgv_new4,rgv,nsga2_typed,74504,1024,1024,1024,0.9390506969999706,0.19150028701100988,0.007551947133447506,0.001550741800000017,0.7142857142857143,False,5,7,0.007551947133447506,0.007551947136652168,0.0015507418005226148,0,0,0,0,0,0,0,1019
tour_new4,tour,nsga_local24,74502,1024,1024,1024,1.176694624999982,0.08276953872936992,0.0,0.0,1.0,True,31,31,0.0,0.0,0.0,64,0,69,726,28285,15,11064,979
job_new4,job,fast_v10,74503,1024,1024,1024,2.060173897000027,0.16100356368242913,0.009263730847068599,0.003295121237499998,0.9166666666666666,False,22,24,0.009263730847068599,0.009263730846219544,0.003163316388864938,0,0,0,0,0,0,0,972
tour_new4,tour,local24,74501,1024,1024,1024,1.563909501000012,0.05113313902013722,0.00028154588870453175,0.00020664764516129032,0.9354838709677419,False,30,31,0.00028154588870453175,0.0002815458897485822,0.00020664764572607741,36,0,38,726,27668,15,10104,981
rgv_new2,rgv,nsga2_typed,74504,1024,1024,1024,1.4116155450000178,0.15767392545397804,0.0018025045645556387,0.00047755491666665967,0.8333333333333334,False,5,6,0.0018025045645556387,0.0018025045726244961,0.00047755491881566287,0,0,0,0,0,0,0,1011
tour_new3,tour,nsga_local24,74512,1024,1024,1024,1.4127093079999895,0.12944937679117435,0.0,0.0,1.0,True,19,19,0.0,0.0,0.0,58,0,81,686,25971,15,9225,954
tour_new4,tour,local24_random,74501,1024,1024,1024,0.9242715809999709,0.0560620454386765,0.0032448003377159103,0.0015864287451612896,0.8064516129032258,False,27,31,0.0032448003377159103,0.0032448003404005675,0.001586428744905133,411,0,37,737,25382,0,0,966
rgv_new1,rgv,local24,74505,1024,1024,1024,1.44055493999997,0.08619789592128672,0.0,0.0,1.0,True,5,5,0.0,0.0,0.0,141,0,55,714,40140,15,11799,1017
tour_new3,tour,h0,74506,1024,1024,1024,5.59015684499991,0.11537891460502972,0.0,0.0,1.0,True,19,19,0.0,0.0,0.0,22,44828,0,0,0,15,4135,941
rgv_new3,rgv,refit32,74501,1024,1024,1024,2.915091269999948,0.06621628726470516,0.0,0.0,1.0,True,4,4,0.0,0.0,0.0,163,39253,0,0,0,30,4490,981
job_new1,job,refit32,74509,1024,1024,1024,3.16596658200001,0.07935569955616487,0.0,0.0,1.0,True,20,20,0.0,0.0,0.0,16,43633,0,0,0,30,4145,956
tour_new1,tour,local24_random,74509,1024,1024,1024,0.7191188020000254,0.08906691731474302,0.0034225353813280403,0.0011167791357142858,0.9642857142857143,False,28,28,0.0034225353813280403,0.003422535378860794,0.0011167791349058283,467,0,55,709,27910,0,0,992
rgv_new3,rgv,nsga2_typed,74506,1024,1024,1024,1.6734895499999993,0.13648423670497717,0.0,0.0,1.0,True,4,4,0.0,0.0,0.0,0,0,0,0,0,0,0,1002
rgv_new1,rgv,local24,74502,1024,1024,1024,1.5854406130000598,0.08810586478408719,0.0,0.0,1.0,True,5,5,0.0,0.0,0.0,118,0,68,683,37577,15,11592,998
job_new4,job,nsga2_typed,74512,1024,1024,1024,1.830255469000008,0.1311240170627987,0.00848431790374991,0.0030435081132775496,0.9166666666666666,False,23,24,0.00848431790374991,0.008484317909951062,0.0029217677918575735,0,0,0,0,0,0,0,960
tour_new3,tour,nsga_local24,74509,1024,1024,1024,1.5882108020000487,0.08987572014663224,0.0,0.0,1.0,True,19,19,0.0,0.0,0.0,49,0,69,695,27162,15,9382,962
tour_new3,tour,local24_random,74508,1024,1024,1024,1.1304621360000056,0.10230756536508803,0.0,0.0,1.0,True,19,19,0.0,0.0,0.0,382,0,39,723,27669,0,0,946
rgv_new2,rgv,fast_v10,74508,1024,1024,1024,2.2545923970000104,0.07397286799404729,0.0,0.0,1.0,True,6,6,0.0,0.0,0.0,0,0,0,0,0,0,0,986
job_new4,job,fast_h0,74501,1024,1024,1024,2.3237019470000178,0.1001498771574156,0.0,0.0,1.0,True,24,24,0.0,0.0,0.0,29,39938,0,0,0,15,4771,966
rgv_new4,rgv,local24,74509,1024,1024,1024,1.6009784640000362,0.09822704111522831,0.005965403603257758,0.001207243457142864,0.8571428571428571,False,6,7,0.005965403603257758,0.005965403620548808,0.001207243460764586,218,0,97,680,36898,15,11511,1008
rgv_new1,rgv,fast_h0,74504,1024,1024,1024,2.1603191009999136,0.15286865907225278,0.008543861945606988,0.002504405473056643,0.8,False,5,5,0.008543861945606988,0.008543861964532521,0.002504405476783931,150,25437,0,0,0,15,5852,1013
tour_new1,tour,h0,74503,1024,1024,1024,3.9670941359999006,0.09136190050287166,0.0,0.0,1.0,True,28,28,0.0,0.0,0.0,38,34088,0,0,0,15,5174,995
rgv_new2,rgv,fast_h0,74512,1024,1024,1024,2.8995614630000546,0.017610737688523986,2.867054352380394e-05,0.0004591368333333364,0.8333333333333334,False,6,6,2.867054352380394e-05,2.8670542994593186e-05,0.00045913682277319107,223,37728,0,0,0,15,4804,984
tour_new3,tour,fast_h0,74511,1024,1024,1024,3.199860166999997,0.09428575942388771,0.0,0.0,1.0,True,19,19,0.0,0.0,0.0,21,47989,0,0,0,15,3745,961
rgv_new3,rgv,refit32,74504,1024,1024,1024,3.2376399060000267,0.13369609027934032,0.0,0.0,1.0,True,4,4,0.0,0.0,0.0,216,34097,0,0,0,30,5260,992
tour_new4,tour,fast_h0,74504,1024,1024,1024,2.801921800999935,0.04359721661253477,0.00029742888390262663,0.0001222472129032258,0.967741935483871,False,30,31,0.00029742888390262663,0.0002974288858407821,0.0001222472137248585,39,40431,0,0,0,15,4686,974
rgv_new3,rgv,local24_random,74504,1024,1024,1024,0.8193706209999618,0.12403308623443328,0.0,0.0,1.0,True,4,4,0.0,0.0,0.0,395,0,45,726,36321,0,0,999
job_new1,job,refit32,74505,1024,1024,1024,2.9147753489999104,0.09630350554212774,0.0,0.0,1.0,True,20,20,0.0,0.0,0.0,16,44797,0,0,0,30,4208,959
job_new1,job,h0,74501,1024,1024,1024,5.147376638999958,0.10542160261841313,0.0,0.0,1.0,True,20,20,0.0,0.0,0.0,10,44539,0,0,0,15,4187,944
tour_new2,tour,h0,74504,1024,1024,1024,4.165289734999988,0.09473514404895432,0.0,0.0,1.0,True,17,17,0.0,0.0,3.0839528461809902e-18,36,38322,0,0,0,15,4885,984
tour_new3,tour,nsga2_typed,74505,1024,1024,1024,1.7381597480000437,0.17700326040100367,0.0014859455010348358,0.0006363946315789473,0.9473684210526315,False,18,19,0.0014859455010348358,0.0014859454983664263,0.0006363946304566791,0,0,0,0,0,0,0,974
rgv_new4,rgv,h0,74506,1024,1024,1024,4.746297823000077,0.0842500722204492,0.005965403603257758,0.001207243457142864,0.8571428571428571,False,6,7,0.005965403603257758,0.005965403620548808,0.001207243460764586,191,38708,0,0,0,15,4731,998
job_new4,job,nsga_local24,74507,1024,1024,1024,1.3926247100000637,0.13192780304323407,0.00026922066809726244,0.0004387950208333315,0.9583333333333334,False,23,24,0.00026922066809726244,0.0002692206695362354,0.0004212432215436879,72,0,75,678,24651,15,9486,959
rgv_new1,rgv,fast_h0,74506,1024,1024,1024,2.269607343999951,0.09365686373381117,0.008543861945606988,0.002504405473056643,0.8,False,5,5,0.008543861945606988,0.008543861964532521,0.002504405476783931,148,25419,0,0,0,15,5916,1011
job_new2,job,nsga2_typed,74511,1024,1024,1024,1.3414579390000654,0.19193875787809309,0.024464500453074346,0.014042145012652088,0.6071428571428571,False,22,28,0.024464500453074346,0.024464500455629833,0.014042145014956606,0,0,0,0,0,0,0,1000
tour_new1,tour,h0,74511,1024,1024,1024,4.132791486999963,0.06918061948059728,0.00035889448876713,0.00022346543571428564,0.9642857142857143,False,27,28,0.00035889448876713,0.00035889448911453437,0.00022346543629873878,44,31635,0,0,0,15,5321,1000
job_new1,job,local24,74507,1024,1024,1024,2.3417220430000043,0.13882124927188536,0.0,0.0,1.0,True,20,20,0.0,0.0,0.0,22,0,35,725,25602,15,8968,956
job_new4,job,nsga2_typed,74511,1024,1024,1024,1.7778933120000602,0.14049076189743148,0.010267849101291245,0.004571708429166667,0.875,False,21,24,0.010267849101291245,0.010267849100338003,0.004388840093434379,0,0,0,0,0,0,0,977
tour_new3,tour,refit32,74511,1024,1024,1024,3.0372613939999837,0.08765724524101717,0.0,0.0,1.0,True,19,19,0.0,0.0,0.0,24,44135,0,0,0,30,3939,964
job_new2,job,local24_random,74501,1024,1024,1024,0.7143527189999759,0.12545640430147054,0.0005173159285233167,0.00017591380714285668,0.9285714285714286,False,26,28,0.0005173159285233167,0.0005173159240015788,0.0001759138058284967,500,0,57,708,29193,0,0,997
rgv_new1,rgv,nsga_local24,74510,1024,1024,1024,1.3226273129999981,0.09899456002204556,0.0,0.0,1.0,True,5,5,0.0,0.0,0.0,190,0,112,650,36112,15,14947,1015
rgv_new3,rgv,local24_random,74505,1024,1024,1024,0.6439979140000105,0.09733802990639015,0.0,0.0,1.0,True,4,4,0.0,0.0,0.0,379,0,53,715,36055,0,0,987
tour_new4,tour,fast_v10,74506,1024,1024,1024,1.8435353730000088,0.10457560629216618,0.0002985176927705321,0.00012648448709677373,0.9354838709677419,False,29,31,0.0002985176927705321,0.0002985176945670946,0.00012648448737257064,0,0,0,0,0,0,0,968
job_new1,job,fast_v10,74508,1024,1024,1024,2.1329277150000507,0.09111944207170838,0.0,0.0,1.0,True,20,20,0.0,0.0,0.0,0,0,0,0,0,0,0,972
job_new3,job,local24,74502,1024,1024,1024,1.167629502000068,0.09386504087629935,0.0006200811698128777,0.0007626177476190458,0.9047619047619048,False,20,21,0.0006200811698128777,0.0006200811653933525,0.0007626177426425187,35,0,43,740,31794,15,11704,992
tour_new2,tour,nsga_local24,74506,1024,1024,1024,1.3763099649999049,0.11391176183516327,0.0,0.0,1.0,True,17,17,0.0,0.0,0.0,61,0,75,714,30510,15,11454,982
job_new1,job,nsga2_typed,74505,1024,1024,1024,2.0007443339999327,0.17018812158363392,0.0,0.0,1.0,True,20,20,0.0,0.0,0.0,0,0,0,0,0,0,0,960
job_new2,job,nsga_local24,74511,1024,1024,1024,1.2685786030000372,0.13876617634233163,0.0003505991011946168,0.000102376675,0.9642857142857143,False,27,28,0.0003505991011946168,0.0003505990965921967,0.00010237667365565212,82,0,76,699,29305,15,11728,988
rgv_new4,rgv,h0,74505,1024,1024,1024,4.677509392000047,0.07316064078332908,0.00398398707519065,0.0009923285428571507,0.7142857142857143,False,6,7,0.00398398707519065,0.003983987051548469,0.0009923285370787413,170,39505,0,0,0,15,4607,986
rgv_new1,rgv,fast_v10,74511,1024,1024,1024,1.5904977040000858,0.0898216902727037,0.0,0.0,1.0,True,5,5,0.0,0.0,0.0,0,0,0,0,0,0,0,1009
rgv_new3,rgv,h0,74508,1024,1024,1024,4.550854522999998,0.12037922997444102,0.0,0.0,1.0,True,4,4,0.0,0.0,0.0,175,37566,0,0,0,15,4782,981
tour_new4,tour,h0,74502,1024,1024,1024,3.7525214799999276,0.05994282051508607,0.0,0.0,1.0,True,31,31,0.0,0.0,0.0,37,36637,0,0,0,15,4936,990
rgv_new1,rgv,local24,74504,1024,1024,1024,1.5016078700000435,0.14872154649612826,0.0,0.0,1.0,True,5,5,0.0,0.0,0.0,96,0,50,734,40168,15,12636,1011
rgv_new2,rgv,refit32,74509,1024,1024,1024,2.8677227099999527,0.1212595872090689,0.0,0.0,1.0,True,6,6,0.0,0.0,0.0,221,37416,0,0,0,30,4818,997
rgv_new2,rgv,refit32,74511,1024,1024,1024,3.907323674000054,0.11119433185947003,0.0,0.0,1.0,True,6,6,0.0,0.0,0.0,214,38817,0,0,0,30,4590,978
rgv_new3,rgv,fast_h0,74501,1024,1024,1024,3.109044264999966,0.07138250705870511,0.0,0.0,1.0,True,4,4,0.0,0.0,0.0,153,37015,0,0,0,15,4551,980
rgv_new1,rgv,nsga2_typed,74511,1024,1024,1024,1.0375508439999521,0.29029414072340876,0.0,0.0,1.0,True,5,5,0.0,0.0,0.0,0,0,0,0,0,0,0,1014
job_new3,job,local24,74511,1024,1024,1024,1.6518423690000645,0.1000873491287213,0.0005003530890119581,0.00039987968095237897,0.9523809523809523,False,20,21,0.0005003530890119581,0.0005003530843588904,0.0003998796774941928,43,0,45,730,30152,15,11336,984
rgv_new4,rgv,fast_v10,74509,1024,1024,1024,1.860022957999945,0.10267861427267447,0.005965403603257758,0.001207243457142864,0.8571428571428571,False,6,7,0.005965403603257758,0.005965403620548808,0.001207243460764586,0,0,0,0,0,0,0,1011
rgv_new2,rgv,local24,74508,1024,1024,1024,1.9642369470000176,0.07307464480215312,0.0018025045645556387,0.00047755491666665967,0.8333333333333334,False,5,6,0.0018025045645556387,0.0018025045726244961,0.00047755491881566287,176,0,61,693,33980,15,8758,970
tour_new1,tour,refit32,74511,1024,1024,1024,3.1647624390000146,0.06753808077868956,0.0,0.0,1.0,True,28,28,0.0,0.0,0.0,49,32771,0,0,0,30,5431,996
rgv_new4,rgv,local24,74501,1024,1024,1024,1.6892546059999631,0.0586615369097964,0.0016344924009536919,0.0009923285428571507,0.7142857142857143,False,7,7,0.0016344924009536919,0.0016344923868122163,0.0009923285370787413,161,0,70,699,32722,15,9904,992
tour_new3,tour,nsga_local24,74503,1024,1024,1024,1.1780544439999403,0.13922582825911176,0.0,0.0,1.0,True,19,19,0.0,0.0,0.0,56,0,73,688,27069,15,9466,967
tour_new4,tour,nsga2_typed,74503,1024,1024,1024,1.8522876800000176,0.0721432672695901,5.935706394592024e-07,4.23727419354792e-06,0.967741935483871,False,30,31,5.935706394592024e-07,5.935705586118262e-07,4.237273647712142e-06,0,0,0,0,0,0,0,976
rgv_new3,rgv,fast_v10,74510,1024,1024,1024,2.233462937000013,0.134025550696717,0.01128577186539797,0.0050000000000000044,0.75,False,4,4,0.01128577186539797,0.01128577186618282,0.0050000000000000044,0,0,0,0,0,0,0,988
rgv_new3,rgv,local24_random,74502,1024,1024,1024,0.9003057730000137,0.12997914586281803,0.0056428859345127305,0.0050000000000000044,0.75,False,5,4,0.0056428859345127305,0.00564288593309141,0.0050000000000000044,422,0,55,721,39665,0,0,986
tour_new2,tour,fast_v10,74510,1024,1024,1024,1.7656883289999996,0.11803595314574974,0.0006915318464574048,0.0003470553882352941,0.8823529411764706,False,15,17,0.0006915318464574048,0.0006915318524701554,0.0003277745362105537,0,0,0,0,0,0,0,990
rgv_new1,rgv,nsga2_typed,74504,1024,1024,1024,1.430331649999971,0.17257479084402744,0.0017087723885628081,0.0019047619,0.8,False,4,5,0.0017087723885628081,0.0017087723929064642,0.001904761904761905,0,0,0,0,0,0,0,1014
job_new4,job,refit32,74508,1024,1024,1024,2.958809072000008,0.10539458038400411,0.00848431790374991,0.0030435081132775496,0.9166666666666666,False,23,24,0.00848431790374991,0.008484317909951062,0.0029217677918575735,36,40414,0,0,0,30,4538,958
tour_new2,tour,fast_h0,74512,1024,1024,1024,2.8785607960001016,0.11336579190617146,0.00019924060431430744,0.00010420557647058823,0.9411764705882353,False,16,17,0.00019924060431430744,0.00019924060820149193,9.841637969830694e-05,20,43302,0,0,0,15,4144,972
tour_new4,tour,refit32,74507,1024,1024,1024,2.771517237000012,0.06481889710381986,0.00016655767076836952,5.4005464516129035e-05,0.967741935483871,False,30,31,0.00016655767076836952,0.0001665576713261272,5.40054646966535e-05,22,38656,0,0,0,30,4511,978
job_new1,job,fast_v10,74504,1024,1024,1024,2.2503791389999606,0.11960142491473584,0.0,0.0,1.0,True,20,20,0.0,0.0,0.0,0,0,0,0,0,0,0,958
job_new4,job,nsga_local24,74502,1024,1024,1024,1.3282943929999647,0.09585831538107499,0.0,0.0,1.0,True,24,24,0.0,0.0,0.0,45,0,70,700,26547,15,9812,975
tour_new4,tour,h0,74505,1024,1024,1024,4.896546769999986,0.08236701828499808,0.0005437398504466922,0.00013711910967741938,0.9354838709677419,False,29,31,0.0005437398504466922,0.0005437398444195034,0.00013711910840673598,39,39146,0,0,0,15,4592,976
job_new1,job,h0,74503,1024,1024,1024,4.876450857999998,0.13623894416605842,0.0,0.0,1.0,True,20,20,0.0,0.0,0.0,29,42789,0,0,0,15,4283,963
job_new2,job,local24_random,74510,1024,1024,1024,0.6582524090000561,0.12318586055274446,0.00036141033289004956,0.00017795284999999904,0.9285714285714286,False,26,28,0.00036141033289004956,0.0003614103308106195,0.0001779528489508819,530,0,67,682,28573,0,0,994
job_new3,job,h0,74508,1024,1024,1024,4.8048921669999345,0.13323087846628107,0.013293240559098012,0.0036915650095238083,0.8095238095238095,False,18,21,0.013293240559098012,0.01329324054727215,0.0036915650056557813,30,40012,0,0,0,15,4495,969
rgv_new3,rgv,local24,74511,1024,1024,1024,1.56483751199994,0.09759213500725077,0.0,0.0,1.0,True,4,4,0.0,0.0,0.0,173,0,71,689,35157,15,10905,1001
tour_new1,tour,nsga_local24,74509,1024,1024,1024,1.2083906450000086,0.0844466333272715,0.00035889448876713,0.00022346543571428564,0.9642857142857143,False,27,28,0.00035889448876713,0.00035889448911453437,0.00022346543629873878,69,0,73,688,28582,15,11393,982
tour_new3,tour,fast_v10,74502,1024,1024,1024,3.0834070169998995,0.1096702960083377,0.0014859455010348358,0.0006363946315789473,0.9473684210526315,False,18,19,0.0014859455010348358,0.0014859454983664263,0.0006363946304566791,0,0,0,0,0,0,0,942
tour_new2,tour,fast_h0,74508,1024,1024,1024,2.4481902889999674,0.08315914280093882,0.00019924060431430744,0.00010420557647058823,0.9411764705882353,False,16,17,0.00019924060431430744,0.00019924060820149193,9.841637969830694e-05,27,40608,0,0,0,15,4393,975
job_new4,job,nsga2_typed,74503,1024,1024,1024,1.9462095220000037,0.14558876151733563,0.009263730847068599,0.003295121237499998,0.9166666666666666,False,22,24,0.009263730847068599,0.009263730846219544,0.003163316388864938,0,0,0,0,0,0,0,957
job_new2,job,fast_v10,74506,1024,1024,1024,1.4536736190000283,0.15958698405006172,0.00043390174025801135,0.00029267986785714374,0.9285714285714286,False,26,28,0.00043390174025801135,0.00043390173603750725,0.00029267986628753455,0,0,0,0,0,0,0,989
job_new3,job,nsga2_typed,74503,1024,1024,1024,1.347411252000029,0.10779077299899811,0.0038775834756477625,0.004400297935404239,0.7619047619047619,False,18,21,0.0038775834756477625,0.0038775834717557725,0.004400297931269818,0,0,0,0,0,0,0,995
tour_new4,tour,nsga_local24,74506,1024,1024,1024,1.1200600370000302,0.08964029376138602,0.0,0.0,1.0,True,31,31,0.0,0.0,0.0,71,0,60,715,27925,15,10670,989
tour_new1,tour,local24_random,74504,1024,1024,1024,0.7401148449999937,0.07861195153335093,0.004137373283116164,0.0021495790829437864,0.8571428571428571,False,27,28,0.004137373283116164,0.004137373277791201,0.002149579079988001,458,0,51,735,28512,0,0,979
rgv_new1,rgv,local24_random,74510,1024,1024,1024,0.6854097860000365,0.13828595913295538,0.008543861945606988,0.002504405473056643,0.8,False,5,5,0.008543861945606988,0.008543861964532521,0.002504405476783931,523,0,51,722,38819,0,0,1006
tour_new2,tour,h0,74511,1024,1024,1024,4.4275240609999855,0.12456832758230525,0.0,0.0,1.0,True,17,17,0.0,0.0,3.0839528461809902e-18,51,37290,0,0,0,15,4597,973
job_new2,job,fast_h0,74503,1024,1024,1024,2.4638712099999793,0.07431039955215588,0.0003505991011946168,0.000102376675,0.9642857142857143,False,27,28,0.0003505991011946168,0.0003505990965921967,0.00010237667365565212,44,33123,0,0,0,15,5391,999
rgv_new3,rgv,h0,74506,1024,1024,1024,3.9530354589999206,0.11016595691596234,0.0,0.0,1.0,True,4,4,0.0,0.0,0.0,200,29344,0,0,0,15,5579,1010
tour_new3,tour,nsga2_typed,74501,1024,1024,1024,1.9493758589999288,0.16485800225800787,0.0,0.0,1.0,True,19,19,0.0,0.0,0.0,0,0,0,0,0,0,0,977
job_new3,job,h0,74507,1024,1024,1024,4.247146900999951,0.09470467917084,0.01117218869983389,0.003253102914285713,0.7619047619047619,False,19,21,0.01117218869983389,0.011172188702882512,0.0032531029102557244,24,37323,0,0,0,15,4696,975
job_new1,job,local24,74502,1024,1024,1024,1.315617599999996,0.10180276686801808,0.0,0.0,1.0,True,20,20,0.0,0.0,0.0,32,0,37,733,26335,15,8559,977
tour_new2,tour,nsga2_typed,74512,1024,1024,1024,1.658897713999977,0.165635110342234,0.0006915318464574048,0.0003470553882352941,0.8823529411764706,False,15,17,0.0006915318464574048,0.0006915318524701554,0.0003277745362105506,0,0,0,0,0,0,0,978
rgv_new1,rgv,fast_v10,74501,1024,1024,1024,2.5387727429999813,0.03987092835560587,0.0017087723885628081,0.0019047619,0.8,False,4,5,0.0017087723885628081,0.0017087723929064642,0.001904761904761905,0,0,0,0,0,0,0,978
job_new4,job,nsga_local24,74509,1024,1024,1024,1.3211548040000025,0.09248208277156225,0.0,0.0,1.0,True,24,24,0.0,0.0,0.0,48,0,65,706,25103,15,9522,966
job_new3,job,nsga_local24,74506,1024,1024,1024,1.2406551099999206,0.11572522344043026,0.01220799443789276,0.0036778764938271763,0.8095238095238095,False,20,21,0.01220799443789276,0.012207994431919616,0.003677876491534354,59,0,75,686,28472,15,11466,990
rgv_new3,rgv,local24,74502,1024,1024,1024,1.6639020889999756,0.1256260624274152,0.0,0.0,1.0,True,4,4,0.0,0.0,0.0,162,0,64,704,38571,15,10562,990
job_new3,job,h0,74503,1024,1024,1024,4.329952295999988,0.07079422127262389,0.002237993724493381,0.0011402025238095217,0.9047619047619048,False,19,21,0.002237993724493381,0.0022379937220513057,0.0011402025212994221,37,36948,0,0,0,15,4936,986
job_new1,job,local24_random,74511,1024,1024,1024,0.9126901500000031,0.056661123596219734,0.0,0.0,1.0,True,20,20,0.0,0.0,0.0,345,0,24,725,24390,0,0,957
rgv_new4,rgv,fast_h0,74503,1024,1024,1024,2.574370134999981,0.07136049915360745,0.0,0.0,1.0,True,7,7,0.0,0.0,0.0,202,39368,0,0,0,15,4769,982
rgv_new3,rgv,fast_v10,74511,1024,1024,1024,1.6419299300000603,0.1001927693943244,0.0056428859345127305,0.0050000000000000044,0.75,False,5,4,0.0056428859345127305,0.00564288593309141,0.0050000000000000044,0,0,0,0,0,0,0,1004
rgv_new3,rgv,nsga_local24,74512,1024,1024,1024,0.997203667000008,0.04264409511216221,0.0,0.0,1.0,True,4,4,0.0,0.0,0.0,179,0,93,684,44432,15,16302,1021
tour_new1,tour,nsga_local24,74508,1024,1024,1024,1.317427213999963,0.07320807119626065,0.0,0.0,1.0,True,28,28,0.0,0.0,0.0,64,0,72,721,30222,15,11690,991
job_new2,job,fast_v10,74507,1024,1024,1024,2.0183001139999988,0.12071258196228773,0.0033510267442841647,0.001607317217857142,0.8571428571428571,False,24,28,0.0033510267442841647,0.0033510267401809244,0.001607317216285165,0,0,0,0,0,0,0,987
rgv_new3,rgv,local24_random,74510,1024,1024,1024,0.566227824000066,0.1458265425871871,0.0,0.0,1.0,True,4,4,0.0,0.0,0.0,573,0,70,687,37964,0,0,1010
job_new3,job,local24,74503,1024,1024,1024,1.5069202630000973,0.07319519277783448,0.01113720064800216,0.003253102914285713,0.7619047619047619,False,20,21,0.01113720064800216,0.011137200642219354,0.0032531029102557244,36,0,36,742,31298,15,10726,982
job_new2,job,fast_h0,74501,1024,1024,1024,3.0256718639999463,0.11284790708790396,0.0,0.0,1.0,True,28,28,0.0,0.0,0.0,38,32104,0,0,0,15,5340,1001
job_new4,job,fast_h0,74505,1024,1024,1024,2.550422958000013,0.15846347345147177,0.008994510178971337,0.0028563262166666666,0.9583333333333334,False,23,24,0.008994510178971337,0.008994510176683308,0.00274207316732125,62,38913,0,0,0,15,4728,968
job_new4,job,local24_random,74509,1024,1024,1024,0.873020127000018,0.11421576075768003,0.009153871688379531,0.003295121237499998,0.9166666666666666,False,23,24,0.009153871688379531,0.009153871687999408,0.003163316388864938,354,0,46,718,23594,0,0,942
tour_new1,tour,nsga2_typed,74510,1024,1024,1024,1.8098100779999413,0.12814844962120456,0.004372402677032927,0.0017704302464285717,0.8571428571428571,False,24,28,0.004372402677032927,0.004372402676066355,0.0017704302472223668,0,0,0,0,0,0,0,970
tour_new4,tour,nsga_local24,74504,1024,1024,1024,1.3759752239999443,0.05631801148939242,0.00016655767076836952,5.4005464516129035e-05,0.967741935483871,False,30,31,0.00016655767076836952,0.0001665576713261272,5.40054646966535e-05,66,0,58,719,27829,15,10805,980
rgv_new3,rgv,nsga_local24,74505,1024,1024,1024,1.298212755999998,0.08085098925932035,0.0,0.0,1.0,True,4,4,0.0,0.0,0.0,249,0,107,662,42195,15,15824,1023
tour_new2,tour,local24_random,74512,1024,1024,1024,0.8969673620000549,0.1236669997608055,0.0006915318464574048,0.0003470553882352941,0.8823529411764706,False,15,17,0.0006915318464574048,0.0006915318524701554,0.0003277745362105537,381,0,32,731,29680,0,0,975
job_new1,job,fast_v10,74507,1024,1024,1024,2.621478318999948,0.15487054980775056,0.0,0.0,1.0,True,20,20,0.0,0.0,0.0,0,0,0,0,0,0,0,951
rgv_new4,rgv,refit32,74502,1024,1024,1024,2.7428585010000006,0.08704701450946967,0.0,0.0,1.0,True,7,7,0.0,0.0,0.0,239,34464,0,0,0,30,5165,996
tour_new2,tour,fast_h0,74509,1024,1024,1024,3.0959152689999883,0.07452590995069315,0.0,0.0,1.0,True,17,17,0.0,0.0,3.0839528461809902e-18,33,38811,0,0,0,15,4581,982
tour_new1,tour,local24,74509,1024,1024,1024,1.5014251589999503,0.0740826113458889,0.00035889448876713,0.00022346543571428564,0.9642857142857143,False,27,28,0.00035889448876713,0.00035889448911453437,0.00022346543629873878,50,0,46,725,31213,15,11831,1005
tour_new4,tour,fast_v10,74511,1024,1024,1024,2.525342106999915,0.0968766764728671,0.00016655767076836952,5.4005464516129035e-05,0.967741935483871,False,30,31,0.00016655767076836952,0.0001665576713261272,5.40054646966535e-05,0,0,0,0,0,0,0,966
rgv_new3,rgv,nsga_local24,74501,1024,1024,1024,1.2895324180000216,0.08091582986615971,0.0008061265610368792,0.0050000000000000044,0.75,False,5,4,0.0008061265610368792,0.0008061265618702589,0.0050000000000000044,220,0,122,678,41203,15,16024,1019
job_new3,job,fast_h0,74512,1024,1024,1024,2.6636948870000197,0.06782336968819101,0.001775674644487401,0.0007959979761904763,0.9047619047619048,False,19,21,0.001775674644487401,0.0017756746463417,0.0007959979766080983,25,27882,0,0,0,15,5399,1002
tour_new4,tour,local24,74503,1024,1024,1024,1.8085634020000043,0.05624869022510404,0.0,0.0,1.0,True,31,31,0.0,0.0,0.0,44,0,40,711,26786,15,9328,988
job_new1,job,refit32,74501,1024,1024,1024,3.503412352000055,0.09007105848803418,0.0,0.0,1.0,True,20,20,0.0,0.0,0.0,11,43523,0,0,0,30,4141,945
tour_new2,tour,local24_random,74502,1024,1024,1024,0.9205747319999773,0.12641633381489076,0.0,0.0,1.0,True,17,17,0.0,0.0,3.0839528461809902e-18,435,0,29,743,32251,0,0,987
tour_new2,tour,fast_v10,74507,1024,1024,1024,2.417358793999938,0.10982766102234798,0.0,0.0,1.0,True,17,17,0.0,0.0,3.0839528461809902e-18,0,0,0,0,0,0,0,980
rgv_new3,rgv,h0,74505,1024,1024,1024,5.577854611999896,0.09813714666769002,0.0,0.0,1.0,True,4,4,0.0,0.0,0.0,136,37340,0,0,0,15,4514,988
tour_new2,tour,h0,74506,1024,1024,1024,5.130461207000053,0.10508325932009063,0.0002601273556582514,0.00012142490588235294,0.9411764705882353,False,16,17,0.0002601273556582514,0.00026012735681667996,0.00011467907825612646,31,37687,0,0,0,15,4599,970
tour_new1,tour,refit32,74504,1024,1024,1024,4.7756413470000325,0.061702660203476124,0.0,0.0,1.0,True,28,28,0.0,0.0,0.0,42,33136,0,0,0,30,5420,993
tour_new1,tour,fast_h0,74507,1024,1024,1024,3.2028924709999274,0.08044435312534534,0.00035889448876713,0.00022346543571428564,0.9642857142857143,False,27,28,0.00035889448876713,0.00035889448911453437,0.00022346543629873878,34,33527,0,0,0,15,5381,1000
rgv_new2,rgv,nsga2_typed,74508,1024,1024,1024,1.1522118249999949,0.19087842811508787,0.0018025045645556387,0.00047755491666665967,0.8333333333333334,False,5,6,0.0018025045645556387,0.0018025045726244961,0.00047755491881566287,0,0,0,0,0,0,0,1022
tour_new3,tour,local24,74503,1024,1024,1024,1.514350370000102,0.10498442586346231,0.0,0.0,1.0,True,19,19,0.0,0.0,0.0,37,0,34,749,29306,15,8782,962
rgv_new2,rgv,nsga2_typed,74502,1024,1024,1024,1.6243139660000452,0.15252111211141037,0.0018025045645556387,0.00047755491666665967,0.8333333333333334,False,5,6,0.0018025045645556387,0.0018025045726244961,0.00047755491881566287,0,0,0,0,0,0,0,1020
tour_new4,tour,nsga2_typed,74501,1024,1024,1024,2.1205315450000626,0.06982026102602515,0.001959707566354496,0.0006343049096774194,0.8709677419354839,False,29,31,0.001959707566354496,0.001959707554592715,0.0006343049078283053,0,0,0,0,0,0,0,972
tour_new4,tour,refit32,74505,1024,1024,1024,3.0378807399999914,0.08687709712828931,0.0,0.0,1.0,True,31,31,0.0,0.0,0.0,41,37457,0,0,0,30,4889,991
rgv_new4,rgv,fast_v10,74512,1024,1024,1024,2.162502848000031,0.02748824139974302,0.0,0.0,1.0,True,7,7,0.0,0.0,0.0,0,0,0,0,0,0,0,995
rgv_new3,rgv,refit32,74505,1024,1024,1024,4.56251858600001,0.09813714666769002,0.0,0.0,1.0,True,4,4,0.0,0.0,0.0,143,38013,0,0,0,30,4600,980
rgv_new3,rgv,local24,74505,1024,1024,1024,1.6534067179999283,0.10137567251027002,0.0,0.0,1.0,True,4,4,0.0,0.0,0.0,148,0,48,720,36876,15,9810,983
job_new2,job,local24,74501,1024,1024,1024,2.3145137549998935,0.10444621174623751,0.0003505991011946168,0.000102376675,0.9642857142857143,False,27,28,0.0003505991011946168,0.0003505990965921967,0.00010237667365565212,38,0,41,700,28255,15,10452,990
job_new3,job,fast_v10,74511,1024,1024,1024,2.3012933810000504,0.13381569473206464,0.008205938969635292,0.0030949523666666673,0.8095238095238095,False,21,21,0.008205938969635292,0.008205938947812264,0.003094952363135838,0,0,0,0,0,0,0,984
tour_new4,tour,nsga_local24,74503,1024,1024,1024,1.4575952339999958,0.05685103808156048,0.0,0.0,1.0,True,31,31,0.0,0.0,0.0,81,0,63,712,29514,15,10923,993
rgv_new4,rgv,fast_v10,74502,1024,1024,1024,2.1153348340000093,0.10568293541399307,0.0,0.0,1.0,True,7,7,0.0,0.0,0.0,0,0,0,0,0,0,0,1002
rgv_new3,rgv,refit32,74506,1024,1024,1024,4.008547720000024,0.10600213798135753,0.0,0.0,1.0,True,4,4,0.0,0.0,0.0,152,37038,0,0,0,30,4514,974
rgv_new1,rgv,refit32,74511,1024,1024,1024,3.4208423480000647,0.09339205209804115,0.0,0.0,1.0,True,5,5,0.0,0.0,0.0,120,25734,0,0,0,30,5788,1012
job_new4,job,nsga_local24,74508,1024,1024,1024,1.2641231239999797,0.11004386075913149,0.0,0.0,1.0,True,24,24,0.0,0.0,0.0,66,0,71,705,26322,15,10080,970
tour_new3,tour,fast_h0,74504,1024,1024,1024,4.25598051999998,0.07299365849274628,0.0,0.0,1.0,True,19,19,0.0,0.0,0.0,24,44998,0,0,0,15,4115,970
job_new2,job,fast_v10,74502,1024,1024,1024,1.349423848000015,0.13473639740442192,0.011100826748530008,0.003928043460777194,0.8571428571428571,False,27,28,0.011100826748530008,0.011100826746584393,0.003928043461572815,0,0,0,0,0,0,0,995
job_new2,job,local24_random,74509,1024,1024,1024,0.7233991010000409,0.12615982810879414,0.0006006185675867112,0.0003662170000000004,0.8928571428571429,False,25,28,0.0006006185675867112,0.0006006185634468893,0.00036621699846037915,461,0,48,687,27866,0,0,982
rgv_new3,rgv,nsga2_typed,74508,1024,1024,1024,1.0502574939999931,0.21582461489234223,0.001612253122073557,0.00555555555,0.75,False,5,4,0.001612253122073557,0.0016122531237405177,0.005555555555555556,0,0,0,0,0,0,0,1012
tour_new2,tour,h0,74508,1024,1024,1024,4.541572973000029,0.08315914280093882,0.00019924060431430744,0.00010420557647058823,0.9411764705882353,False,16,17,0.00019924060431430744,0.00019924060820149193,9.841637969830694e-05,27,40608,0,0,0,15,4393,975
tour_new4,tour,local24_random,74505,1024,1024,1024,0.9265709239999751,0.08998729394869598,0.000765166334074775,0.0002636035967741931,0.8709677419354839,False,28,31,0.000765166334074775,0.0007651663306256534,0.00026360359577930664,432,0,52,677,24951,0,0,980
rgv_new3,rgv,h0,74512,1024,1024,1024,4.678127984999946,0.033356115167412506,0.0,0.0,1.0,True,4,4,0.0,0.0,0.0,168,34997,0,0,0,15,4673,994
job_new2,job,nsga_local24,74505,1024,1024,1024,1.1851669210000182,0.11187428140038573,0.0,0.0,1.0,True,28,28,0.0,0.0,0.0,84,0,80,677,29256,15,12035,1003
tour_new4,tour,nsga_local24,74510,1024,1024,1024,1.497085292999941,0.07669527037553596,0.00016655767076836952,5.4005464516129035e-05,0.967741935483871,False,30,31,0.00016655767076836952,0.0001665576713261272,5.40054646966535e-05,75,0,73,697,26446,15,10338,970
rgv_new1,rgv,fast_h0,74509,1024,1024,1024,2.9787258920000568,0.15435365602861068,0.008543861945606988,0.002504405473056643,0.8,False,5,5,0.008543861945606988,0.008543861964532521,0.002504405476783931,126,24556,0,0,0,15,5969,1018
rgv_new4,rgv,nsga_local24,74507,1024,1024,1024,2.3937302839999575,0.07323391793138354,0.0,0.0,1.0,True,7,7,0.0,0.0,0.0,264,0,102,662,34510,15,13654,1013
rgv_new4,rgv,refit32,74511,1024,1024,1024,3.0256517059999624,0.09131822937547088,0.0,0.0,1.0,True,7,7,0.0,0.0,0.0,237,33878,0,0,0,30,5048,997
tour_new3,tour,refit32,74512,1024,1024,1024,4.085886178999999,0.08075230742624717,0.0,0.0,1.0,True,19,19,0.0,0.0,0.0,16,48287,0,0,0,30,3740,946
rgv_new1,rgv,fast_v10,74509,1024,1024,1024,1.5321657590000086,0.1155472105705148,0.0,0.0,1.0,True,5,5,0.0,0.0,0.0,0,0,0,0,0,0,0,1013
tour_new2,tour,nsga2_typed,74510,1024,1024,1024,1.697645126999987,0.16308787145632567,0.0024138548016625163,0.0011051954294117646,0.8235294117647058,False,14,17,0.0024138548016625163,0.00241385478412004,0.0010437956764523704,0,0,0,0,0,0,0,996
job_new1,job,local24,74509,1024,1024,1024,1.3992407169999979,0.08187788426568757,0.0,0.0,1.0,True,20,20,0.0,0.0,0.0,12,0,25,765,26258,15,7797,958
rgv_new3,rgv,local24_random,74501,1024,1024,1024,0.7130895980000105,0.10136340536690096,0.01128577186539797,0.0050000000000000044,0.75,False,4,4,0.01128577186539797,0.01128577186618282,0.0050000000000000044,423,0,46,703,36125,0,0,1001
job_new4,job,local24_random,74510,1024,1024,1024,0.7187914300000102,0.15364466328272788,0.0,0.0,1.0,True,24,24,0.0,0.0,0.0,436,0,59,674,24052,0,0,969
job_new1,job,nsga2_typed,74508,1024,1024,1024,1.620915138999976,0.19195450115664997,0.0002447332622702951,9.882825e-05,0.95,False,19,20,0.0002447332622702951,0.00024473326843173774,9.882825248587357e-05,0,0,0,0,0,0,0,980
rgv_new1,rgv,nsga_local24,74509,1024,1024,1024,1.2754374819999157,0.15978005030254525,0.008543861945606988,0.002504405473056643,0.8,False,5,5,0.008543861945606988,0.008543861964532521,0.002504405476783931,165,0,100,669,41778,15,16405,1019
rgv_new1,rgv,local24,74508,1024,1024,1024,1.4049566710000363,0.13924624862334942,0.0,0.0,1.0,True,5,5,0.0,0.0,0.0,88,0,50,728,41148,15,12946,1005
job_new3,job,local24_random,74503,1024,1024,1024,0.7858761889999641,0.09922205956964261,0.01963737597687429,0.006247820902684641,0.8095238095238095,False,20,21,0.01963737597687429,0.019637375976426542,0.0062478208993577014,452,0,50,731,28971,0,0,980
tour_new3,tour,local24_random,74503,1024,1024,1024,1.24037371299994,0.13638904316956263,0.0007837402161700197,0.0006363946315789473,0.9473684210526315,False,19,19,0.0007837402161700197,0.0007837402179546175,0.0006363946304566791,353,0,34,740,26806,0,0,941
tour_new3,tour,refit32,74504,1024,1024,1024,3.3428262200000063,0.07299614544503871,0.0,0.0,1.0,True,19,19,0.0,0.0,0.0,20,43747,0,0,0,30,3993,966
job_new3,job,refit32,74503,1024,1024,1024,3.2734493310000516,0.0677427219364668,0.0005673844148973298,0.0005358857571428555,0.9047619047619048,False,19,21,0.0005673844148973298,0.0005673844098178413,0.0005358857524893187,25,36145,0,0,0,30,4615,980
job_new4,job,fast_v10,74511,1024,1024,1024,2.7239985190000198,0.12154371518064566,0.009263730847068599,0.003295121237499998,0.9166666666666666,False,22,24,0.009263730847068599,0.009263730846219544,0.003163316388864938,0,0,0,0,0,0,0,944
rgv_new4,rgv,local24,74511,1024,1024,1024,1.390655125999956,0.09176576157035685,0.005965403603257758,0.001207243457142864,0.8571428571428571,False,6,7,0.005965403603257758,0.005965403620548808,0.001207243460764586,196,0,78,697,35940,15,10820,986
rgv_new1,rgv,nsga_local24,74504,1024,1024,1024,1.1102953779999325,0.15273091001149952,0.0,0.0,1.0,True,5,5,0.0,0.0,0.0,158,0,92,673,35320,15,14459,1012
rgv_new3,rgv,fast_v10,74508,1024,1024,1024,2.6082390939999414,0.14665895589304018,0.0,0.0,1.0,True,4,4,0.0,0.0,0.0,0,0,0,0,0,0,0,982
rgv_new4,rgv,h0,74501,1024,1024,1024,4.3592979510000305,0.05937112378239192,0.0,0.0,1.0,True,7,7,0.0,0.0,0.0,226,36029,0,0,0,15,4867,1002
job_new1,job,fast_h0,74504,1024,1024,1024,2.8148346360000005,0.09738719849730482,0.0,0.0,1.0,True,20,20,0.0,0.0,0.0,13,42593,0,0,0,15,4254,963
job_new3,job,local24,74508,1024,1024,1024,1.4112176329999784,0.1283981931735315,0.0004059363672833024,0.0007344661619047606,0.9047619047619048,False,20,21,0.0004059363672833024,0.00040593636514131044,0.0007344661594804101,43,0,50,722,30220,15,11329,998
rgv_new2,rgv,h0,74502,1024,1024,1024,5.426014573000089,0.11337214632816821,0.0,0.0,1.0,True,6,6,0.0,0.0,0.0,251,36412,0,0,0,15,4866,994
tour_new2,tour,local24_random,74509,1024,1024,1024,0.7044736560001184,0.08583610341966451,0.0,0.0,1.0,True,17,17,0.0,0.0,3.0839528461809902e-18,445,0,39,736,32665,0,0,984
job_new3,job,h0,74511,1024,1024,1024,4.2866064049999295,0.10350105205520074,0.0005673844148973298,0.0005358857571428555,0.9047619047619048,False,19,21,0.0005673844148973298,0.0005673844098178413,0.0005358857524893187,27,35689,0,0,0,15,4915,990
job_new3,job,h0,74512,1024,1024,1024,3.561284952000051,0.06782336968819101,0.001775674644487401,0.0007959979761904763,0.9047619047619048,False,19,21,0.001775674644487401,0.0017756746463417,0.0007959979766080983,25,27882,0,0,0,15,5399,1002
tour_new2,tour,fast_h0,74504,1024,1024,1024,2.3575417020001623,0.09473514404895432,0.0,0.0,1.0,True,17,17,0.0,0.0,3.0839528461809902e-18,36,38322,0,0,0,15,4885,984
tour_new4,tour,h0,74501,1024,1024,1024,4.692010872000083,0.05810120917412529,0.0,0.0,1.0,True,31,31,0.0,0.0,0.0,29,41320,0,0,0,15,4295,968
rgv_new2,rgv,fast_v10,74511,1024,1024,1024,2.405159526000034,0.1650195491739018,0.0,0.0,1.0,True,6,6,0.0,0.0,0.0,0,0,0,0,0,0,0,985
rgv_new1,rgv,refit32,74504,1024,1024,1024,2.6545706699998846,0.1660283438085817,0.0,0.0,1.0,True,5,5,0.0,0.0,0.0,101,26130,0,0,0,30,5471,1013
rgv_new4,rgv,local24_random,74511,1024,1024,1024,1.1764401129998987,0.11116745414731313,0.0,0.0,1.0,True,7,7,0.0,0.0,0.0,455,0,52,711,33047,0,0,1003
tour_new3,tour,refit32,74508,1024,1024,1024,3.323629813000025,0.0924545451195441,0.0,0.0,1.0,True,19,19,0.0,0.0,0.0,16,44111,0,0,0,30,4036,967
rgv_new2,rgv,local24_random,74511,1024,1024,1024,0.9525883920000524,0.11816756887051874,0.0,0.0,1.0,True,6,6,0.0,0.0,0.0,360,0,48,693,30892,0,0,985
tour_new4,tour,h0,74506,1024,1024,1024,5.24151355999993,0.08210591126697078,0.00016146065403349204,5.4005464516129035e-05,0.967741935483871,False,31,31,0.00016146065403349204,0.00016146065416796284,5.40054646966535e-05,31,40316,0,0,0,15,4694,978
job_new3,job,local24_random,74504,1024,1024,1024,0.7266767850001088,0.14542747232130177,0.011995641095316588,0.005006557554376272,0.7619047619047619,False,19,21,0.011995641095316588,0.011995641087601006,0.005006557554985383,526,0,48,724,29755,0,0,994
tour_new3,tour,local24_random,74505,1024,1024,1024,1.1095234520000758,0.10799688326293236,0.0,0.0,1.0,True,19,19,0.0,0.0,0.0,355,0,29,741,27712,0,0,958
job_new4,job,local24,74502,1024,1024,1024,1.4117664500001865,0.09548146693021017,0.0,0.0,1.0,True,24,24,0.0,0.0,0.0,26,0,35,728,25560,15,8488,953
tour_new2,tour,nsga2_typed,74501,1024,1024,1024,1.9944690059999175,0.15654525365978983,0.0011073619300860764,0.0013618006411764702,0.8235294117647058,False,14,17,0.0011073619300860764,0.0011073619340240938,0.0012861450505767,0,0,0,0,0,0,0,980
rgv_new1,rgv,nsga_local24,74505,1024,1024,1024,2.1296458240001357,0.07020083685119682,0.0,0.0,1.0,True,5,5,0.0,0.0,0.0,148,0,99,659,39222,15,15450,1023
rgv_new1,rgv,fast_v10,74507,1024,1024,1024,2.0341734930000257,0.07348341103482667,0.0,0.0,1.0,True,5,5,0.0,0.0,0.0,0,0,0,0,0,0,0,1013
rgv_new4,rgv,refit32,74509,1024,1024,1024,2.7846318339998106,0.09883280459754272,0.0,0.0,1.0,True,7,7,0.0,0.0,0.0,268,33566,0,0,0,30,5082,994
tour_new4,tour,local24_random,74508,1024,1024,1024,0.9131098100001509,0.08126328025572678,0.00016655767076836952,5.4005464516129035e-05,0.967741935483871,False,30,31,0.00016655767076836952,0.0001665576713261272,5.40054646966535e-05,481,0,56,714,27401,0,0,976
rgv_new4,rgv,h0,74508,1024,1024,1024,5.089476611999999,0.11075170926024938,0.0,0.0,1.0,True,7,7,0.0,0.0,0.0,250,35207,0,0,0,15,5081,992
job_new4,job,local24_random,74504,1024,1024,1024,0.9758882710000307,0.12248446511822005,0.009263730847068599,0.003295121237499998,0.9166666666666666,False,22,24,0.009263730847068599,0.009263730846219544,0.003163316388864938,414,0,49,721,25083,0,0,961
rgv_new1,rgv,local24_random,74508,1024,1024,1024,0.8370439750001424,0.13670670722320596,0.0,0.0,1.0,True,5,5,0.0,0.0,0.0,399,0,47,701,36414,0,0,1003
job_new1,job,fast_h0,74505,1024,1024,1024,2.531955709000158,0.11400350950055924,0.0,0.0,1.0,True,20,20,0.0,0.0,0.0,17,44885,0,0,0,15,4150,963
tour_new4,tour,local24,74506,1024,1024,1024,1.5579815319999852,0.0793545315181371,0.00028154588870453175,0.00020664764516129032,0.9354838709677419,False,30,31,0.00028154588870453175,0.0002815458897485822,0.00020664764572607741,41,0,39,740,27230,15,9377,968
tour_new1,tour,h0,74508,1024,1024,1024,3.970943226000145,0.06456501643986848,0.00035889448876713,0.00022346543571428564,0.9642857142857143,False,27,28,0.00035889448876713,0.00035889448911453437,0.00022346543629873878,43,31873,0,0,0,15,5284,1001
job_new3,job,h0,74510,1024,1024,1024,5.608708509000053,0.10375775456686824,0.013293240559098012,0.0036915650095238083,0.8095238095238095,False,18,21,0.013293240559098012,0.01329324054727215,0.0036915650056557813,14,41647,0,0,0,15,4457,977
job_new4,job,nsga_local24,74510,1024,1024,1024,1.4773063270001785,0.1556953276135561,0.0,0.0,1.0,True,24,24,0.0,0.0,0.0,78,0,88,683,26337,15,10595,985
job_new1,job,nsga2_typed,74511,1024,1024,1024,2.094010419999904,0.08413222482839953,0.0,0.0,1.0,True,20,20,0.0,0.0,0.0,0,0,0,0,0,0,0,954
tour_new3,tour,fast_v10,74509,1024,1024,1024,2.3193307209999148,0.08722717694698814,0.005109707455532846,0.0028729532631578945,0.8947368421052632,False,19,19,0.005109707455532846,0.0051097074545914,0.002872953262288581,0,0,0,0,0,0,0,941
tour_new1,tour,fast_v10,74507,1024,1024,1024,1.4472814119999384,0.08687576399268401,0.001021230585973308,0.0011209724508009292,0.8928571428571429,False,27,28,0.001021230585973308,0.0010212305831776407,0.001120972448680599,0,0,0,0,0,0,0,992
tour_new1,tour,local24_random,74510,1024,1024,1024,0.6756513059999634,0.1028370513058964,0.004013508188265798,0.001546964810714286,0.8928571428571429,False,25,28,0.004013508188265798,0.00401350818695182,0.001546964810923628,457,0,54,696,26864,0,0,998
rgv_new2,rgv,local24_random,74508,1024,1024,1024,0.8489259469999979,0.074293691369739,0.0,0.0,1.0,True,6,6,0.0,0.0,0.0,408,0,52,736,31622,0,0,996
job_new4,job,h0,74508,1024,1024,1024,4.351217188999954,0.12319080185309512,0.009263730847068599,0.003295121237499998,0.9166666666666666,False,22,24,0.009263730847068599,0.009263730846219544,0.003163316388864938,38,44454,0,0,0,15,3959,949
tour_new4,tour,fast_h0,74507,1024,1024,1024,2.752701815999899,0.07703663663609263,0.00016655767076836952,5.4005464516129035e-05,0.967741935483871,False,30,31,0.00016655767076836952,0.0001665576713261272,5.40054646966535e-05,18,43968,0,0,0,15,4268,968
rgv_new4,rgv,fast_h0,74511,1024,1024,1024,2.8571208219998425,0.09520191865965491,0.0,0.0,1.0,True,7,7,0.0,0.0,0.0,224,37204,0,0,0,15,4877,988
job_new1,job,fast_h0,74511,1024,1024,1024,3.02432167500001,0.057186643331742726,0.0,0.0,1.0,True,20,20,0.0,0.0,0.0,6,45530,0,0,0,15,4078,961
job_new1,job,nsga_local24,74508,1024,1024,1024,1.4746139760000005,0.1758214584754504,0.0,0.0,1.0,True,20,20,0.0,0.0,0.0,67,0,79,683,22524,15,8768,959
job_new1,job,local24,74506,1024,1024,1024,1.534073674999945,0.08630189245006509,0.0,0.0,1.0,True,20,20,0.0,0.0,0.0,20,0,28,732,26003,15,8018,974
rgv_new1,rgv,nsga2_typed,74507,1024,1024,1024,1.2590584580000268,0.13628982656595462,0.0017087723885628081,0.0019047619,0.8,False,4,5,0.0017087723885628081,0.0017087723929064642,0.001904761904761905,0,0,0,0,0,0,0,1012
job_new3,job,nsga_local24,74505,1024,1024,1024,1.4191067889998976,0.096780663877202,0.01113720064800216,0.003253102914285713,0.7619047619047619,False,20,21,0.01113720064800216,0.011137200642219354,0.0032531029102557244,37,0,82,684,28812,15,11367,981
rgv_new1,rgv,local24,74503,1024,1024,1024,1.3544425480001792,0.09650449713556175,0.0,0.0,1.0,True,5,5,0.0,0.0,0.0,86,0,48,702,39248,15,12347,1003
job_new1,job,fast_h0,74507,1024,1024,1024,2.6129498609998336,0.1395315362521183,0.0,0.0,1.0,True,20,20,0.0,0.0,0.0,25,44040,0,0,0,15,4061,945
rgv_new1,rgv,h0,74503,1024,1024,1024,3.5004070330001014,0.1090004429404339,0.0,0.0,1.0,True,5,5,0.0,0.0,0.0,139,25553,0,0,0,15,6050,1009
job_new3,job,nsga2_typed,74505,1024,1024,1024,1.9234538420000717,0.12233015653169899,0.019728610771203123,0.006383826978875117,0.7619047619047619,False,19,21,0.019728610771203123,0.01972861077013381,0.006383826974352827,0,0,0,0,0,0,0,976
job_new3,job,nsga_local24,74504,1024,1024,1024,1.1903521240001282,0.11404759923789676,0.011017472567201241,0.002890364847619046,0.8095238095238095,False,20,21,0.011017472567201241,0.011017472561184892,0.0028903648451073984,61,0,79,704,30866,15,11676,981
tour_new4,tour,nsga_local24,74507,1024,1024,1024,1.2223590790001708,0.09192870045557966,0.0,0.0,1.0,True,31,31,0.0,0.0,0.0,49,0,59,712,28943,15,11257,996
rgv_new4,rgv,nsga_local24,74511,1024,1024,1024,1.6804651919999287,0.12517052697072123,0.005965403603257758,0.001207243457142864,0.8571428571428571,False,6,7,0.005965403603257758,0.005965403620548808,0.001207243460764586,281,0,110,656,39553,15,16327,1023
tour_new4,tour,local24_random,74510,1024,1024,1024,0.8566470920000029,0.07469626254803377,0.000843645760714201,0.000267840870967741,0.8387096774193549,False,26,31,0.000843645760714201,0.0008436457563090686,0.00026784086942701875,424,0,51,736,25166,0,0,963
tour_new4,tour,fast_h0,74506,1024,1024,1024,2.5993524699999853,0.08210591126697078,0.00016146065403349204,5.4005464516129035e-05,0.967741935483871,False,31,31,0.00016146065403349204,0.00016146065416796284,5.40054646966535e-05,31,40316,0,0,0,15,4694,978
tour_new2,tour,refit32,74502,1024,1024,1024,3.40855304899992,0.12710626082197102,0.0,0.0,1.0,True,17,17,0.0,0.0,3.0839528461809902e-18,33,39347,0,0,0,30,4595,965
rgv_new4,rgv,h0,74512,1024,1024,1024,4.808636068999931,0.026273865748840903,0.007612588333658949,0.001609657942857152,0.7142857142857143,False,6,7,0.007612588333658949,0.007612588355489742,0.0016096579476861145,195,35324,0,0,0,15,5024,996
job_new2,job,fast_h0,74508,1024,1024,1024,2.3021965630000523,0.09008124065692481,0.0025112548781363324,0.0009397514178571428,0.8928571428571429,False,26,28,0.0025112548781363324,0.0025112548776851052,0.0009397514188677024,43,33624,0,0,0,15,5295,990
tour_new3,tour,h0,74505,1024,1024,1024,5.431604057999948,0.0933917950641098,0.0,0.0,1.0,True,19,19,0.0,0.0,0.0,23,43788,0,0,0,15,4065,960
tour_new3,tour,local24_random,74509,1024,1024,1024,1.0558821889999308,0.0908588504991789,0.0,0.0,1.0,True,19,19,0.0,0.0,0.0,389,0,37,736,28785,0,0,951
tour_new2,tour,local24,74509,1024,1024,1024,1.5426095079999413,0.06898483544304836,0.0,0.0,1.0,True,17,17,0.0,0.0,3.0839528461809902e-18,42,0,25,757,34489,15,9959,995
job_new2,job,refit32,74511,1024,1024,1024,3.0757468670001344,0.12294473866266961,0.0006262073068403683,0.00019030319285714276,0.9642857142857143,False,27,28,0.0006262073068403683,0.0006262073062143093,0.00019030319263188222,49,32014,0,0,0,30,5280,1001
tour_new2,tour,fast_h0,74506,1024,1024,1024,2.633415068000204,0.10508325932009063,0.0002601273556582514,0.00012142490588235294,0.9411764705882353,False,16,17,0.0002601273556582514,0.00026012735681667996,0.00011467907825612646,31,37687,0,0,0,15,4599,970
job_new2,job,nsga2_typed,74506,1024,1024,1024,1.5822052909998092,0.14843744489595273,0.017111178859864164,0.009956645413585192,0.5714285714285714,False,25,28,0.017111178859864164,0.01711117885521971,0.009956645411433056,0,0,0,0,0,0,0,987
job_new4,job,refit32,74507,1024,1024,1024,3.073170879999907,0.09063587384526378,0.00848431790374991,0.0030435081132775496,0.9166666666666666,False,23,24,0.00848431790374991,0.008484317909951062,0.0029217677918575735,24,41836,0,0,0,30,4388,968
tour_new3,tour,local24,74508,1024,1024,1024,1.5882396839999728,0.08881248776750747,0.0,0.0,1.0,True,19,19,0.0,0.0,0.0,19,0,27,751,29134,15,8190,969
rgv_new2,rgv,nsga_local24,74507,1024,1024,1024,2.273367533000055,0.07962366995935044,0.0023028055331372013,0.0009366917333333263,0.6666666666666666,False,5,6,0.0023028055331372013,0.0023028055478822944,0.0009366917415888493,280,0,118,662,42604,15,16754,1021
rgv_new1,rgv,fast_h0,74507,1024,1024,1024,2.5719477860000097,0.07126852569844074,0.0,0.0,1.0,True,5,5,0.0,0.0,0.0,130,25249,0,0,0,15,6110,1011
job_new3,job,nsga_local24,74512,1024,1024,1024,1.7499353079999764,0.09704528941864086,0.0015806443568049855,0.003014816530566749,0.8095238095238095,False,19,21,0.0015806443568049855,0.0015806443532527603,0.0030148165275156293,75,0,79,690,30273,15,12880,983
rgv_new2,rgv,fast_h0,74504,1024,1024,1024,2.57205031400008,0.12482022556619321,0.0,0.0,1.0,True,6,6,0.0,0.0,0.0,210,38402,0,0,0,15,4593,987
tour_new4,tour,fast_h0,74503,1024,1024,1024,2.5071157999998377,0.056611677619534485,0.0,0.0,1.0,True,31,31,0.0,0.0,0.0,42,36682,0,0,0,15,5086,992
rgv_new1,rgv,nsga_local24,74512,1024,1024,1024,1.3470624420001513,0.02930753038828491,0.0,0.0,1.0,True,5,5,0.0,0.0,0.0,188,0,91,683,40413,15,15958,1021
job_new2,job,local24,74507,1024,1024,1024,1.3863387769999918,0.0734975463136125,0.0,0.0,1.0,True,28,28,0.0,0.0,0.0,32,0,37,743,31774,15,12093,1001
rgv_new1,rgv,fast_h0,74511,1024,1024,1024,2.3183455170001253,0.0902273500587012,0.0,0.0,1.0,True,5,5,0.0,0.0,0.0,105,28457,0,0,0,15,5730,1009
job_new4,job,nsga2_typed,74510,1024,1024,1024,2.006430426999941,0.18458641522785563,0.009263730847068599,0.003295121237499998,0.9166666666666666,False,22,24,0.009263730847068599,0.009263730846219544,0.003163316388864938,0,0,0,0,0,0,0,960
rgv_new1,rgv,fast_v10,74502,1024,1024,1024,1.5756441300000006,0.1111464003066466,0.0,0.0,1.0,True,5,5,0.0,0.0,0.0,0,0,0,0,0,0,0,1006
tour_new1,tour,fast_h0,74502,1024,1024,1024,1.9850939720001861,0.08637006115061224,0.00035889448876713,0.00022346543571428564,0.9642857142857143,False,27,28,0.00035889448876713,0.00035889448911453437,0.00022346543629873878,38,32242,0,0,0,15,5351,999
job_new4,job,local24,74505,1024,1024,1024,1.252342389000205,0.14490103966862716,0.0,0.0,1.0,True,24,24,0.0,0.0,0.0,41,0,42,733,26631,15,9912,977
job_new4,job,local24_random,74505,1024,1024,1024,0.7037249800000609,0.1865331637097105,0.00026922066809726244,0.0004387950208333315,0.9583333333333334,False,23,24,0.00026922066809726244,0.0002692206695362354,0.0004212432215436879,444,0,55,731,26125,0,0,979
tour_new3,tour,nsga2_typed,74503,1024,1024,1024,1.879493225999795,0.16565330316843035,0.0031675763087766454,0.0028729532631578945,0.8947368421052632,False,19,19,0.0031675763087766454,0.0031675763121015196,0.002872953262288581,0,0,0,0,0,0,0,980
tour_new3,tour,fast_v10,74507,1024,1024,1024,2.5991620889999467,0.10155688247987175,0.0014859455010348358,0.0006363946315789473,0.9473684210526315,False,18,19,0.0014859455010348358,0.0014859454983664263,0.0006363946304566791,0,0,0,0,0,0,0,952
rgv_new1,rgv,fast_v10,74510,1024,1024,1024,1.4943485090000195,0.12715222232483514,0.0,0.0,1.0,True,5,5,0.0,0.0,0.0,0,0,0,0,0,0,0,1008
job_new1,job,fast_h0,74503,1024,1024,1024,2.18607431800001,0.13623894416605842,0.0,0.0,1.0,True,20,20,0.0,0.0,0.0,29,42789,0,0,0,15,4283,963
tour_new3,tour,local24_random,74506,1024,1024,1024,1.1064537080001173,0.15383144883739255,0.0014859455010348358,0.0006363946315789473,0.9473684210526315,False,18,19,0.0014859455010348358,0.0014859454983664263,0.0006363946304566791,348,0,46,728,26117,0,0,934
rgv_new3,rgv,fast_h0,74508,1024,1024,1024,2.730725244000041,0.12037922997444102,0.0,0.0,1.0,True,4,4,0.0,0.0,0.0,175,37566,0,0,0,15,4782,981
rgv_new2,rgv,local24_random,74509,1024,1024,1024,0.9843798439999318,0.1292341242184872,0.0,0.0,1.0,True,6,6,0.0,0.0,0.0,412,0,59,722,33276,0,0,998
job_new2,job,refit32,74504,1024,1024,1024,2.4493678369999543,0.1003213181880626,0.002989616411394115,0.001429364367857143,0.9285714285714286,False,26,28,0.002989616411394115,0.002989616409370169,0.001429364367334283,35,34185,0,0,0,30,5146,999
rgv_new2,rgv,nsga2_typed,74512,1024,1024,1024,1.384676448999926,0.018600731536926325,0.0,0.0,1.0,True,6,6,0.0,0.0,0.0,0,0,0,0,0,0,0,1005
tour_new2,tour,refit32,74501,1024,1024,1024,3.0448544860000766,0.08140969552288572,0.0,0.0,1.0,True,17,17,0.0,0.0,3.0839528461809902e-18,23,44245,0,0,0,30,4396,970
job_new4,job,h0,74511,1024,1024,1024,4.308430076999912,0.09775240091057667,0.0,0.0,1.0,True,24,24,0.0,0.0,0.0,37,39042,0,0,0,15,4651,975
job_new4,job,h0,74501,1024,1024,1024,4.408071673999984,0.1001498771574156,0.0,0.0,1.0,True,24,24,0.0,0.0,0.0,29,39938,0,0,0,15,4771,966
tour_new1,tour,nsga2_typed,74511,1024,1024,1024,1.968145715999981,0.13256841292723265,0.0037764183321714793,0.0027041568428571457,0.8214285714285714,False,25,28,0.0037764183321714793,0.0037764183329308176,0.002704156841364942,0,0,0,0,0,0,0,968
tour_new2,tour,local24_random,74503,1024,1024,1024,0.9332764600001155,0.07844801330239946,0.0,0.0,1.0,True,17,17,0.0,0.0,3.0839528461809902e-18,335,0,24,731,29853,0,0,976
rgv_new1,rgv,nsga2_typed,74508,1024,1024,1024,1.2304215310000473,0.2036001771701351,0.0,0.0,1.0,True,5,5,0.0,0.0,0.0,0,0,0,0,0,0,0,1018
tour_new3,tour,refit32,74505,1024,1024,1024,3.2170819410000604,0.08894466733168072,0.0,0.0,1.0,True,19,19,0.0,0.0,0.0,21,43758,0,0,0,30,4170,974
job_new2,job,refit32,74505,1024,1024,1024,2.780324497000038,0.12157334125086094,0.0003505991011946168,0.000102376675,0.9642857142857143,False,27,28,0.0003505991011946168,0.0003505990965921967,0.00010237667365565212,61,28990,0,0,0,30,5606,1006
tour_new1,tour,refit32,74501,1024,1024,1024,4.244622410999909,0.08659225549254473,0.0,0.0,1.0,True,28,28,0.0,0.0,0.0,33,32619,0,0,0,30,5147,983
tour_new4,tour,fast_v10,74509,1024,1024,1024,2.432034822999867,0.08198710502392513,0.0019649713648566026,0.0006343049096774194,0.8709677419354839,False,28,31,0.0019649713648566026,0.001964971353159139,0.0006343049078283053,0,0,0,0,0,0,0,968
rgv_new1,rgv,refit32,74502,1024,1024,1024,2.5531588890000876,0.08762518572166077,0.0,0.0,1.0,True,5,5,0.0,0.0,0.0,126,26736,0,0,0,30,5893,1007
job_new3,job,nsga2_typed,74512,1024,1024,1024,1.7848651649999283,0.11795786040393597,0.004243558864226217,0.00323792877381416,0.7142857142857143,False,19,21,0.004243558864226217,0.004243558851797068,0.0032379287637776836,0,0,0,0,0,0,0,997
tour_new2,tour,nsga_local24,74510,1024,1024,1024,1.139414153999951,0.10829826980559579,0.0,0.0,1.0,True,17,17,0.0,0.0,0.0,63,0,78,681,29227,15,11065,983
rgv_new2,rgv,fast_h0,74506,1024,1024,1024,3.333529331000136,0.09539886960561236,0.0,0.0,1.0,True,6,6,0.0,0.0,0.0,190,37956,0,0,0,15,4495,977
rgv_new2,rgv,local24_random,74505,1024,1024,1024,0.9978582609999194,0.06523387456130422,0.0,0.0,1.0,True,6,6,0.0,0.0,0.0,411,0,53,709,34006,0,0,999
job_new4,job,refit32,74502,1024,1024,1024,3.5416721250001046,0.0987303415209505,0.009263730847068599,0.003295121237499998,0.9166666666666666,False,22,24,0.009263730847068599,0.009263730846219544,0.003163316388864938,19,43448,0,0,0,30,4056,947
job_new2,job,fast_v10,74503,1024,1024,1024,2.1785458009999275,0.09104430276609568,0.0017418187032113576,0.0006578739107142858,0.9285714285714286,False,26,28,0.0017418187032113576,0.0017418187031965683,0.0006578739117973674,0,0,0,0,0,0,0,984
tour_new3,tour,nsga_local24,74507,1024,1024,1024,1.5380310390000886,0.1199619531685456,0.0,0.0,1.0,True,19,19,0.0,0.0,0.0,39,0,70,685,25424,15,8988,952
tour_new1,tour,local24,74505,1024,1024,1024,1.439526436000051,0.08732500289411319,0.0,0.0,1.0,True,28,28,0.0,0.0,0.0,54,0,51,703,30530,15,11526,1009
job_new2,job,nsga_local24,74501,1024,1024,1024,1.3973905410000498,0.11001724184575257,0.0003505991011946168,0.000102376675,0.9642857142857143,False,27,28,0.0003505991011946168,0.0003505990965921967,0.00010237667365565212,60,0,67,695,29146,15,11688,994
rgv_new2,rgv,fast_v10,74501,1024,1024,1024,2.2776328509999075,0.05840584138884984,0.0,0.0,1.0,True,6,6,0.0,0.0,0.0,0,0,0,0,0,0,0,979
tour_new3,tour,local24_random,74511,1024,1024,1024,0.9166332559998409,0.10701842245385977,0.0031675763087766454,0.0028729532631578945,0.8947368421052632,False,19,19,0.0031675763087766454,0.0031675763121015196,0.002872953262288581,336,0,29,731,27180,0,0,956
tour_new1,tour,fast_v10,74505,1024,1024,1024,1.579052737999973,0.11135078899322588,0.003825813971045581,0.0013645514499999996,0.8928571428571429,False,25,28,0.003825813971045581,0.003825813967732709,0.0013645514491214285,0,0,0,0,0,0,0,983
rgv_new2,rgv,nsga_local24,74508,1024,1024,1024,1.0840294820000054,0.13335777726920323,0.0,0.0,1.0,True,6,6,0.0,0.0,0.0,277,0,110,665,38455,15,15366,1021
rgv_new4,rgv,fast_v10,74508,1024,1024,1024,1.7866085600001043,0.15089664741846395,0.0,0.0,1.0,True,7,7,0.0,0.0,0.0,0,0,0,0,0,0,0,994
rgv_new2,rgv,nsga_local24,74511,1024,1024,1024,1.0729305419999946,0.15575188960818814,0.0023028055331372013,0.0009366917333333263,0.6666666666666666,False,6,6,0.0023028055331372013,0.0023028055478822944,0.0009366917415888493,332,0,125,625,38952,15,14866,1019
tour_new2,tour,nsga2_typed,74507,1024,1024,1024,1.783446283000103,0.1345981666877566,0.00041583008362867154,0.001014745252941176,0.9411764705882353,False,16,17,0.00041583008362867154,0.0004158300815541881,0.0009583705143661492,0,0,0,0,0,0,0,990
job_new2,job,fast_h0,74509,1024,1024,1024,2.251821300000074,0.11872569390959278,0.0003505991011946168,0.000102376675,0.9642857142857143,False,27,28,0.0003505991011946168,0.0003505990965921967,0.00010237667365565212,37,33328,0,0,0,15,5263,999
rgv_new4,rgv,fast_h0,74508,1024,1024,1024,2.7001178720001917,0.11075170926024938,0.0,0.0,1.0,True,7,7,0.0,0.0,0.0,250,35207,0,0,0,15,5081,992
tour_new3,tour,fast_h0,74507,1024,1024,1024,2.9330223039999055,0.09087323116583443,0.0,0.0,1.0,True,19,19,0.0,0.0,0.0,16,46486,0,0,0,15,3838,951
tour_new2,tour,fast_v10,74511,1024,1024,1024,2.031023957999878,0.13895681062245435,0.0,0.0,1.0,True,17,17,0.0,0.0,3.0839528461809902e-18,0,0,0,0,0,0,0,974
rgv_new4,rgv,nsga2_typed,74505,1024,1024,1024,1.0591097619999346,0.08120378179322264,0.0,0.0,1.0,True,7,7,0.0,0.0,0.0,0,0,0,0,0,0,0,1018
rgv_new1,rgv,h0,74512,1024,1024,1024,3.4628696599997966,0.05754790627473853,0.0,0.0,1.0,True,5,5,0.0,0.0,0.0,103,27754,0,0,0,15,5802,1014
job_new3,job,nsga_local24,74502,1024,1024,1024,1.1854989669998304,0.12277325289478724,0.007531218742727705,0.002890364847619046,0.8095238095238095,False,21,21,0.007531218742727705,0.007531218724696517,0.0028903648451073984,62,0,78,681,30477,15,12903,992
job_new4,job,nsga_local24,74512,1024,1024,1024,1.4615580960000898,0.11106621042555312,0.0,0.0,1.0,True,24,24,0.0,0.0,0.0,74,0,72,696,25857,15,9891,962
tour_new3,tour,h0,74510,1024,1024,1024,5.924693000999923,0.09800585504973033,0.0,0.0,1.0,True,19,19,0.0,0.0,0.0,24,47934,0,0,0,15,3760,939
rgv_new4,rgv,fast_h0,74502,1024,1024,1024,2.6607166890000826,0.08711442497442243,0.0,0.0,1.0,True,7,7,0.0,0.0,0.0,236,34975,0,0,0,15,5203,996
tour_new2,tour,h0,74501,1024,1024,1024,6.02705504100004,0.09206965376112741,0.00019924060431430744,0.00010420557647058823,0.9411764705882353,False,16,17,0.00019924060431430744,0.00019924060820149193,9.841637969830694e-05,24,42773,0,0,0,15,4289,976
tour_new1,tour,fast_h0,74506,1024,1024,1024,2.428650069000014,0.04511274832574469,0.00035889448876713,0.00022346543571428564,0.9642857142857143,False,27,28,0.00035889448876713,0.00035889448911453437,0.00022346543629873878,37,33622,0,0,0,15,5354,994
tour_new3,tour,fast_v10,74503,1024,1024,1024,3.2113407570000163,0.12329886957587492,0.005109707455532846,0.0028729532631578945,0.8947368421052632,False,18,19,0.005109707455532846,0.0051097074545914,0.002872953262288581,0,0,0,0,0,0,0,945
job_new1,job,local24,74503,1024,1024,1024,1.5849327369999173,0.1278398851097022,0.0,0.0,1.0,True,20,20,0.0,0.0,0.0,33,0,35,726,24900,15,7933,953
rgv_new1,rgv,fast_h0,74502,1024,1024,1024,3.9664436200000637,0.08967571258849473,0.0,0.0,1.0,True,5,5,0.0,0.0,0.0,139,31283,0,0,0,15,5578,1000
tour_new2,tour,local24_random,74507,1024,1024,1024,0.9458284040001672,0.10270307910965393,0.00019924060431430744,0.00010420557647058823,0.9411764705882353,False,16,17,0.00019924060431430744,0.00019924060820149193,9.841637969830694e-05,360,0,32,752,29815,0,0,976
job_new3,job,nsga_local24,74510,1024,1024,1024,2.4089897240000937,0.13107084279926368,0.0020354904173711264,0.002898919436333911,0.9047619047619048,False,21,21,0.0020354904173711264,0.002035490414813576,0.002898919438192703,68,0,80,681,27780,15,11375,989
job_new2,job,fast_v10,74508,1024,1024,1024,1.8969232960000681,0.10483427508747474,0.00046742377871059727,0.00039502307857142583,0.9285714285714286,False,26,28,0.00046742377871059727,0.0004674237745631528,0.0003950230794897601,0,0,0,0,0,0,0,984
job_new4,job,local24,74512,1024,1024,1024,1.5658997680000084,0.09988068112309902,0.0,0.0,1.0,True,24,24,0.0,0.0,0.0,46,0,42,708,26844,15,9915,978
tour_new4,tour,nsga2_typed,74506,1024,1024,1024,2.3631624199999806,0.1114598818327551,0.00016853945890524713,6.248001290322487e-05,0.9032258064516129,False,28,31,0.00016853945890524713,0.00016853945920720966,6.248001199207778e-05,0,0,0,0,0,0,0,965
job_new3,job,refit32,74511,1024,1024,1024,4.859966531000055,0.11134730827995776,0.013293240559098012,0.0036915650095238083,0.8095238095238095,False,18,21,0.013293240559098012,0.01329324054727215,0.0036915650056557813,28,41235,0,0,0,30,4473,966
tour_new4,tour,h0,74512,1024,1024,1024,6.7986992240000745,0.06374786632276364,0.00016655767076836952,5.4005464516129035e-05,0.967741935483871,False,30,31,0.00016655767076836952,0.0001665576713261272,5.40054646966535e-05,30,41771,0,0,0,15,4537,969
tour_new3,tour,local24_random,74512,1024,1024,1024,0.9376597079999556,0.08791844976365458,0.0007837402161700197,0.0006363946315789473,0.9473684210526315,False,19,19,0.0007837402161700197,0.0007837402179546175,0.0006363946304566791,341,0,36,709,27470,0,0,962
job_new2,job,nsga2_typed,74507,1024,1024,1024,1.568447999,0.1370474036575901,0.0049644877445552335,0.0018150908428571403,0.7857142857142857,False,24,28,0.0049644877445552335,0.0049644877418905465,0.001815090843081064,0,0,0,0,0,0,0,977
job_new4,job,nsga_local24,74504,1024,1024,1024,1.531368104999956,0.11518275602281039,0.0,0.0,1.0,True,24,24,0.0,0.0,0.0,64,0,79,690,26461,15,10129,974
tour_new3,tour,fast_h0,74509,1024,1024,1024,3.323988621000126,0.0675052142326351,0.0,0.0,1.0,True,19,19,0.0,0.0,0.0,19,45671,0,0,0,15,3945,944
rgv_new2,rgv,local24_random,74506,1024,1024,1024,0.7893243850000999,0.12908962468457424,0.0,0.0,1.0,True,6,6,0.0,0.0,0.0,448,0,76,703,36309,0,0,998
job_new3,job,local24,74507,1024,1024,1024,1.804712077999966,0.10194105444657706,0.00880539855123123,0.002890364847619046,0.8095238095238095,False,20,21,0.00880539855123123,0.008805398535342996,0.0028903648451073984,27,0,39,742,29832,15,9846,987
job_new2,job,local24_random,74504,1024,1024,1024,0.7565545539998766,0.11522102058345593,0.0,0.0,1.0,True,28,28,0.0,0.0,0.0,524,0,53,722,29688,0,0,1004
job_new1,job,h0,74506,1024,1024,1024,5.184962335999899,0.09269105891491501,0.0,0.0,1.0,True,20,20,0.0,0.0,0.0,28,42264,0,0,0,15,4261,968
job_new2,job,h0,74512,1024,1024,1024,3.5272109709999313,0.12036304128755468,0.0003505991011946168,0.000102376675,0.9642857142857143,False,27,28,0.0003505991011946168,0.0003505990965921967,0.00010237667365565212,60,29878,0,0,0,15,5629,1010
tour_new2,tour,nsga_local24,74511,1024,1024,1024,1.6653507519999948,0.12485677155315275,0.0,0.0,1.0,True,17,17,0.0,0.0,0.0,69,0,77,674,30244,15,11480,993
tour_new2,tour,refit32,74505,1024,1024,1024,4.010597190999988,0.06465249338138934,0.0,0.0,1.0,True,17,17,0.0,0.0,3.0839528461809902e-18,15,39440,0,0,0,30,4742,988
tour_new2,tour,nsga_local24,74504,1024,1024,1024,1.5683068119999461,0.0928904705657441,0.0,0.0,1.0,True,17,17,0.0,0.0,0.0,53,0,64,717,29758,15,10703,984
rgv_new1,rgv,refit32,74503,1024,1024,1024,4.0072842140000375,0.12294344859156676,0.01098038543921713,0.005004548564246413,0.8,False,5,5,0.01098038543921713,0.01098038545160381,0.005004548559373408,117,24614,0,0,0,30,5984,1011
tour_new1,tour,nsga_local24,74502,1024,1024,1024,1.3816309440001078,0.09692481752393994,0.00035889448876713,0.00022346543571428564,0.9642857142857143,False,27,28,0.00035889448876713,0.00035889448911453437,0.00022346543629873878,67,0,70,671,26709,15,10189,977
tour_new4,tour,local24,74510,1024,1024,1024,1.4948937690001003,0.06477821861199826,0.00016655767076836952,5.4005464516129035e-05,0.967741935483871,False,30,31,0.00016655767076836952,0.0001665576713261272,5.40054646966535e-05,40,0,37,707,26137,15,9311,987
tour_new4,tour,fast_v10,74505,1024,1024,1024,3.184563889999936,0.10632760172248931,0.004986404439574028,0.0017965994032258057,0.8064516129032258,False,25,31,0.004986404439574028,0.004986404436653219,0.0017965994022443885,0,0,0,0,0,0,0,963
job_new1,job,fast_v10,74505,1024,1024,1024,3.379204479000009,0.1208375681865537,0.0,0.0,1.0,True,20,20,0.0,0.0,0.0,0,0,0,0,0,0,0,960
job_new4,job,nsga_local24,74511,1024,1024,1024,1.3087946380001085,0.09764881492806358,0.00010192837054059908,9.171975416666714e-05,0.9583333333333334,False,23,24,0.00010192837054059908,0.00010192836983850207,8.805096348362906e-05,56,0,70,704,26577,15,9986,973
rgv_new4,rgv,local24_random,74509,1024,1024,1024,0.702413616000058,0.10398225945131408,0.005965403603257758,0.001207243457142864,0.8571428571428571,False,6,7,0.005965403603257758,0.005965403620548808,0.001207243460764586,503,0,50,711,35517,0,0,1012
tour_new4,tour,fast_v10,74510,1024,1024,1024,2.719919738000044,0.10074762344930228,0.004985016222076831,0.0017923621290322578,0.8387096774193549,False,26,31,0.004985016222076831,0.004985016219330748,0.0017923621285966763,0,0,0,0,0,0,0,954
job_new4,job,fast_h0,74504,1024,1024,1024,2.347235122000029,0.10085796339601286,0.0,0.0,1.0,True,24,24,0.0,0.0,0.0,34,39755,0,0,0,15,4667,981
rgv_new2,rgv,nsga_local24,74505,1024,1024,1024,1.0886178250000285,0.08941145675601105,0.0,0.0,1.0,True,6,6,0.0,0.0,0.0,255,0,89,688,38556,15,14595,1019
job_new1,job,local24_random,74512,1024,1024,1024,0.8529393870001059,0.09531250698709871,0.0,0.0,1.0,True,20,20,0.0,0.0,0.0,386,0,30,737,24448,0,0,950
job_new1,job,local24_random,74504,1024,1024,1024,0.8459070760000031,0.10830224134357176,0.0,0.0,1.0,True,20,20,0.0,0.0,0.0,370,0,36,718,24963,0,0,968
tour_new1,tour,local24,74510,1024,1024,1024,1.4278501870001037,0.09495853028185147,0.00035889448876713,0.00022346543571428564,0.9642857142857143,False,27,28,0.00035889448876713,0.00035889448911453437,0.00022346543629873878,47,0,44,706,29155,15,11180,1006
job_new1,job,local24,74508,1024,1024,1024,1.5854979770001592,0.08090852730453924,0.0,0.0,1.0,True,20,20,0.0,0.0,0.0,21,0,24,713,24680,15,7505,957
rgv_new1,rgv,nsga2_typed,74510,1024,1024,1024,1.4385142169999199,0.1386296371959808,0.0036857760973923927,0.00818308279998681,0.6,False,4,5,0.0036857760973923927,0.0036857760995212246,0.008183082789066912,0,0,0,0,0,0,0,1011
rgv_new2,rgv,local24,74512,1024,1024,1024,1.639499250999961,0.01870881949353046,2.867054352380394e-05,0.0004591368333333364,0.8333333333333334,False,6,6,2.867054352380394e-05,2.8670542994593186e-05,0.00045913682277319107,179,0,59,695,31374,15,8950,975
tour_new4,tour,nsga_local24,74508,1024,1024,1024,1.3718055530000584,0.09054428361285947,0.00046634923267472987,0.00013711910967741938,0.9354838709677419,False,30,31,0.00046634923267472987,0.0004663492274624007,0.00013711910840673598,86,0,79,700,29023,15,11474,986
job_new2,job,nsga2_typed,74505,1024,1024,1024,1.4715944270001273,0.16718910383586533,0.03245163313125618,0.01845344756053403,0.6428571428571429,False,22,28,0.03245163313125618,0.032451633120335506,0.018453447554225847,0,0,0,0,0,0,0,993
job_new3,job,local24,74504,1024,1024,1024,1.2813478989999112,0.1041377518107605,0.011017472567201241,0.002890364847619046,0.8095238095238095,False,20,21,0.011017472567201241,0.011017472561184892,0.0028903648451073984,37,0,33,728,31399,15,11564,998
rgv_new1,rgv,refit32,74505,1024,1024,1024,2.4158554240000285,0.08625367948129323,0.0,0.0,1.0,True,5,5,0.0,0.0,0.0,131,25970,0,0,0,30,5910,1013
job_new3,job,nsga_local24,74509,1024,1024,1024,1.402178522999975,0.11288887896003146,0.007517913484139869,0.003253102914285713,0.7619047619047619,False,21,21,0.007517913484139869,0.00751791346477497,0.0032531029102557244,46,0,88,661,28092,15,11645,991
tour_new2,tour,fast_v10,74502,1024,1024,1024,1.9106499549998262,0.14321834333483352,0.0,0.0,1.0,True,17,17,0.0,0.0,3.0839528461809902e-18,0,0,0,0,0,0,0,1004
rgv_new4,rgv,nsga_local24,74508,1024,1024,1024,1.505042972999945,0.16585452328260636,0.0,0.0,1.0,True,7,7,0.0,0.0,0.0,279,0,101,690,40270,15,16540,1018
rgv_new1,rgv,local24_random,74503,1024,1024,1024,0.7247524060001069,0.09820215555624721,0.0,0.0,1.0,True,5,5,0.0,0.0,0.0,467,0,40,741,38219,0,0,1006
rgv_new3,rgv,refit32,74508,1024,1024,1024,2.700139763999914,0.12517393056795229,0.0,0.0,1.0,True,4,4,0.0,0.0,0.0,164,32042,0,0,0,30,5021,992
job_new4,job,local24_random,74508,1024,1024,1024,0.8500604289999956,0.12914826871640728,0.009263730847068599,0.003295121237499998,0.9166666666666666,False,22,24,0.009263730847068599,0.009263730846219544,0.003163316388864938,388,0,38,731,24261,0,0,965
job_new4,job,fast_h0,74512,1024,1024,1024,3.2577702000000954,0.10199919114516301,0.0,0.0,1.0,True,24,24,0.0,0.0,0.0,34,39445,0,0,0,15,4770,976
rgv_new4,rgv,nsga2_typed,74507,1024,1024,1024,1.2659282170000097,0.10929949308859255,0.002127378551649943,0.0011831609428571335,0.7142857142857143,False,7,7,0.002127378551649943,0.002127378572481937,0.001183160948055425,0,0,0,0,0,0,0,1012
job_new2,job,local24_random,74512,1024,1024,1024,0.6688980590001847,0.15435913230548712,0.0003505991011946168,0.000102376675,0.9642857142857143,False,27,28,0.0003505991011946168,0.0003505990965921967,0.00010237667365565212,495,0,59,725,28644,0,0,988
tour_new2,tour,fast_h0,74502,1024,1024,1024,2.250039920999825,0.12556744821083654,0.0,0.0,1.0,True,17,17,0.0,0.0,3.0839528461809902e-18,31,38448,0,0,0,15,4726,989
tour_new1,tour,h0,74512,1024,1024,1024,3.567834848000075,0.07866284696882436,0.00035889448876713,0.00022346543571428564,0.9642857142857143,False,27,28,0.00035889448876713,0.00035889448911453437,0.00022346543629873878,43,32404,0,0,0,15,5275,1002
tour_new1,tour,fast_v10,74506,1024,1024,1024,1.7919854249998934,0.050919209993517345,0.0010855497799552517,0.0009598843552793152,0.8571428571428571,False,25,28,0.0010855497799552517,0.0010855497811480496,0.0009598843572425794,0,0,0,0,0,0,0,1001
job_new2,job,fast_v10,74510,1024,1024,1024,1.714486997999984,0.11847112810865217,0.006757018427660836,0.003169393207142857,0.8571428571428571,False,24,28,0.006757018427660836,0.0067570184407510624,0.0031693932139322738,0,0,0,0,0,0,0,994
job_new4,job,refit32,74509,1024,1024,1024,2.740968536000082,0.09383469057226204,0.009263730847068599,0.003295121237499998,0.9166666666666666,False,22,24,0.009263730847068599,0.009263730846219544,0.003163316388864938,27,43710,0,0,0,30,4154,953
job_new4,job,local24_random,74501,1024,1024,1024,0.8810862620000535,0.11838166599767223,0.00848431790374991,0.0030435081132775496,0.9166666666666666,False,23,24,0.00848431790374991,0.008484317909951062,0.0029217677918575735,419,0,48,712,25409,0,0,977
rgv_new3,rgv,fast_h0,74502,1024,1024,1024,2.097430941000084,0.12926064175326865,0.0,0.0,1.0,True,4,4,0.0,0.0,0.0,169,33172,0,0,0,15,5179,994
rgv_new1,rgv,nsga2_typed,74501,1024,1024,1024,1.0392451150000852,0.0879262246163405,0.004754426741807955,0.012953197460785038,0.6,False,4,5,0.004754426741807955,0.004754426751745527,0.012953197481529372,0,0,0,0,0,0,0,1012
job_new2,job,local24_random,74506,1024,1024,1024,0.8396886600000926,0.1549500144258295,0.008423901030480319,0.005316024435714287,0.8214285714285714,False,24,28,0.008423901030480319,0.008423901025550198,0.005316024433182146,452,0,63,715,25830,0,0,980
tour_new3,tour,local24,74509,1024,1024,1024,1.5786269080001603,0.06725563682906704,0.0,0.0,1.0,True,19,19,0.0,0.0,0.0,24,0,26,748,27979,15,7340,960
job_new2,job,local24,74506,1024,1024,1024,1.3691019929999584,0.11810018494169047,0.0,0.0,1.0,True,28,28,0.0,0.0,0.0,74,0,62,715,29839,15,11634,994
tour_new2,tour,nsga_local24,74509,1024,1024,1024,1.26797227499992,0.10683242070855743,0.0,0.0,1.0,True,17,17,0.0,0.0,0.0,60,0,83,704,30509,15,11546,981
rgv_new3,rgv,local24_random,74507,1024,1024,1024,0.8357060329999513,0.09706990518495104,0.0,0.0,1.0,True,4,4,0.0,0.0,0.0,397,0,47,731,36898,0,0,996
rgv_new1,rgv,local24,74507,1024,1024,1024,1.4657759149999947,0.07058084900519909,0.0017087723885628081,0.0019047619,0.8,False,4,5,0.0017087723885628081,0.0017087723929064642,0.001904761904761905,104,0,65,704,35699,15,12012,998
rgv_new4,rgv,refit32,74504,1024,1024,1024,2.9437975690000258,0.09489727409760543,0.0,0.0,1.0,True,7,7,0.0,0.0,0.0,270,30845,0,0,0,30,5496,1015
job_new3,job,refit32,74512,1024,1024,1024,2.973651324000002,0.06336867674410498,0.0004959980403439167,0.0010089211428571426,0.9047619047619048,False,21,21,0.0004959980403439167,0.0004959980383463677,0.0010089211389473283,25,31878,0,0,0,30,5282,1002
rgv_new1,rgv,h0,74505,1024,1024,1024,4.321249913000202,0.08509291114750112,0.0,0.0,1.0,True,5,5,0.0,0.0,0.0,134,28329,0,0,0,15,5765,1011
rgv_new3,rgv,fast_h0,74503,1024,1024,1024,1.9821810079999977,0.0949284124610991,0.0,0.0,1.0,True,4,4,0.0,0.0,0.0,177,33657,0,0,0,15,5151,989
tour_new4,tour,fast_v10,74512,1024,1024,1024,2.3310378319999927,0.07703560024707731,0.004985016222076831,0.0017923621290322578,0.8387096774193549,False,26,31,0.004985016222076831,0.004985016219330748,0.0017923621285966763,0,0,0,0,0,0,0,962
tour_new3,tour,nsga_local24,74502,1024,1024,1024,1.045155861000012,0.12802820722093405,0.0,0.0,1.0,True,19,19,0.0,0.0,0.0,47,0,67,703,28844,15,9966,982
rgv_new3,rgv,fast_v10,74512,1024,1024,1024,2.189238721000038,0.03787042391502265,0.0,0.0,1.0,True,4,4,0.0,0.0,0.0,0,0,0,0,0,0,0,984
job_new3,job,fast_v10,74507,1024,1024,1024,1.9280210480001188,0.10485952036987752,0.012994405479088849,0.0036641240904761916,0.8095238095238095,False,18,21,0.012994405479088849,0.012994405492779795,0.0036641240909941262,0,0,0,0,0,0,0,966
job_new2,job,fast_h0,74511,1024,1024,1024,1.8814572599999337,0.14260842508747862,0.0,0.0,1.0,True,28,28,0.0,0.0,0.0,49,30954,0,0,0,15,5102,1004
job_new2,job,h0,74510,1024,1024,1024,3.482050238000056,0.10214255124017509,0.0003505991011946168,0.000102376675,0.9642857142857143,False,27,28,0.0003505991011946168,0.0003505990965921967,0.00010237667365565212,56,31717,0,0,0,15,5281,989
rgv_new2,rgv,h0,74511,1024,1024,1024,4.431638380999857,0.11286112505560356,0.0,0.0,1.0,True,6,6,0.0,0.0,0.0,238,37588,0,0,0,15,4751,991
job_new3,job,local24,74505,1024,1024,1024,1.5438852010001938,0.07819848859670392,0.006888007799414371,0.002490485166666667,0.8571428571428571,False,23,21,0.006888007799414371,0.00688800778522589,0.0024904851676132056,25,0,31,750,31745,15,11313,998
rgv_new3,rgv,local24,74512,1024,1024,1024,1.7902015099998607,0.035613269540492105,0.0,0.0,1.0,True,4,4,0.0,0.0,0.0,169,0,50,701,35863,15,9288,983
tour_new3,tour,h0,74501,1024,1024,1024,5.129829434000158,0.10616470087726944,0.0,0.0,1.0,True,19,19,0.0,0.0,0.0,35,45866,0,0,0,15,3958,962
tour_new3,tour,local24_random,74502,1024,1024,1024,0.8954648339999949,0.10385930034448476,0.0007837402161700197,0.0006363946315789473,0.9473684210526315,False,19,19,0.0007837402161700197,0.0007837402179546175,0.0006363946304566791,305,0,25,737,27359,0,0,950
job_new1,job,fast_h0,74509,1024,1024,1024,2.701937419999922,0.0793455180431996,0.0,0.0,1.0,True,20,20,0.0,0.0,0.0,18,46748,0,0,0,15,3921,959
tour_new4,tour,fast_h0,74505,1024,1024,1024,2.962505946999954,0.08236701828499808,0.0005437398504466922,0.00013711910967741938,0.9354838709677419,False,29,31,0.0005437398504466922,0.0005437398444195034,0.00013711910840673598,39,39146,0,0,0,15,4592,976
rgv_new1,rgv,fast_v10,74512,1024,1024,1024,1.9870971650000229,0.05874543619307564,0.0,0.0,1.0,True,5,5,0.0,0.0,0.0,0,0,0,0,0,0,0,1010
tour_new1,tour,nsga2_typed,74507,1024,1024,1024,1.6876923499999066,0.12562846572928182,5.250180458194511e-05,0.00013529293214285736,0.9642857142857143,False,27,28,5.250180458194511e-05,5.250180486730137e-05,0.00013529293270031273,0,0,0,0,0,0,0,987
tour_new3,tour,local24,74506,1024,1024,1024,1.4414642829999593,0.11716691145328328,0.0,0.0,1.0,True,19,19,0.0,0.0,0.0,24,0,31,754,28695,15,8000,960
job_new2,job,nsga2_typed,74504,1024,1024,1024,1.3360433150000972,0.13676409686139226,0.00043390174025801135,0.00029267986785714374,0.9285714285714286,False,26,28,0.00043390174025801135,0.00043390173603750725,0.00029267986628753455,0,0,0,0,0,0,0,998
tour_new2,tour,nsga2_typed,74508,1024,1024,1024,2.1100620559998333,0.14302325735740484,0.0002601273556582514,0.00012142490588235294,0.9411764705882353,False,16,17,0.0002601273556582514,0.00026012735681667996,0.00011467907825612337,0,0,0,0,0,0,0,977
rgv_new2,rgv,nsga2_typed,74506,1024,1024,1024,0.9626598100001047,0.08388712927230005,0.0023028055331372013,0.0009366917333333263,0.6666666666666666,False,5,6,0.0023028055331372013,0.0023028055478822944,0.0009366917415888493,0,0,0,0,0,0,0,1021
tour_new2,tour,nsga2_typed,74511,1024,1024,1024,1.663011009999991,0.1655968422617029,0.0006759574392870479,0.001136170158823529,0.8823529411764706,False,15,17,0.0006759574392870479,0.0006759574383706183,0.0010730495926222726,0,0,0,0,0,0,0,980
tour_new1,tour,fast_v10,74504,1024,1024,1024,1.5561420499998349,0.08220881166405745,0.0001391015219858212,0.00028273930357142874,0.9285714285714286,False,26,28,0.0001391015219858212,0.00013910152243232603,0.0002827393043590562,0,0,0,0,0,0,0,980
rgv_new4,rgv,nsga2_typed,74512,1024,1024,1024,1.2539827169998716,0.037045015441959456,0.0056311718055918406,0.0013947430285714388,0.5714285714285714,False,6,7,0.0056311718055918406,0.005631171786489819,0.0013947430240002698,0,0,0,0,0,0,0,1018
tour_new3,tour,nsga_local24,74504,1024,1024,1024,2.839350220999904,0.11013871002041434,0.0,0.0,1.0,True,19,19,0.0,0.0,0.0,46,0,65,714,28389,15,10123,977
job_new4,job,refit32,74504,1024,1024,1024,5.143809406999935,0.10303706000819632,0.00026922066809726244,0.0004387950208333315,0.9583333333333334,False,23,24,0.00026922066809726244,0.0002692206695362354,0.0004212432215436879,34,42401,0,0,0,30,4310,953
rgv_new1,rgv,local24_random,74501,1024,1024,1024,1.258108515999993,0.03430593008660922,0.0,0.0,1.0,True,5,5,0.0,0.0,0.0,488,0,42,730,39234,0,0,1005
job_new1,job,h0,74511,1024,1024,1024,9.0019075780001,0.057186643331742726,0.0,0.0,1.0,True,20,20,0.0,0.0,0.0,6,45530,0,0,0,15,4078,961
tour_new3,tour,fast_v10,74505,1024,1024,1024,4.473935227000084,0.12121469403020121,0.0,0.0,1.0,True,19,19,0.0,0.0,0.0,0,0,0,0,0,0,0,959
job_new1,job,local24,74501,1024,1024,1024,2.029750072999832,0.09587983828727868,0.0,0.0,1.0,True,20,20,0.0,0.0,0.0,17,0,26,733,24942,15,7253,964
job_new2,job,h0,74505,1024,1024,1024,7.456938015000105,0.11696623219146322,0.0003505991011946168,0.000102376675,0.9642857142857143,False,27,28,0.0003505991011946168,0.0003505990965921967,0.00010237667365565212,72,29996,0,0,0,15,5598,1004
rgv_new2,rgv,fast_v10,74510,1024,1024,1024,4.099416712999982,0.1143285956287337,0.0,0.0,1.0,True,6,6,0.0,0.0,0.0,0,0,0,0,0,0,0,992
tour_new1,tour,fast_v10,74511,1024,1024,1024,2.909416982000039,0.08767776040545683,0.0003660325715658001,0.00023561887499999972,0.9285714285714286,False,26,28,0.0003660325715658001,0.00036603257172329677,0.0002356188752571695,0,0,0,0,0,0,0,994
tour_new4,tour,fast_h0,74501,1024,1024,1024,4.831838916999914,0.05810120917412529,0.0,0.0,1.0,True,31,31,0.0,0.0,0.0,29,41320,0,0,0,15,4295,968
rgv_new1,rgv,local24_random,74507,1024,1024,1024,0.8815819800001918,0.07292685778286596,0.0,0.0,1.0,True,5,5,0.0,0.0,0.0,485,0,55,712,39887,0,0,1019
tour_new2,tour,refit32,74504,1024,1024,1024,5.50349885300011,0.09283010852332203,0.0,0.0,1.0,True,17,17,0.0,0.0,3.0839528461809902e-18,35,38084,0,0,0,30,4544,972
tour_new1,tour,local24_random,74512,1024,1024,1024,1.2861048530000971,0.11375423317146541,0.0,0.0,1.0,True,28,28,0.0,0.0,0.0,482,0,65,705,27807,0,0,990
rgv_new1,rgv,nsga2_typed,74512,1024,1024,1024,3.361161334999906,0.03225134233775055,0.0017087723885628081,0.0019047619,0.8,False,4,5,0.0017087723885628081,0.0017087723929064642,0.001904761904761905,0,0,0,0,0,0,0,1010
rgv_new3,rgv,fast_v10,74507,1024,1024,1024,2.6272712109998793,0.12318840579228921,0.0,0.0,1.0,True,4,4,0.0,0.0,0.0,0,0,0,0,0,0,0,991
rgv_new3,rgv,local24,74510,1024,1024,1024,2.0683443770001304,0.12174789267531642,0.0,0.0,1.0,True,4,4,0.0,0.0,0.0,138,0,51,716,36802,15,10756,992
job_new1,job,refit32,74511,1024,1024,1024,7.86087202900012,0.057186643331742726,0.0,0.0,1.0,True,20,20,0.0,0.0,0.0,6,45530,0,0,0,30,4078,961
tour_new4,tour,local24_random,74502,1024,1024,1024,1.2061163369999122,0.07606340061376438,0.00016655767076836952,5.4005464516129035e-05,0.967741935483871,False,30,31,0.00016655767076836952,0.0001665576713261272,5.40054646966535e-05,504,0,51,726,28701,0,0,988
rgv_new4,rgv,fast_h0,74506,1024,1024,1024,6.403364087,0.0842500722204492,0.005965403603257758,0.001207243457142864,0.8571428571428571,False,6,7,0.005965403603257758,0.005965403620548808,0.001207243460764586,191,38708,0,0,0,15,4731,998
rgv_new4,rgv,nsga2_typed,74511,1024,1024,1024,2.2819559959998514,0.16059907318496344,0.009199131863848697,0.001953156285714305,0.5714285714285714,False,5,7,0.009199131863848697,0.009199131871593309,0.0019531562874441433,0,0,0,0,0,0,0,1021
rgv_new3,rgv,fast_h0,74505,1024,1024,1024,5.70803867099994,0.09813714666769002,0.0,0.0,1.0,True,4,4,0.0,0.0,0.0,136,37340,0,0,0,15,4514,988
tour_new3,tour,h0,74507,1024,1024,1024,8.037864843999841,0.09087323116583443,0.0,0.0,1.0,True,19,19,0.0,0.0,0.0,16,46486,0,0,0,15,3838,951
rgv_new2,rgv,nsga2_typed,74510,1024,1024,1024,2.2994597279998743,0.139874379771306,0.0058330220027280645,0.0018918015833333322,0.6666666666666666,False,6,6,0.0058330220027280645,0.005833021972275318,0.0018918015792201935,0,0,0,0,0,0,0,1016
tour_new1,tour,local24,74504,1024,1024,1024,3.006579438000017,0.06542682711320554,0.0,0.0,1.0,True,28,28,0.0,0.0,0.0,50,0,39,729,30880,15,11552,999
job_new4,job,local24_random,74502,1024,1024,1024,1.9038542519999737,0.1280040678614746,0.009263730847068599,0.003295121237499998,0.9166666666666666,False,22,24,0.009263730847068599,0.009263730846219544,0.003163316388864938,408,0,44,726,24284,0,0,946
rgv_new2,rgv,fast_v10,74502,1024,1024,1024,3.2295858210000006,0.10240586306376165,0.0018025045645556387,0.00047755491666665967,0.8333333333333334,False,5,6,0.0018025045645556387,0.0018025045726244961,0.00047755491881566287,0,0,0,0,0,0,0,978
rgv_new1,rgv,local24_random,74512,1024,1024,1024,1.757073827999875,0.05840368171536307,0.0,0.0,1.0,True,5,5,0.0,0.0,0.0,420,0,42,743,39193,0,0,1003
rgv_new3,rgv,nsga_local24,74509,1024,1024,1024,2.8510578969999187,0.1507404097303834,0.0,0.0,1.0,True,4,4,0.0,0.0,0.0,226,0,106,666,41667,15,16041,1018
job_new4,job,fast_v10,74505,1024,1024,1024,3.2800900990000628,0.22363331027511418,0.009153871688379531,0.003295121237499998,0.9166666666666666,False,23,24,0.009153871688379531,0.009153871687999408,0.003163316388864938,0,0,0,0,0,0,0,970
tour_new3,tour,fast_h0,74505,1024,1024,1024,4.751588944999867,0.0933917950641098,0.0,0.0,1.0,True,19,19,0.0,0.0,0.0,23,43788,0,0,0,15,4065,960
job_new3,job,local24,74510,1024,1024,1024,3.15271493299997,0.11271861272373865,0.013293240559098012,0.0036915650095238083,0.8095238095238095,False,18,21,0.013293240559098012,0.01329324054727215,0.0036915650056557813,19,0,31,722,28231,15,9369,981
tour_new1,tour,local24,74507,1024,1024,1024,3.979705714999909,0.07374340100869511,0.00035889448876713,0.00022346543571428564,0.9642857142857143,False,27,28,0.00035889448876713,0.00035889448911453437,0.00022346543629873878,43,0,42,727,30854,15,11308,1003
rgv_new4,rgv,h0,74504,1024,1024,1024,6.228944246000083,0.0960912714959786,0.0005760915736788369,0.0007633296428571428,0.8571428571428571,False,7,7,0.0005760915736788369,0.0005760915789585081,0.0007633296439067211,271,32367,0,0,0,15,5090,1000
job_new3,job,local24_random,74507,1024,1024,1024,0.798657637000133,0.11238879807242193,0.004133379187781437,0.004736446507762481,0.7142857142857143,False,20,21,0.004133379187781437,0.004133379183657782,0.004736446506626668,484,0,49,740,29655,0,0,986
job_new2,job,nsga2_typed,74509,1024,1024,1024,2.7625642729999527,0.14961988169058843,0.0033510267442841647,0.001607317217857142,0.8571428571428571,False,24,28,0.0033510267442841647,0.0033510267401809244,0.001607317216285165,0,0,0,0,0,0,0,1001
tour_new2,tour,refit32,74509,1024,1024,1024,7.553278355000202,0.07523108775160806,0.0,0.0,1.0,True,17,17,0.0,0.0,3.0839528461809902e-18,31,36143,0,0,0,30,4864,983
tour_new4,tour,nsga2_typed,74507,1024,1024,1024,2.331108270000186,0.10723682009041033,0.0017571480768131772,0.0011307207580645157,0.9354838709677419,False,30,31,0.0017571480768131772,0.0017571480762267723,0.0011307207565765555,0,0,0,0,0,0,0,980
rgv_new2,rgv,nsga2_typed,74511,1024,1024,1024,1.682866494000109,0.18543005885720315,0.0018025045645556387,0.00047755491666665967,0.8333333333333334,False,5,6,0.0018025045645556387,0.0018025045726244961,0.00047755491881566287,0,0,0,0,0,0,0,1009
rgv_new2,rgv,local24,74507,1024,1024,1024,2.4302666099999897,0.08656758196777384,0.0,0.0,1.0,True,6,6,0.0,0.0,0.0,178,0,78,671,33377,15,9953,999
rgv_new2,rgv,refit32,74510,1024,1024,1024,5.8567805999998654,0.1186400843576074,0.0,0.0,1.0,True,6,6,0.0,0.0,0.0,211,39138,0,0,0,30,4686,985
rgv_new4,rgv,fast_h0,74509,1024,1024,1024,4.792179654000165,0.10051877149187907,0.005965403603257758,0.001207243457142864,0.8571428571428571,False,6,7,0.005965403603257758,0.005965403620548808,0.001207243460764586,245,33593,0,0,0,15,5078,995
tour_new2,tour,nsga2_typed,74504,1024,1024,1024,1.9997831029997997,0.1420977864913388,0.0006915318464574048,0.0003470553882352941,0.8823529411764706,False,15,17,0.0006915318464574048,0.0006915318524701554,0.0003277745362105506,0,0,0,0,0,0,0,976
rgv_new4,rgv,local24_random,74504,1024,1024,1024,0.7662307190000774,0.10637541582482968,0.009209849826465208,0.002391328916608072,0.8571428571428571,False,7,7,0.009209849826465208,0.009209849854457651,0.002391328923699395,504,0,64,712,33181,0,0,1002
tour_new4,tour,local24,74511,1024,1024,1024,2.992829962000087,0.07186705055259428,0.0016675424809539762,0.0005120576967741936,0.9032258064516129,False,29,31,0.0016675424809539762,0.0016675424673183567,0.0005120576941034469,36,0,38,734,27051,15,9648,973
job_new4,job,h0,74509,1024,1024,1024,8.448044510000045,0.10169637407220915,0.009263730847068599,0.003295121237499998,0.9166666666666666,False,22,24,0.009263730847068599,0.009263730846219544,0.003163316388864938,30,43893,0,0,0,15,4278,935
tour_new4,tour,refit32,74512,1024,1024,1024,7.251010188999999,0.0599684059919222,0.00016146065403349204,5.4005464516129035e-05,0.967741935483871,False,31,31,0.00016146065403349204,0.00016146065416796284,5.40054646966535e-05,30,43261,0,0,0,30,4527,972
job_new2,job,fast_v10,74501,1024,1024,1024,3.1775098990001425,0.14974574359596332,0.0003505991011946168,0.000102376675,0.9642857142857143,False,27,28,0.0003505991011946168,0.0003505990965921967,0.00010237667365565212,0,0,0,0,0,0,0,998
job_new3,job,refit32,74501,1024,1024,1024,7.787561658999948,0.15359945911379513,0.012792887470086054,0.003291685328571429,0.8571428571428571,False,19,21,0.012792887470086054,0.012792887462913259,0.0032916853281615885,41,39052,0,0,0,30,4875,967
rgv_new2,rgv,fast_h0,74510,1024,1024,1024,6.554627927999945,0.11979882304081335,0.0018025045645556387,0.00047755491666665967,0.8333333333333334,False,5,6,0.0018025045645556387,0.0018025045726244961,0.00047755491881566287,246,37233,0,0,0,15,4596,981
rgv_new2,rgv,refit32,74505,1024,1024,1024,6.8427727769999365,0.0635975344728423,0.0,0.0,1.0,True,6,6,0.0,0.0,0.0,236,37253,0,0,0,30,4723,991
tour_new4,tour,nsga_local24,74505,1024,1024,1024,1.894369074999986,0.08603153291712004,0.0,0.0,1.0,True,31,31,0.0,0.0,0.0,67,0,78,698,28841,15,11100,992
rgv_new1,rgv,nsga_local24,74511,1024,1024,1024,2.9683993690000534,0.2623229579514972,0.008543861945606988,0.002504405473056643,0.8,False,5,5,0.008543861945606988,0.008543861964532521,0.002504405476783931,172,0,115,656,41776,15,16970,1019
tour_new4,tour,fast_v10,74501,1024,1024,1024,3.7241057210001145,0.061089385369787565,0.0019649713648566026,0.0006343049096774194,0.8709677419354839,False,28,31,0.0019649713648566026,0.001964971353159139,0.0006343049078283053,0,0,0,0,0,0,0,962
rgv_new3,rgv,nsga_local24,74510,1024,1024,1024,2.9090940139999475,0.15054939276709148,0.0036275695282931434,0.005,0.75,False,4,4,0.0036275695282931434,0.003627569528415964,0.005,243,0,111,648,42244,15,16505,1021
rgv_new1,rgv,h0,74507,1024,1024,1024,8.21090262100006,0.07126852569844074,0.0,0.0,1.0,True,5,5,0.0,0.0,0.0,130,25249,0,0,0,15,6110,1011
rgv_new1,rgv,local24,74501,1024,1024,1024,2.886116133999849,0.03654560812276458,0.0,0.0,1.0,True,5,5,0.0,0.0,0.0,120,0,51,710,39482,15,12335,1009
rgv_new1,rgv,local24_random,74511,1024,1024,1024,1.8977851130000545,0.09528420494326924,0.0,0.0,1.0,True,5,5,0.0,0.0,0.0,474,0,52,738,37279,0,0,1010
tour_new3,tour,local24,74501,1024,1024,1024,3.379725408000013,0.10296757511870964,0.0,0.0,1.0,True,19,19,0.0,0.0,0.0,35,0,34,734,27000,15,7652,952
rgv_new3,rgv,nsga2_typed,74511,1024,1024,1024,2.023183367999991,0.1390060109079007,0.0,0.0,1.0,True,4,4,0.0,0.0,0.0,0,0,0,0,0,0,0,1007
job_new2,job,refit32,74502,1024,1024,1024,5.622963859000038,0.11561141329700372,0.0003505991011946168,0.000102376675,0.9642857142857143,False,27,28,0.0003505991011946168,0.0003505990965921967,0.00010237667365565212,33,33573,0,0,0,30,5334,994
tour_new3,tour,local24_random,74501,1024,1024,1024,1.7758550060000289,0.12165955897976925,0.0014859455010348358,0.0006363946315789473,0.9473684210526315,False,18,19,0.0014859455010348358,0.0014859454983664263,0.0006363946304566791,387,0,40,732,27534,0,0,963
job_new1,job,fast_v10,74501,1024,1024,1024,5.48928259000013,0.11678559175707195,0.0,0.0,1.0,True,20,20,0.0,0.0,0.0,0,0,0,0,0,0,0,950
tour_new4,tour,local24,74509,1024,1024,1024,2.7789384779998727,0.0727286448160431,0.00016146065403349204,5.4005464516129035e-05,0.967741935483871,False,31,31,0.00016146065403349204,0.00016146065416796284,5.40054646966535e-05,55,0,44,718,27982,15,10394,993
rgv_new3,rgv,refit32,74502,1024,1024,1024,5.209517900000037,0.12550339099352345,0.0,0.0,1.0,True,4,4,0.0,0.0,0.0,179,29878,0,0,0,30,5468,1010
tour_new2,tour,local24,74508,1024,1024,1024,2.8026497299999846,0.07903968531107741,0.0,0.0,1.0,True,17,17,0.0,0.0,3.0839528461809902e-18,28,0,30,746,32857,15,9676,981
job_new4,job,h0,74506,1024,1024,1024,9.102091129999963,0.09569902825529245,0.0,0.0,1.0,True,24,24,0.0,0.0,0.0,26,41279,0,0,0,15,4579,971
rgv_new1,rgv,refit32,74507,1024,1024,1024,3.863799061000009,0.06984326632180066,0.008543861945606988,0.002504405473056643,0.8,False,5,5,0.008543861945606988,0.008543861964532521,0.002504405476783931,123,26013,0,0,0,30,5681,1011
rgv_new3,rgv,fast_h0,74509,1024,1024,1024,2.7249936119999347,0.134849201754159,0.0,0.0,1.0,True,4,4,0.0,0.0,0.0,164,34877,0,0,0,15,5127,996
tour_new4,tour,fast_v10,74502,1024,1024,1024,4.2700355370000125,0.07161694022407591,0.00016715124140782872,5.8242738709676954e-05,0.9354838709677419,False,29,31,0.00016715124140782872,0.0001671512418845181,5.8242738344365644e-05,0,0,0,0,0,0,0,966
tour_new1,tour,nsga_local24,74512,1024,1024,1024,1.9254330839999056,0.08824803639178734,0.00035889448876713,0.00022346543571428564,0.9642857142857143,False,27,28,0.00035889448876713,0.00035889448911453437,0.00022346543629873878,74,0,67,709,27937,15,10816,978
rgv_new2,rgv,h0,74509,1024,1024,1024,8.36222338499988,0.12029080956370046,0.0,0.0,1.0,True,6,6,0.0,0.0,0.0,200,39156,0,0,0,15,4569,979
job_new3,job,nsga2_typed,74506,1024,1024,1024,3.07315619100018,0.15791044988949893,0.013008916030301547,0.0036641240904761916,0.8095238095238095,False,17,21,0.013008916030301547,0.013008916043611424,0.0036641240909941262,0,0,0,0,0,0,0,991
job_new1,job,local24,74510,1024,1024,1024,2.8092369219998545,0.12325197060539288,0.0,0.0,1.0,True,20,20,0.0,0.0,0.0,36,0,37,744,25848,15,8410,972
rgv_new3,rgv,fast_h0,74512,1024,1024,1024,5.624093501000061,0.033356115167412506,0.0,0.0,1.0,True,4,4,0.0,0.0,0.0,168,34997,0,0,0,15,4673,994
job_new2,job,nsga_local24,74509,1024,1024,1024,4.3778939480000645,0.12611631698467635,0.0003505991011946168,0.000102376675,0.9642857142857143,False,27,28,0.0003505991011946168,0.0003505990965921967,0.00010237667365565212,87,0,92,663,29682,15,12342,986
tour_new2,tour,nsga_local24,74508,1024,1024,1024,2.984599188999937,0.1070398721326418,0.0006915318464574048,0.0003470553882352941,0.8823529411764706,False,15,17,0.0006915318464574048,0.0006915318524701554,0.0003277745362105506,41,0,59,717,28297,15,10451,969
job_new3,job,local24_random,74501,1024,1024,1024,1.8216786820000834,0.19693181379783606,0.012768738534396314,0.0033344717095238102,0.8095238095238095,False,19,21,0.012768738534396314,0.012768738532204237,0.003334471709688989,529,0,69,707,28377,0,0,988
job_new4,job,nsga2_typed,74502,1024,1024,1024,3.245636063999882,0.12746508596973813,0.008994510178971337,0.0028563262166666666,0.9583333333333334,False,23,24,0.008994510178971337,0.008994510176683308,0.00274207316732125,0,0,0,0,0,0,0,979
tour_new3,tour,fast_v10,74511,1024,1024,1024,3.2477261189999354,0.10739855180459015,0.0,0.0,1.0,True,19,19,0.0,0.0,0.0,0,0,0,0,0,0,0,955
job_new1,job,refit32,74512,1024,1024,1024,8.323625856000035,0.08194647929496221,0.0,0.0,1.0,True,20,20,0.0,0.0,0.0,12,43141,0,0,0,30,4164,954
job_new4,job,refit32,74512,1024,1024,1024,3.66149921799979,0.10508378375165806,0.0,0.0,1.0,True,24,24,0.0,0.0,0.0,34,39457,0,0,0,30,4662,972
tour_new1,tour,fast_v10,74503,1024,1024,1024,5.07544126699986,0.10391775631550462,0.0040021936929767596,0.0017117609214285742,0.8571428571428571,False,25,28,0.0040021936929767596,0.004002193690463509,0.0017117609211438967,0,0,0,0,0,0,0,976
tour_new1,tour,h0,74505,1024,1024,1024,11.402529326999911,0.08132555905132312,0.0,0.0,1.0,True,28,28,0.0,0.0,0.0,44,29898,0,0,0,15,5365,1004
rgv_new1,rgv,h0,74506,1024,1024,1024,3.7589479270000083,0.09365686373381117,0.008543861945606988,0.002504405473056643,0.8,False,5,5,0.008543861945606988,0.008543861964532521,0.002504405476783931,148,25419,0,0,0,15,5916,1011
tour_new1,tour,nsga2_typed,74512,1024,1024,1024,3.8527686479999375,0.12546894978779793,0.0010990122854664546,0.0020341786150866394,0.8571428571428571,False,26,28,0.0010990122854664546,0.0010990122810994579,0.0020341786071017545,0,0,0,0,0,0,0,966
job_new3,job,refit32,74502,1024,1024,1024,6.628835674999891,0.09838367210839896,0.008574269629866717,0.002890364847619046,0.8095238095238095,False,21,21,0.008574269629866717,0.00857426961299773,0.0028903648451073984,30,38815,0,0,0,30,4694,983
job_new1,job,fast_h0,74501,1024,1024,1024,6.11420719900002,0.10542160261841313,0.0,0.0,1.0,True,20,20,0.0,0.0,0.0,10,44539,0,0,0,15,4187,944
job_new2,job,nsga_local24,74510,1024,1024,1024,2.5796959099998276,0.10831413588555594,0.0003505991011946168,0.000102376675,0.9642857142857143,False,27,28,0.0003505991011946168,0.0003505990965921967,0.00010237667365565212,68,0,73,694,28044,15,10778,980
tour_new3,tour,fast_v10,74508,1024,1024,1024,2.938963346000037,0.10635858709914296,0.0,0.0,1.0,True,19,19,0.0,0.0,0.0,0,0,0,0,0,0,0,973
rgv_new2,rgv,fast_h0,74507,1024,1024,1024,5.647102408000137,0.08470066840335319,0.0,0.0,1.0,True,6,6,0.0,0.0,0.0,189,38499,0,0,0,15,4650,979
rgv_new1,rgv,h0,74504,1024,1024,1024,10.383891243000107,0.15286865907225278,0.008543861945606988,0.002504405473056643,0.8,False,5,5,0.008543861945606988,0.008543861964532521,0.002504405476783931,150,25437,0,0,0,15,5852,1013
job_new1,job,fast_v10,74506,1024,1024,1024,3.5145150390001163,0.1220463171099306,0.0,0.0,1.0,True,20,20,0.0,0.0,0.0,0,0,0,0,0,0,0,959
rgv_new3,rgv,fast_h0,74510,1024,1024,1024,4.961606229999916,0.1299388395226917,0.0,0.0,1.0,True,4,4,0.0,0.0,0.0,167,36053,0,0,0,15,4799,995
tour_new1,tour,local24,74506,1024,1024,1024,3.299001037000153,0.04077635219666234,0.00035889448876713,0.00022346543571428564,0.9642857142857143,False,27,28,0.00035889448876713,0.00035889448911453437,0.00022346543629873878,47,0,41,725,31471,15,11714,998
rgv_new3,rgv,nsga_local24,74508,1024,1024,1024,3.759890418000168,0.151825175681308,0.01128577186539797,0.0050000000000000044,0.75,False,4,4,0.01128577186539797,0.01128577186618282,0.0050000000000000044,246,0,112,674,40083,15,15432,1020
tour_new3,tour,refit32,74507,1024,1024,1024,8.365541869000026,0.08481774232401565,0.0,0.0,1.0,True,19,19,0.0,0.0,0.0,16,44156,0,0,0,30,4182,958
job_new1,job,nsga_local24,74512,1024,1024,1024,2.082637624000199,0.11314160474786517,0.0002447332622702951,9.882825e-05,0.95,False,19,20,0.0002447332622702951,0.00024473326843173774,9.882825248587357e-05,43,0,73,693,23817,15,9140,954
job_new3,job,fast_v10,74508,1024,1024,1024,4.415424507000125,0.12727329202274407,0.015083443762131894,0.0060981127936613885,0.7619047619047619,False,17,21,0.015083443762131894,0.015083443747381088,0.006098112786910962,0,0,0,0,0,0,0,973
rgv_new3,rgv,nsga_local24,74502,1024,1024,1024,3.0966736440000204,0.13714666247142865,0.0,0.0,1.0,True,4,4,0.0,0.0,0.0,236,0,96,668,44193,15,16911,1023
rgv_new1,rgv,h0,74508,1024,1024,1024,7.905261410000094,0.13752572107928554,0.0,0.0,1.0,True,5,5,0.0,0.0,0.0,112,27957,0,0,0,15,5593,1009
job_new3,job,fast_v10,74509,1024,1024,1024,3.304907594999804,0.10953417143929631,0.019231260735690765,0.007664817098984535,0.5714285714285714,False,18,21,0.019231260735690765,0.019231260734702105,0.0076648170929269725,0,0,0,0,0,0,0,981
rgv_new3,rgv,refit32,74512,1024,1024,1024,5.775880582999889,0.033356115167412506,0.0,0.0,1.0,True,4,4,0.0,0.0,0.0,171,39645,0,0,0,30,4464,968
job_new3,job,h0,74502,1024,1024,1024,10.51142599900004,0.09662237585462158,0.011163191867951767,0.003253102914285713,0.7619047619047619,False,19,21,0.011163191867951767,0.011163191859932186,0.0032531029102557244,31,39548,0,0,0,15,4817,990
rgv_new2,rgv,nsga_local24,74503,1024,1024,1024,3.0493065579998984,0.10646091248217679,0.0018025045645556387,0.00047755491666665967,0.8333333333333334,False,5,6,0.0018025045645556387,0.0018025045726244961,0.00047755491881566287,262,0,101,673,38769,15,15243,1016
tour_new1,tour,nsga_local24,74503,1024,1024,1024,2.3214863569999125,0.08540327476480963,0.0,0.0,1.0,True,28,28,0.0,0.0,0.0,71,0,69,701,27515,15,10511,967
rgv_new1,rgv,nsga_local24,74503,1024,1024,1024,2.980214369999885,0.15980783521706043,0.008543861945606988,0.002504405473056643,0.8,False,5,5,0.008543861945606988,0.008543861964532521,0.002504405476783931,179,0,107,658,41530,15,16123,1017
tour_new2,tour,nsga2_typed,74509,1024,1024,1024,5.830103096999892,0.15110399237819022,0.014042147359552263,0.007357117454223964,0.7647058823529411,False,15,17,0.014042147359552263,0.01404214736397028,0.006948388710499465,0,0,0,0,0,0,0,954
tour_new1,tour,local24_random,74501,1024,1024,1024,1.406367328999977,0.09412652556741594,7.1380827986700555e-06,1.2153439285714069e-05,0.9642857142857143,False,27,28,7.1380827986700555e-06,7.1380826087623795e-06,1.215343895843073e-05,439,0,52,718,27789,0,0,969
job_new1,job,refit32,74507,1024,1024,1024,6.1018864820000545,0.14071707890925642,0.0,0.0,1.0,True,20,20,0.0,0.0,0.0,31,43429,0,0,0,30,4331,957
tour_new1,tour,fast_v10,74509,1024,1024,1024,2.862498571999822,0.07876243984491124,7.1380827986700555e-06,1.2153439285714069e-05,0.9642857142857143,False,27,28,7.1380827986700555e-06,7.1380826087623795e-06,1.215343895843073e-05,0,0,0,0,0,0,0,981
job_new1,job,h0,74509,1024,1024,1024,8.705196054999988,0.0793455180431996,0.0,0.0,1.0,True,20,20,0.0,0.0,0.0,18,46748,0,0,0,15,3921,959
rgv_new4,rgv,local24,74512,1024,1024,1024,2.8708873069999754,0.02859185517087163,1.2692348205486205e-05,0.0003434983428571451,0.8571428571428571,False,7,7,1.2692348205486205e-05,1.2692348128925077e-05,0.00034349833975802095,189,0,68,700,33750,15,10527,1002
rgv_new4,rgv,refit32,74512,1024,1024,1024,5.851181215999986,0.02715739420894834,0.0115965754088496,0.0026019864857143027,0.42857142857142855,False,5,7,0.0115965754088496,0.011596575407038626,0.002601986484764856,151,38752,0,0,0,30,4522,987
job_new2,job,local24_random,74511,1024,1024,1024,1.1955425700000433,0.17944718630575546,0.009769910543385487,0.005945720295135579,0.8571428571428571,False,26,28,0.009769910543385487,0.009769910543035746,0.005945720295240867,503,0,63,714,27806,0,0,988
rgv_new3,rgv,local24,74506,1024,1024,1024,3.8425115219999952,0.10269000927991875,0.0,0.0,1.0,True,4,4,0.0,0.0,0.0,138,0,54,715,35597,15,9399,971
job_new4,job,fast_v10,74507,1024,1024,1024,4.429683607000015,0.11521837184773405,0.009153871688379531,0.003295121237499998,0.9166666666666666,False,23,24,0.009153871688379531,0.009153871687999408,0.003163316388864938,0,0,0,0,0,0,0,933
rgv_new1,rgv,fast_v10,74508,1024,1024,1024,2.8117893319999894,0.20313403176888856,0.0,0.0,1.0,True,5,5,0.0,0.0,0.0,0,0,0,0,0,0,0,1010
tour_new2,tour,refit32,74503,1024,1024,1024,6.567622981000113,0.07780890802950169,0.0,0.0,1.0,True,17,17,0.0,0.0,3.0839528461809902e-18,15,42072,0,0,0,30,4352,972
rgv_new2,rgv,fast_h0,74503,1024,1024,1024,6.9904650209998636,0.13463040658724976,0.0018025045645556387,0.00047755491666665967,0.8333333333333334,False,5,6,0.0018025045645556387,0.0018025045726244961,0.00047755491881566287,248,36245,0,0,0,15,4689,991
rgv_new2,rgv,fast_h0,74509,1024,1024,1024,5.908750767000129,0.12029080956370046,0.0,0.0,1.0,True,6,6,0.0,0.0,0.0,200,39156,0,0,0,15,4569,979
job_new1,job,local24_random,74501,1024,1024,1024,1.7041151490000175,0.10215779172033443,0.0,0.0,1.0,True,20,20,0.0,0.0,0.0,362,0,26,743,24812,0,0,956
tour_new1,tour,refit32,74508,1024,1024,1024,4.773692610000126,0.06457900756874994,0.00035889448876713,0.00022346543571428564,0.9642857142857143,False,27,28,0.00035889448876713,0.00035889448911453437,0.00022346543629873878,44,30979,0,0,0,30,5492,1005
tour_new4,tour,fast_v10,74508,1024,1024,1024,4.403295558999844,0.0974306315743936,0.004986404439574028,0.0017965994032258057,0.8064516129032258,False,25,31,0.004986404439574028,0.004986404436653219,0.0017965994022443885,0,0,0,0,0,0,0,955
rgv_new3,rgv,local24,74508,1024,1024,1024,3.1204321790000904,0.12467973993835621,0.0,0.0,1.0,True,4,4,0.0,0.0,0.0,172,0,67,683,35460,15,9356,983
job_new4,job,nsga_local24,74505,1024,1024,1024,3.001039498999944,0.15314488465356618,0.0,0.0,1.0,True,24,24,0.0,0.0,0.0,72,0,85,669,26610,15,10346,983
job_new4,job,fast_v10,74508,1024,1024,1024,6.190365153999892,0.13406874685786163,0.009263730847068599,0.003295121237499998,0.9166666666666666,False,22,24,0.009263730847068599,0.009263730846219544,0.003163316388864938,0,0,0,0,0,0,0,958
rgv_new4,rgv,fast_h0,74510,1024,1024,1024,4.803686856000013,0.1403044034089948,0.0,0.0,1.0,True,7,7,0.0,0.0,0.0,256,33058,0,0,0,15,5174,989
job_new2,job,local24_random,74505,1024,1024,1024,1.91929201500011,0.12301954444088403,0.0032912219825122226,0.0019248391214285712,0.8571428571428571,False,26,28,0.0032912219825122226,0.003291221984034978,0.0019248391214723268,571,0,57,718,30909,0,0,1006
rgv_new4,rgv,local24_random,74512,1024,1024,1024,1.7426981450000767,0.031691636860671585,0.0,0.0,1.0,True,7,7,0.0,0.0,0.0,411,0,45,729,32332,0,0,1008
tour_new2,tour,fast_h0,74505,1024,1024,1024,4.797339363999981,0.06965449879720503,0.0,0.0,1.0,True,17,17,0.0,0.0,3.0839528461809902e-18,18,41065,0,0,0,15,4538,981
tour_new3,tour,nsga2_typed,74509,1024,1024,1024,4.266473078999979,0.125759804301297,0.007215716916139184,0.0035618540631578944,0.8947368421052632,False,17,19,0.007215716916139184,0.007215716911660035,0.003561854061290052,0,0,0,0,0,0,0,959
rgv_new3,rgv,nsga2_typed,74503,1024,1024,1024,1.5483902640000906,0.16056113418815154,0.0,0.0,1.0,True,4,4,0.0,0.0,0.0,0,0,0,0,0,0,0,1020
job_new1,job,h0,74508,1024,1024,1024,9.380066130999921,0.08048009192613863,0.0,0.0,1.0,True,20,20,0.0,0.0,0.0,14,43790,0,0,0,15,4169,959
job_new2,job,local24,74508,1024,1024,1024,3.58607247000009,0.08775783316509664,0.0,0.0,1.0,True,28,28,0.0,0.0,0.0,31,0,35,737,31632,15,11806,998
job_new2,job,fast_h0,74505,1024,1024,1024,5.5214617799999814,0.11696623219146322,0.0003505991011946168,0.000102376675,0.9642857142857143,False,27,28,0.0003505991011946168,0.0003505990965921967,0.00010237667365565212,72,29996,0,0,0,15,5598,1004
tour_new3,tour,refit32,74509,1024,1024,1024,6.505057871999952,0.06359929801547351,0.0,0.0,1.0,True,19,19,0.0,0.0,0.0,20,48382,0,0,0,30,3758,941
tour_new1,tour,fast_v10,74501,1024,1024,1024,5.396432759999925,0.10945915091804419,0.003965587806626327,0.0018950859900866393,0.8571428571428571,False,26,28,0.003965587806626327,0.003965587802417455,0.00189508598875604,0,0,0,0,0,0,0,971
job_new3,job,fast_h0,74503,1024,1024,1024,4.267597854000087,0.07079422127262389,0.002237993724493381,0.0011402025238095217,0.9047619047619048,False,19,21,0.002237993724493381,0.0022379937220513057,0.0011402025212994221,37,36948,0,0,0,15,4936,986
rgv_new1,rgv,local24_random,74506,1024,1024,1024,2.239224001999901,0.1300849203050333,0.0,0.0,1.0,True,5,5,0.0,0.0,0.0,504,0,55,735,37449,0,0,1007
rgv_new1,rgv,h0,74502,1024,1024,1024,9.165707397000006,0.08967571258849473,0.0,0.0,1.0,True,5,5,0.0,0.0,0.0,139,31283,0,0,0,15,5578,1000
tour_new4,tour,fast_h0,74511,1024,1024,1024,3.667157746000157,0.07374984005068971,0.00234175124012658,0.0007172928645161291,0.8709677419354839,False,27,31,0.00234175124012658,0.0023417512399987995,0.0007172928652198661,33,45121,0,0,0,15,4286,958
rgv_new4,rgv,nsga_local24,74502,1024,1024,1024,2.6315110759999243,0.10677597220352333,0.005965403603257758,0.001207243457142864,0.8571428571428571,False,6,7,0.005965403603257758,0.005965403620548808,0.001207243460764586,298,0,120,625,36393,15,15561,1024
job_new2,job,fast_v10,74505,1024,1024,1024,3.2589480819999608,0.13638491244378698,0.011835960292295774,0.007600554555849864,0.7857142857142857,False,27,28,0.011835960292295774,0.01183596029139679,0.007600554559593841,0,0,0,0,0,0,0,991
tour_new4,tour,h0,74504,1024,1024,1024,6.579367717999958,0.04359721661253477,0.00029742888390262663,0.0001222472129032258,0.967741935483871,False,30,31,0.00029742888390262663,0.0002974288858407821,0.0001222472137248585,39,40431,0,0,0,15,4686,974
rgv_new1,rgv,local24,74510,1024,1024,1024,3.399979604000009,0.12053000796484085,0.0,0.0,1.0,True,5,5,0.0,0.0,0.0,117,0,52,647,35596,15,10646,999
job_new3,job,fast_v10,74512,1024,1024,1024,3.0547884539998904,0.08089621877729938,0.007676400707890551,0.003962829599371719,0.7619047619047619,False,22,21,0.007676400707890551,0.007676400691925104,0.0039628295952971624,0,0,0,0,0,0,0,1006
job_new4,job,h0,74512,1024,1024,1024,11.048919888,0.10199919114516301,0.0,0.0,1.0,True,24,24,0.0,0.0,0.0,34,39445,0,0,0,15,4770,976
job_new3,job,nsga_local24,74508,1024,1024,1024,2.6391056080001363,0.12270311575590953,0.01312162484296639,0.004041414323809523,0.7619047619047619,False,20,21,0.01312162484296639,0.013121624838988146,0.004041414319528639,48,0,83,701,27869,15,11041,974
rgv_new3,rgv,fast_v10,74502,1024,1024,1024,2.3950502229999984,0.12490054852175658,0.0,0.0,1.0,True,4,4,0.0,0.0,0.0,0,0,0,0,0,0,0,1006
rgv_new1,rgv,refit32,74510,1024,1024,1024,3.9720167959999344,0.12628255442485986,0.0,0.0,1.0,True,5,5,0.0,0.0,0.0,144,24078,0,0,0,30,5916,1010
tour_new2,tour,fast_h0,74510,1024,1024,1024,6.30136308200008,0.10018864285541147,0.0,0.0,1.0,True,17,17,0.0,0.0,3.0839528461809902e-18,36,36383,0,0,0,15,4793,986
tour_new2,tour,local24_random,74501,1024,1024,1024,1.0325774269999783,0.09347327371451694,0.00019924060431430744,0.00010420557647058823,0.9411764705882353,False,16,17,0.00019924060431430744,0.00019924060820149193,9.841637969830694e-05,365,0,35,730,31124,0,0,977
job_new3,job,local24_random,74512,1024,1024,1024,0.8257996610000191,0.06858240637904535,0.004179067420135851,0.004373708441095815,0.7619047619047619,False,19,21,0.004179067420135851,0.004179067417647301,0.004373708441478342,473,0,41,709,29355,0,0,1000
rgv_new3,rgv,h0,74504,1024,1024,1024,7.913932236000164,0.1295953595084892,0.0,0.0,1.0,True,4,4,0.0,0.0,0.0,165,39469,0,0,0,15,4631,977
tour_new4,tour,fast_v10,74503,1024,1024,1024,4.511434172000008,0.06074206000848299,0.000394233471316182,0.0005039251258064511,0.8709677419354839,False,27,31,0.000394233471316182,0.00039423347142631234,0.0005039251236124776,0,0,0,0,0,0,0,960
job_new1,job,nsga_local24,74511,1024,1024,1024,2.760267098999975,0.06851035263197511,0.0,0.0,1.0,True,20,20,0.0,0.0,0.0,38,0,55,692,24349,15,8736,979
tour_new3,tour,nsga_local24,74506,1024,1024,1024,2.629395340999963,0.12242028468981421,0.0,0.0,1.0,True,19,19,0.0,0.0,0.0,48,0,77,683,28214,15,9949,983
rgv_new1,rgv,local24,74512,1024,1024,1024,3.182360135999943,0.060643359746346236,0.0,0.0,1.0,True,5,5,0.0,0.0,0.0,130,0,51,720,37135,15,10667,1005
rgv_new2,rgv,h0,74508,1024,1024,1024,6.1373547240000335,0.07342210685530448,0.0,0.0,1.0,True,6,6,0.0,0.0,0.0,214,38724,0,0,0,15,4682,984
rgv_new4,rgv,nsga2_typed,74510,1024,1024,1024,1.1298064850000173,0.17889472633179596,0.0,0.0,1.0,True,7,7,0.0,0.0,0.0,0,0,0,0,0,0,0,1018
tour_new3,tour,local24,74510,1024,1024,1024,2.7002575460001026,0.10053124427427565,0.0,0.0,1.0,True,19,19,0.0,0.0,0.0,32,0,35,730,28284,15,8078,962
rgv_new1,rgv,nsga_local24,74508,1024,1024,1024,2.228597916999888,0.16922841817717554,0.008543861945606988,0.002504405473056643,0.8,False,5,5,0.008543861945606988,0.008543861964532521,0.002504405476783931,172,0,116,683,38603,15,15371,1016
job_new3,job,nsga_local24,74503,1024,1024,1024,1.3404279660001066,0.0755733085350235,0.0006200811698128777,0.0007626177476190458,0.9047619047619048,False,20,21,0.0006200811698128777,0.0006200811653933525,0.0007626177426425187,41,0,69,696,29156,15,11703,1004
rgv_new1,rgv,local24_random,74504,1024,1024,1024,0.7833079240001553,0.15123608147997009,0.0,0.0,1.0,True,5,5,0.0,0.0,0.0,481,0,55,721,38285,0,0,1006
rgv_new3,rgv,local24_random,74512,1024,1024,1024,0.8981126410001252,0.035613269540492105,0.0,0.0,1.0,True,4,4,0.0,0.0,0.0,369,0,40,724,36688,0,0,1003
tour_new4,tour,nsga2_typed,74504,1024,1024,1024,2.764587729000141,0.07152244841184,0.0002985176927705321,0.00012648448709677373,0.9354838709677419,False,29,31,0.0002985176927705321,0.0002985176945670946,0.00012648448737257064,0,0,0,0,0,0,0,974
tour_new1,tour,h0,74510,1024,1024,1024,5.593519873999867,0.09264439671461158,0.0,0.0,1.0,True,28,28,0.0,0.0,0.0,48,30944,0,0,0,15,5434,1002
tour_new3,tour,fast_h0,74502,1024,1024,1024,4.222494937999954,0.11194887658439936,0.0,0.0,1.0,True,19,19,0.0,0.0,0.0,27,48344,0,0,0,15,3732,962
rgv_new4,rgv,nsga2_typed,74508,1024,1024,1024,1.4188709229999859,0.19173771857231037,0.0044070653323126105,0.0011068279857142965,0.7142857142857143,False,6,7,0.0044070653323126105,0.00440706532250931,0.0011068279836647457,0,0,0,0,0,0,0,1016
tour_new2,tour,local24,74501,1024,1024,1024,2.1470305340001232,0.08152740690145166,0.0,0.0,1.0,True,17,17,0.0,0.0,3.0839528461809902e-18,37,0,29,751,33138,15,9859,972
tour_new3,tour,h0,74503,1024,1024,1024,6.55473695500018,0.11756828327837762,0.0,0.0,1.0,True,19,19,0.0,0.0,0.0,20,45788,0,0,0,15,3956,943
job_new2,job,local24_random,74507,1024,1024,1024,0.7107540800000152,0.09606281778272334,0.0003505991011946168,0.000102376675,0.9642857142857143,False,27,28,0.0003505991011946168,0.0003505990965921967,0.00010237667365565212,474,0,44,712,28452,0,0,990
job_new3,job,fast_v10,74504,1024,1024,1024,1.9803015179998056,0.11977628168952939,0.010517119478189283,0.002490485166666667,0.8571428571428571,False,21,21,0.010517119478189283,0.010517119476826002,0.0024904851676132056,0,0,0,0,0,0,0,993
tour_new2,tour,h0,74503,1024,1024,1024,6.83217525200007,0.07894063775652409,0.0,0.0,1.0,True,17,17,0.0,0.0,3.0839528461809902e-18,14,42329,0,0,0,15,4296,972
tour_new2,tour,fast_v10,74501,1024,1024,1024,1.7824330680000458,0.09562727729645831,0.0,0.0,1.0,True,17,17,0.0,0.0,3.0839528461809902e-18,0,0,0,0,0,0,0,993
rgv_new4,rgv,h0,74509,1024,1024,1024,4.795196579000049,0.10051877149187907,0.005965403603257758,0.001207243457142864,0.8571428571428571,False,6,7,0.005965403603257758,0.005965403620548808,0.001207243460764586,245,33593,0,0,0,15,5078,995
tour_new3,tour,fast_v10,74506,1024,1024,1024,2.8246604299999944,0.15280389575042033,0.007215716916139184,0.0035618540631578944,0.8947368421052632,False,17,19,0.007215716916139184,0.007215716911660035,0.003561854061290052,0,0,0,0,0,0,0,940
job_new4,job,nsga2_typed,74508,1024,1024,1024,2.3097366489998876,0.14192223220212652,0.009263730847068599,0.003295121237499998,0.9166666666666666,False,22,24,0.009263730847068599,0.009263730846219544,0.003163316388864938,0,0,0,0,0,0,0,952
rgv_new4,rgv,h0,74507,1024,1024,1024,5.088017730000047,0.058786133418976635,0.0,0.0,1.0,True,7,7,0.0,0.0,0.0,219,37200,0,0,0,15,4858,983
tour_new4,tour,nsga_local24,74501,1024,1024,1024,1.4855571529999452,0.0621973598905575,0.0,0.0,1.0,True,31,31,0.0,0.0,0.0,59,0,70,688,28092,15,10936,982
job_new1,job,nsga_local24,74505,1024,1024,1024,2.8523815280000235,0.1340153481076508,0.0,0.0,1.0,True,20,20,0.0,0.0,0.0,48,0,73,681,23537,15,9135,959
tour_new1,tour,nsga_local24,74507,1024,1024,1024,3.0652957580000475,0.10432534575221966,0.0,0.0,1.0,True,28,28,0.0,0.0,0.0,96,0,76,694,28516,15,11334,978
tour_new3,tour,refit32,74502,1024,1024,1024,3.8813705719999234,0.1100076640481737,0.0,0.0,1.0,True,19,19,0.0,0.0,0.0,24,47238,0,0,0,30,3811,958
rgv_new2,rgv,nsga_local24,74506,1024,1024,1024,1.8700316340000427,0.08115769356917528,0.0023028055331372013,0.0009366917333333263,0.6666666666666666,False,5,6,0.0023028055331372013,0.0023028055478822944,0.0009366917415888493,299,0,96,692,42124,15,15994,1023
job_new4,job,refit32,74510,1024,1024,1024,6.140254218000109,0.1054880892785363,0.00026922066809726244,0.0004387950208333315,0.9583333333333334,False,23,24,0.00026922066809726244,0.0002692206695362354,0.0004212432215436879,32,43481,0,0,0,30,4194,950
rgv_new2,rgv,local24_random,74510,1024,1024,1024,0.9544630279999637,0.11316245246576093,0.0,0.0,1.0,True,6,6,0.0,0.0,0.0,416,0,55,695,32056,0,0,992
rgv_new2,rgv,h0,74501,1024,1024,1024,8.703092651000134,0.057887652498241994,0.0,0.0,1.0,True,6,6,0.0,0.0,0.0,226,36495,0,0,0,15,4698,995
job_new1,job,nsga2_typed,74509,1024,1024,1024,2.6053850319999583,0.15803964207512344,0.0,0.0,1.0,True,20,20,0.0,0.0,0.0,0,0,0,0,0,0,0,959
job_new4,job,nsga_local24,74506,1024,1024,1024,1.6497256970001217,0.07995489619772073,0.0,0.0,1.0,True,24,24,0.0,0.0,0.0,53,0,70,689,25725,15,9720,961
rgv_new3,rgv,h0,74507,1024,1024,1024,7.01028643199993,0.09578010268584111,0.0,0.0,1.0,True,4,4,0.0,0.0,0.0,157,35702,0,0,0,15,4825,992
job_new2,job,fast_h0,74512,1024,1024,1024,2.70281989099999,0.12036304128755468,0.0003505991011946168,0.000102376675,0.9642857142857143,False,27,28,0.0003505991011946168,0.0003505990965921967,0.00010237667365565212,60,29878,0,0,0,15,5629,1010
rgv_new3,rgv,local24,74509,1024,1024,1024,2.2571735939998234,0.14572139564515654,0.0,0.0,1.0,True,4,4,0.0,0.0,0.0,134,0,63,711,39502,15,10704,1002
job_new4,job,fast_h0,74503,1024,1024,1024,3.5092905229998905,0.12680234459371093,0.009263730847068599,0.003295121237499998,0.9166666666666666,False,22,24,0.009263730847068599,0.009263730846219544,0.003163316388864938,43,42672,0,0,0,15,4238,935
rgv_new4,rgv,nsga2_typed,74503,1024,1024,1024,1.5633642059999602,0.12728249142056713,0.002063634762729428,0.0005815459902470098,0.8571428571428571,False,7,7,0.002063634762729428,0.002063634779657043,0.000581545994077441,0,0,0,0,0,0,0,1016
tour_new4,tour,local24_random,74503,1024,1024,1024,1.2110288490000585,0.06682102097384501,0.002521114847629267,0.0016031483483870967,0.8064516129032258,False,27,31,0.002521114847629267,0.0025211148354264347,0.0016031483447185965,386,0,45,708,24948,0,0,964
tour_new3,tour,h0,74512,1024,1024,1024,8.69086195900013,0.09539307164577399,0.0,0.0,1.0,True,19,19,0.0,0.0,0.0,16,47678,0,0,0,15,3933,958
rgv_new3,rgv,fast_h0,74504,1024,1024,1024,4.784516791999977,0.1295953595084892,0.0,0.0,1.0,True,4,4,0.0,0.0,0.0,165,39469,0,0,0,15,4631,977
tour_new1,tour,local24_random,74507,1024,1024,1024,0.8734831249998933,0.09941144775202762,0.0034225353813280403,0.0011167791357142858,0.9642857142857143,False,27,28,0.0034225353813280403,0.003422535378860794,0.0011167791349058283,414,0,53,713,26686,0,0,967
rgv_new4,rgv,refit32,74506,1024,1024,1024,3.8278798129999814,0.08140536444370075,0.0005760915736788369,0.0007633296428571428,0.8571428571428571,False,7,7,0.0005760915736788369,0.0005760915789585081,0.0007633296439067211,195,37225,0,0,0,30,4633,989
tour_new4,tour,fast_v10,74507,1024,1024,1024,4.591864837999992,0.08502880893081013,0.0008422575432170035,0.0002636035967741931,0.8709677419354839,False,27,31,0.0008422575432170035,0.000842257538986598,0.00026360359577930664,0,0,0,0,0,0,0,954
job_new2,job,h0,74503,1024,1024,1024,4.668763997000042,0.07431039955215588,0.0003505991011946168,0.000102376675,0.9642857142857143,False,27,28,0.0003505991011946168,0.0003505990965921967,0.00010237667365565212,44,33123,0,0,0,15,5391,999
tour_new3,tour,local24_random,74507,1024,1024,1024,1.9707263459999922,0.10927394816650556,0.0,0.0,1.0,True,19,19,0.0,0.0,0.0,414,0,50,713,28636,0,0,988
job_new4,job,refit32,74511,1024,1024,1024,4.1261908100000255,0.09991955660376485,0.009263730847068599,0.003295121237499998,0.9166666666666666,False,22,24,0.009263730847068599,0.009263730846219544,0.003163316388864938,37,41791,0,0,0,30,4274,949
rgv_new4,rgv,nsga_local24,74504,1024,1024,1024,1.6701816100000997,0.15795579297004161,1.2692348205486205e-05,0.0003434983428571451,0.8571428571428571,False,7,7,1.2692348205486205e-05,1.2692348128925077e-05,0.00034349833975802095,281,0,115,660,37387,15,15487,1015
rgv_new4,rgv,fast_h0,74512,1024,1024,1024,3.2037243300001137,0.026273865748840903,0.007612588333658949,0.001609657942857152,0.7142857142857143,False,6,7,0.007612588333658949,0.007612588355489742,0.0016096579476861145,195,35324,0,0,0,15,5024,996
job_new4,job,nsga_local24,74501,1024,1024,1024,1.663156337999908,0.11122693098396601,0.0,0.0,1.0,True,24,24,0.0,0.0,0.0,69,0,79,672,25646,15,10408,967
rgv_new1,rgv,local24,74511,1024,1024,1024,3.144616694999968,0.09279050864238328,0.008543861945606988,0.002504405473056643,0.8,False,5,5,0.008543861945606988,0.008543861964532521,0.002504405476783931,87,0,43,714,37234,15,12231,1006
job_new4,job,fast_v10,74509,1024,1024,1024,3.5067744079999557,0.10766282169443955,0.009263730847068599,0.003295121237499998,0.9166666666666666,False,22,24,0.009263730847068599,0.009263730846219544,0.003163316388864938,0,0,0,0,0,0,0,927
rgv_new2,rgv,fast_v10,74512,1024,1024,1024,2.4858339580000575,0.018254964805019067,2.867054352380394e-05,0.0004591368333333364,0.8333333333333334,False,6,6,2.867054352380394e-05,2.8670542994593186e-05,0.00045913682277319107,0,0,0,0,0,0,0,987
job_new3,job,fast_v10,74501,1024,1024,1024,2.7506734179999057,0.13852603243080192,0.01105246061903297,0.002890364847619046,0.8095238095238095,False,19,21,0.01105246061903297,0.01105246062184805,0.0028903648451073984,0,0,0,0,0,0,0,967
tour_new1,tour,fast_h0,74509,1024,1024,1024,2.647445087000051,0.07445763227087918,0.00035889448876713,0.00022346543571428564,0.9642857142857143,False,27,28,0.00035889448876713,0.00035889448911453437,0.00022346543629873878,41,32490,0,0,0,15,5235,997
tour_new2,tour,local24_random,74506,1024,1024,1024,1.2746050660000492,0.11267208828582986,0.0,0.0,1.0,True,17,17,0.0,0.0,3.0839528461809902e-18,426,0,32,744,32046,0,0,979
job_new4,job,fast_v10,74506,1024,1024,1024,3.6689031680000426,0.130755536162745,0.009263730847068599,0.003295121237499998,0.9166666666666666,False,22,24,0.009263730847068599,0.009263730846219544,0.003163316388864938,0,0,0,0,0,0,0,932
job_new3,job,local24_random,74510,1024,1024,1024,1.0034002919999239,0.10922778677416993,0.01121695461478913,0.0032277221904761892,0.7619047619047619,False,18,21,0.01121695461478913,0.011216954606261959,0.0032277221874198636,430,0,36,736,29319,0,0,990
rgv_new2,rgv,fast_h0,74505,1024,1024,1024,3.436585452999907,0.0724101114770278,0.0,0.0,1.0,True,6,6,0.0,0.0,0.0,259,37171,0,0,0,15,4752,992
tour_new4,tour,local24,74507,1024,1024,1024,1.561358774999917,0.07267225423655524,0.0005437398504466922,0.00013711910967741938,0.9354838709677419,False,29,31,0.0005437398504466922,0.0005437398444195034,0.00013711910840673598,26,0,36,721,25754,15,8781,964
tour_new2,tour,local24_random,74508,1024,1024,1024,1.1541775759999382,0.11484828784241403,0.0,0.0,1.0,True,17,17,0.0,0.0,3.0839528461809902e-18,478,0,63,712,31399,0,0,987
tour_new2,tour,fast_v10,74512,1024,1024,1024,4.095533065999916,0.1366842171547997,0.00019924060431430744,0.00010420557647058823,0.9411764705882353,False,16,17,0.00019924060431430744,0.00019924060820149193,9.841637969830694e-05,0,0,0,0,0,0,0,958
rgv_new4,rgv,fast_h0,74501,1024,1024,1024,4.678640966000103,0.05937112378239192,0.0,0.0,1.0,True,7,7,0.0,0.0,0.0,226,36029,0,0,0,15,4867,1002
rgv_new3,rgv,nsga2_typed,74501,1024,1024,1024,1.5186184469998807,0.08313443035398037,0.0,0.0,1.0,True,4,4,0.0,0.0,0.0,0,0,0,0,0,0,0,1016
job_new1,job,h0,74502,1024,1024,1024,10.924290447999965,0.10939993176031286,0.0,0.0,1.0,True,20,20,0.0,0.0,0.0,22,45763,0,0,0,15,3982,955
job_new2,job,refit32,74503,1024,1024,1024,3.461440423000113,0.07811386398487315,0.0003505991011946168,0.000102376675,0.9642857142857143,False,27,28,0.0003505991011946168,0.0003505990965921967,0.00010237667365565212,37,32252,0,0,0,30,5201,992
tour_new1,tour,fast_h0,74508,1024,1024,1024,5.385512542000015,0.06456501643986848,0.00035889448876713,0.00022346543571428564,0.9642857142857143,False,27,28,0.00035889448876713,0.00035889448911453437,0.00022346543629873878,43,31873,0,0,0,15,5284,1001
job_new1,job,nsga2_typed,74506,1024,1024,1024,2.798643385999867,0.17056927638129,0.0,0.0,1.0,True,20,20,0.0,0.0,0.0,0,0,0,0,0,0,0,984
tour_new1,tour,refit32,74502,1024,1024,1024,3.7127289769998697,0.08872912691267033,0.00035889448876713,0.00022346543571428564,0.9642857142857143,False,27,28,0.00035889448876713,0.00035889448911453437,0.00022346543629873878,38,36243,0,0,0,30,5127,992
job_new4,job,local24_random,74507,1024,1024,1024,1.433375647000048,0.11691249306775457,0.010267849101291245,0.004571708429166667,0.875,False,21,24,0.010267849101291245,0.010267849100338003,0.004388840093434379,354,0,37,710,23215,0,0,957
rgv_new3,rgv,fast_h0,74507,1024,1024,1024,4.508285772999898,0.09578010268584111,0.0,0.0,1.0,True,4,4,0.0,0.0,0.0,157,35702,0,0,0,15,4825,992
rgv_new4,rgv,refit32,74510,1024,1024,1024,6.005705083000066,0.14235235607815946,0.0,0.0,1.0,True,7,7,0.0,0.0,0.0,266,32964,0,0,0,30,4877,993
tour_new1,tour,nsga_local24,74511,1024,1024,1024,2.5773618230000466,0.0866374467655902,0.00035889448876713,0.00022346543571428564,0.9642857142857143,False,27,28,0.00035889448876713,0.00035889448911453437,0.00022346543629873878,74,0,73,682,28044,15,11023,984
job_new1,job,local24_random,74506,1024,1024,1024,0.959831776000101,0.10597821529236709,0.0,0.0,1.0,True,20,20,0.0,0.0,0.0,396,0,34,746,25106,0,0,965
job_new2,job,h0,74501,1024,1024,1024,6.27707126700011,0.11284790708790396,0.0,0.0,1.0,True,28,28,0.0,0.0,0.0,38,32104,0,0,0,15,5340,1001
tour_new2,tour,fast_v10,74505,1024,1024,1024,3.31533006199993,0.07365310001284336,0.0,0.0,1.0,True,17,17,0.0,0.0,3.0839528461809902e-18,0,0,0,0,0,0,0,982
job_new1,job,fast_v10,74512,1024,1024,1024,3.2145263909999358,0.09114008104603605,0.0,0.0,1.0,True,20,20,0.0,0.0,0.0,0,0,0,0,0,0,0,970
tour_new2,tour,h0,74512,1024,1024,1024,7.39227555299999,0.11336579190617146,0.00019924060431430744,0.00010420557647058823,0.9411764705882353,False,16,17,0.00019924060431430744,0.00019924060820149193,9.841637969830694e-05,20,43302,0,0,0,15,4144,972
rgv_new2,rgv,refit32,74508,1024,1024,1024,4.9098930170000585,0.0805372007209035,0.0,0.0,1.0,True,6,6,0.0,0.0,0.0,216,38820,0,0,0,30,4644,979
job_new1,job,local24_random,74510,1024,1024,1024,1.039126627000087,0.1564936689431416,0.0,0.0,1.0,True,20,20,0.0,0.0,0.0,370,0,35,723,23300,0,0,958
rgv_new2,rgv,local24,74501,1024,1024,1024,1.9877340089999507,0.05994765593300978,0.0018025045645556387,0.00047755491666665967,0.8333333333333334,False,5,6,0.0018025045645556387,0.0018025045726244961,0.00047755491881566287,158,0,66,691,34462,15,9216,984
tour_new4,tour,fast_h0,74512,1024,1024,1024,5.206370261000075,0.06374786632276364,0.00016655767076836952,5.4005464516129035e-05,0.967741935483871,False,30,31,0.00016655767076836952,0.0001665576713261272,5.40054646966535e-05,30,41771,0,0,0,15,4537,969
rgv_new4,rgv,local24_random,74503,1024,1024,1024,0.7531461430000945,0.09730549205134757,0.010796393356654957,0.002734827259465225,0.7142857142857143,False,6,7,0.010796393356654957,0.010796393370561012,0.002734827263457424,434,0,46,730,33453,0,0,992
tour_new4,tour,fast_h0,74508,1024,1024,1024,3.246272746999921,0.07352221757766463,0.0,0.0,1.0,True,31,31,0.0,0.0,0.0,40,35672,0,0,0,15,5096,995
job_new2,job,nsga2_typed,74501,1024,1024,1024,2.7426821000001382,0.156470355278778,0.0005173159285233167,0.00017591380714285668,0.9285714285714286,False,26,28,0.0005173159285233167,0.0005173159240015788,0.0001759138058284967,0,0,0,0,0,0,0,988
rgv_new4,rgv,nsga_local24,74503,1024,1024,1024,1.514537646000008,0.121000385506537,0.0,0.0,1.0,True,7,7,0.0,0.0,0.0,234,0,100,676,38779,15,15688,1021
rgv_new3,rgv,h0,74501,1024,1024,1024,7.26902816300003,0.07138250705870511,0.0,0.0,1.0,True,4,4,0.0,0.0,0.0,153,37015,0,0,0,15,4551,980
rgv_new4,rgv,local24,74510,1024,1024,1024,3.116624557000023,0.14190606490741173,0.0,0.0,1.0,True,7,7,0.0,0.0,0.0,224,0,101,661,33028,15,10828,989
tour_new3,tour,h0,74511,1024,1024,1024,8.306882078999934,0.09428575942388771,0.0,0.0,1.0,True,19,19,0.0,0.0,0.0,21,47989,0,0,0,15,3745,961
job_new3,job,nsga2_typed,74509,1024,1024,1024,3.0566900879998684,0.13604238506091898,0.006606394135155068,0.005058009774083043,0.7142857142857143,False,21,21,0.006606394135155068,0.006606394136624711,0.005058009769661701,0,0,0,0,0,0,0,966
tour_new2,tour,local24,74502,1024,1024,1024,2.3874339800001962,0.12166249751261109,0.0,0.0,1.0,True,17,17,0.0,0.0,3.0839528461809902e-18,33,0,32,743,30265,15,8849,964
rgv_new4,rgv,nsga_local24,74509,1024,1024,1024,1.6842492700000093,0.1731711119415895,0.010518430912441836,0.002919821289055698,0.7142857142857143,False,6,7,0.010518430912441836,0.010518430946539509,0.002919821299151391,323,0,125,659,43291,15,17747,1021
job_new2,job,refit32,74507,1024,1024,1024,5.808787942000208,0.07494285115704369,0.0,0.0,1.0,True,28,28,0.0,0.0,0.0,31,32931,0,0,0,30,5365,991
job_new3,job,h0,74506,1024,1024,1024,8.05587920400012,0.1335400720195704,0.0,0.0,1.0,True,21,21,0.0,0.0,0.0,43,29564,0,0,0,15,5620,1011
job_new2,job,nsga2_typed,74510,1024,1024,1024,2.2076780650002092,0.1420106519852496,0.005085720090706194,0.0020083524321428572,0.8928571428571429,False,26,28,0.005085720090706194,0.005085720085911637,0.0020083524310208017,0,0,0,0,0,0,0,989
job_new3,job,nsga2_typed,74508,1024,1024,1024,3.0741885009999805,0.14157532775245557,0.02953836497903436,0.008671322638095239,0.7619047619047619,False,16,21,0.02953836497903436,0.029538364977906163,0.008671322635523823,0,0,0,0,0,0,0,970
rgv_new1,rgv,fast_h0,74505,1024,1024,1024,3.335562982000056,0.08509291114750112,0.0,0.0,1.0,True,5,5,0.0,0.0,0.0,134,28329,0,0,0,15,5765,1011
tour_new1,tour,refit32,74503,1024,1024,1024,3.4640571660002024,0.08771864889920428,0.0,0.0,1.0,True,28,28,0.0,0.0,0.0,37,36678,0,0,0,30,4965,984
job_new2,job,nsga_local24,74508,1024,1024,1024,1.9000488889998906,0.12243622464111963,0.002989616411394115,0.001429364367857143,0.9285714285714286,False,26,28,0.002989616411394115,0.002989616409370169,0.001429364367334283,64,0,81,693,28097,15,11075,988
tour_new1,tour,h0,74507,1024,1024,1024,6.165518315999861,0.08044435312534534,0.00035889448876713,0.00022346543571428564,0.9642857142857143,False,27,28,0.00035889448876713,0.00035889448911453437,0.00022346543629873878,34,33527,0,0,0,15,5381,1000
rgv_new4,rgv,fast_v10,74506,1024,1024,1024,4.692356566000171,0.08492079230191164,0.005965403603257758,0.001207243457142864,0.8571428571428571,False,6,7,0.005965403603257758,0.005965403620548808,0.001207243460764586,0,0,0,0,0,0,0,1009
job_new4,job,local24,74507,1024,1024,1024,1.693857441000091,0.07968545842336372,0.0,0.0,1.0,True,24,24,0.0,0.0,0.0,30,0,31,737,26017,15,8953,963
tour_new1,tour,nsga_local24,74504,1024,1024,1024,1.5507756479998989,0.08635448054045201,0.0,0.0,1.0,True,28,28,0.0,0.0,0.0,85,0,79,701,30350,15,11879,983
job_new4,job,local24,74501,1024,1024,1024,3.610644183999966,0.09104426155950605,0.0,0.0,1.0,True,24,24,0.0,0.0,0.0,35,0,36,736,26326,15,9637,978
rgv_new1,rgv,local24,74509,1024,1024,1024,1.9073931100001573,0.1265756852986497,0.0,0.0,1.0,True,5,5,0.0,0.0,0.0,82,0,39,735,42788,15,11191,1010
job_new2,job,refit32,74512,1024,1024,1024,5.315144896999982,0.11649184459138846,0.0003505991011946168,0.000102376675,0.9642857142857143,False,27,28,0.0003505991011946168,0.0003505990965921967,0.00010237667365565212,59,29807,0,0,0,30,5607,1004
job_new1,job,nsga_local24,74502,1024,1024,1024,3.6956754880000062,0.11596666276698805,0.0,0.0,1.0,True,20,20,0.0,0.0,0.0,45,0,72,691,24572,15,9356,966
job_new2,job,refit32,74501,1024,1024,1024,4.5403926129999945,0.10510545520017518,0.0,0.0,1.0,True,28,28,0.0,0.0,0.0,38,31341,0,0,0,30,5411,1010
tour_new2,tour,h0,74507,1024,1024,1024,7.891090947000066,0.08091313477640791,0.0,0.0,1.0,True,17,17,0.0,0.0,3.0839528461809902e-18,25,39254,0,0,0,15,4472,976
rgv_new1,rgv,fast_h0,74508,1024,1024,1024,2.249292960000048,0.13752572107928554,0.0,0.0,1.0,True,5,5,0.0,0.0,0.0,112,27957,0,0,0,15,5593,1009
tour_new3,tour,h0,74508,1024,1024,1024,9.305553848000045,0.09034871203948328,0.0031675763087766454,0.0028729532631578945,0.8947368421052632,False,19,19,0.0031675763087766454,0.0031675763121015196,0.002872953262288581,24,48978,0,0,0,15,3531,932
job_new4,job,h0,74502,1024,1024,1024,7.131064469999956,0.10202439480411518,0.009263730847068599,0.003295121237499998,0.9166666666666666,False,22,24,0.009263730847068599,0.009263730846219544,0.003163316388864938,19,44185,0,0,0,15,4055,958
job_new1,job,nsga2_typed,74503,1024,1024,1024,2.4181034789999103,0.17655176759645413,0.005381882477049158,0.002556649554274931,0.95,False,20,20,0.005381882477049158,0.005381882472113956,0.0025566495537956563,0,0,0,0,0,0,0,951
tour_new4,tour,local24_random,74511,1024,1024,1024,0.9169730209998761,0.10243782599804489,0.0007843833367098339,0.0008706667645161285,0.8387096774193549,False,26,31,0.0007843833367098339,0.0007843833394616389,0.0008706667647870531,390,0,46,723,23149,0,0,955
rgv_new2,rgv,local24,74504,1024,1024,1024,1.7761775569999827,0.1223042981645672,0.0,0.0,1.0,True,6,6,0.0,0.0,0.0,179,0,60,726,34107,15,10214,987
job_new1,job,fast_h0,74502,1024,1024,1024,4.210865560000002,0.10939993176031286,0.0,0.0,1.0,True,20,20,0.0,0.0,0.0,22,45763,0,0,0,15,3982,955
job_new1,job,nsga2_typed,74501,1024,1024,1024,2.45219029399982,0.15355246748174362,0.0,0.0,1.0,True,20,20,0.0,0.0,0.0,0,0,0,0,0,0,0,959
rgv_new1,rgv,h0,74509,1024,1024,1024,6.226295964999963,0.15435365602861068,0.008543861945606988,0.002504405473056643,0.8,False,5,5,0.008543861945606988,0.008543861964532521,0.002504405476783931,126,24556,0,0,0,15,5969,1018
rgv_new3,rgv,local24,74503,1024,1024,1024,1.8161186520001138,0.09327760545952173,0.0,0.0,1.0,True,4,4,0.0,0.0,0.0,128,0,46,736,37288,15,9630,981
tour_new2,tour,local24,74506,1024,1024,1024,3.043404189000057,0.094431319516589,0.0,0.0,1.0,True,17,17,0.0,0.0,3.0839528461809902e-18,22,0,27,752,33956,15,10219,982
job_new1,job,local24_random,74509,1024,1024,1024,1.445371586000192,0.09453446487071308,0.0,0.0,1.0,True,20,20,0.0,0.0,0.0,330,0,28,724,24730,0,0,972
tour_new3,tour,fast_h0,74503,1024,1024,1024,4.769296798000141,0.11756828327837762,0.0,0.0,1.0,True,19,19,0.0,0.0,0.0,20,45788,0,0,0,15,3956,943
tour_new4,tour,h0,74511,1024,1024,1024,7.0191446429998905,0.07374984005068971,0.00234175124012658,0.0007172928645161291,0.8709677419354839,False,27,31,0.00234175124012658,0.0023417512399987995,0.0007172928652198661,33,45121,0,0,0,15,4286,958
job_new4,job,local24_random,74512,1024,1024,1024,0.9539863029999651,0.14323857795939163,0.0,0.0,1.0,True,24,24,0.0,0.0,0.0,419,0,52,714,25444,0,0,967
tour_new3,tour,fast_h0,74506,1024,1024,1024,4.934493878000012,0.11537891460502972,0.0,0.0,1.0,True,19,19,0.0,0.0,0.0,22,44828,0,0,0,15,4135,941
tour_new4,tour,nsga2_typed,74505,1024,1024,1024,3.0351282079998327,0.11639860527019763,0.004985016222076831,0.0017923621290322578,0.8387096774193549,False,26,31,0.004985016222076831,0.004985016219330748,0.0017923621285966763,0,0,0,0,0,0,0,966
tour_new4,tour,h0,74509,1024,1024,1024,6.455290989000105,0.07442371623383288,0.0,0.0,1.0,True,31,31,0.0,0.0,0.0,34,38334,0,0,0,15,4744,984
tour_new3,tour,nsga_local24,74501,1024,1024,1024,1.6936015440001029,0.1270895968643922,3.934046628374784e-06,4.5532010526313915e-05,0.9473684210526315,False,18,19,3.934046628374784e-06,3.934046652261035e-06,4.5532010829217816e-05,49,0,80,698,27191,15,9869,965
tour_new3,tour,local24,74507,1024,1024,1024,3.3437922969999363,0.08411773146679559,0.0,0.0,1.0,True,19,19,0.0,0.0,0.0,21,0,33,736,28849,15,8548,969
rgv_new3,rgv,local24_random,74503,1024,1024,1024,1.1928031620000183,0.1145733662925423,0.0,0.0,1.0,True,4,4,0.0,0.0,0.0,463,0,52,705,37349,0,0,999
tour_new2,tour,nsga_local24,74505,1024,1024,1024,1.9409249729999374,0.10214552689741122,0.0,0.0,1.0,True,17,17,0.0,0.0,0.0,50,0,69,696,30546,15,11098,989
job_new4,job,local24_random,74503,1024,1024,1024,1.7381267500002195,0.15185096955165658,0.009153871688379531,0.003295121237499998,0.9166666666666666,False,23,24,0.009153871688379531,0.009153871687999408,0.003163316388864938,484,0,52,694,25463,0,0,973
job_new4,job,refit32,74505,1024,1024,1024,6.379501567000034,0.14871645839362205,0.00026922066809726244,0.0004387950208333315,0.9583333333333334,False,23,24,0.00026922066809726244,0.0002692206695362354,0.0004212432215436879,42,42619,0,0,0,30,4392,953
rgv_new2,rgv,refit32,74506,1024,1024,1024,6.137533613999949,0.09576261153794678,0.0018025045645556387,0.00047755491666665967,0.8333333333333334,False,5,6,0.0018025045645556387,0.0018025045726244961,0.00047755491881566287,211,37280,0,0,0,30,4700,975
rgv_new2,rgv,refit32,74501,1024,1024,1024,5.517969368999957,0.05814809321743677,0.0,0.0,1.0,True,6,6,0.0,0.0,0.0,200,40401,0,0,0,30,4696,977
job_new2,job,local24,74509,1024,1024,1024,2.9379847029999837,0.11086885908913646,0.0003505991011946168,0.000102376675,0.9642857142857143,False,27,28,0.0003505991011946168,0.0003505990965921967,0.00010237667365565212,45,0,52,728,30758,15,12311,992
job_new2,job,nsga2_typed,74503,1024,1024,1024,3.9186822160002066,0.13357251032774056,0.005901662836110503,0.004215933933998149,0.7857142857142857,False,23,28,0.005901662836110503,0.005901662847079235,0.0042159339428747096,0,0,0,0,0,0,0,975
job_new2,job,h0,74511,1024,1024,1024,6.225707284999999,0.14260842508747862,0.0,0.0,1.0,True,28,28,0.0,0.0,0.0,49,30954,0,0,0,15,5102,1004
tour_new1,tour,refit32,74507,1024,1024,1024,3.597387972999968,0.07876283058504699,0.00035889448876713,0.00022346543571428564,0.9642857142857143,False,27,28,0.00035889448876713,0.00035889448911453437,0.00022346543629873878,37,32167,0,0,0,30,5361,993
rgv_new2,rgv,nsga2_typed,74503,1024,1024,1024,2.029066219000015,0.14580894532596428,0.0005003009685817641,0.0004591368166666667,0.8333333333333334,False,6,6,0.0005003009685817641,0.0005003009752577984,0.0004591368227731864,0,0,0,0,0,0,0,1019
tour_new3,tour,local24,74502,1024,1024,1024,3.360601407000104,0.09940884343207071,0.0,0.0,1.0,True,19,19,0.0,0.0,0.0,24,0,26,744,28513,15,8044,951
job_new2,job,nsga_local24,74504,1024,1024,1024,2.3581823409999743,0.11911241568920025,0.0003505991011946168,0.000102376675,0.9642857142857143,False,27,28,0.0003505991011946168,0.0003505990965921967,0.00010237667365565212,80,0,93,670,29651,15,12468,998
job_new1,job,nsga2_typed,74512,1024,1024,1024,3.219319748000089,0.14252206094002043,0.0,0.0,1.0,True,20,20,0.0,0.0,0.0,0,0,0,0,0,0,0,971
rgv_new3,rgv,local24_random,74511,1024,1024,1024,1.0116283800000474,0.11103341919851362,0.0008061265610368792,0.0050000000000000044,0.75,False,5,4,0.0008061265610368792,0.0008061265618702589,0.0050000000000000044,521,0,68,683,39509,0,0,1007
rgv_new4,rgv,fast_v10,74505,1024,1024,1024,2.738094730000057,0.0942394156283689,0.0115965754088496,0.0026019864857143027,0.42857142857142855,False,5,7,0.0115965754088496,0.011596575407038626,0.002601986484764856,0,0,0,0,0,0,0,1005
tour_new4,tour,local24,74505,1024,1024,1024,2.694986034999829,0.08225662492594091,0.0,0.0,1.0,True,31,31,0.0,0.0,0.0,46,0,47,699,28810,15,10718,992
job_new4,job,h0,74505,1024,1024,1024,7.409333756000024,0.15846347345147177,0.008994510178971337,0.0028563262166666666,0.9583333333333334,False,23,24,0.008994510178971337,0.008994510176683308,0.00274207316732125,62,38913,0,0,0,15,4728,968
rgv_new2,rgv,h0,74512,1024,1024,1024,5.800627958999939,0.017610737688523986,2.867054352380394e-05,0.0004591368333333364,0.8333333333333334,False,6,6,2.867054352380394e-05,2.8670542994593186e-05,0.00045913682277319107,223,37728,0,0,0,15,4804,984
rgv_new3,rgv,nsga_local24,74511,1024,1024,1024,2.5219793310000114,0.12284843068859257,0.0,0.0,1.0,True,4,4,0.0,0.0,0.0,253,0,111,658,38638,15,14924,1019
rgv_new2,rgv,local24_random,74502,1024,1024,1024,1.8982310950000283,0.09953046939246628,0.0,0.0,1.0,True,6,6,0.0,0.0,0.0,388,0,43,722,32660,0,0,998
job_new2,job,h0,74502,1024,1024,1024,6.217592076999836,0.12559059685057955,0.0003505991011946168,0.000102376675,0.9642857142857143,False,27,28,0.0003505991011946168,0.0003505990965921967,0.00010237667365565212,32,32427,0,0,0,15,5470,999
tour_new4,tour,refit32,74502,1024,1024,1024,6.548299554000096,0.06122847185255829,0.00016655767076836952,5.4005464516129035e-05,0.967741935483871,False,30,31,0.00016655767076836952,0.0001665576713261272,5.40054646966535e-05,34,39141,0,0,0,30,4776,993
tour_new1,tour,fast_v10,74508,1024,1024,1024,2.2417450989998997,0.0916572030441268,0.00035889448876713,0.00022346543571428564,0.9642857142857143,False,27,28,0.00035889448876713,0.00035889448911453437,0.00022346543629873878,0,0,0,0,0,0,0,999
tour_new3,tour,refit32,74506,1024,1024,1024,6.965218161999928,0.10729470119675,0.0,0.0,1.0,True,19,19,0.0,0.0,0.0,20,45604,0,0,0,30,4008,947
job_new4,job,local24_random,74506,1024,1024,1024,1.1471693920000234,0.11460582527891461,0.008994510178971337,0.0028563262166666666,0.9583333333333334,False,23,24,0.008994510178971337,0.008994510176683308,0.00274207316732125,417,0,52,739,25000,0,0,958
tour_new1,tour,local24_random,74511,1024,1024,1024,1.1900020909999967,0.07813814341773771,0.0029046416000776763,0.0012520720678571432,0.9285714285714286,False,27,28,0.0029046416000776763,0.002904641596808805,0.001252072067606141,418,0,46,710,25946,0,0,984
tour_new3,tour,fast_v10,74512,1024,1024,1024,3.59468290399991,0.09482490469868178,0.0,0.0,1.0,True,19,19,0.0,0.0,0.0,0,0,0,0,0,0,0,951
tour_new4,tour,refit32,74504,1024,1024,1024,6.251228230999914,0.046761333226919624,0.00011498821793616224,0.00015264218064516127,0.967741935483871,False,31,31,0.00011498821793616224,0.000114988218422455,0.0001526421810294239,42,43708,0,0,0,30,4177,977
job_new2,job,refit32,74508,1024,1024,1024,6.407662679000168,0.0909784758023077,0.0,0.0,1.0,True,28,28,0.0,0.0,0.0,33,35807,0,0,0,30,5237,989
tour_new3,tour,local24_random,74504,1024,1024,1024,1.0257489880000321,0.08930431634539111,0.0007837402161700197,0.0006363946315789473,0.9473684210526315,False,19,19,0.0007837402161700197,0.0007837402179546175,0.0006363946304566791,379,0,32,729,27231,0,0,956
job_new2,job,local24,74512,1024,1024,1024,3.197045956000011,0.11578461536656004,0.0,0.0,1.0,True,28,28,0.0,0.0,0.0,45,0,45,734,30440,15,11468,995
job_new3,job,local24_random,74505,1024,1024,1024,1.646491019999985,0.09708187517427055,0.008594399563645749,0.003136858238095237,0.8095238095238095,False,20,21,0.008594399563645749,0.008594399541184199,0.0031368582322592897,433,0,44,727,29627,0,0,991
tour_new3,tour,fast_v10,74501,1024,1024,1024,2.8258680220001224,0.1113751442132537,0.0,0.0,1.0,True,19,19,0.0,0.0,0.0,0,0,0,0,0,0,0,964
job_new1,job,nsga2_typed,74504,1024,1024,1024,3.079984091000142,0.1706339347286175,0.00036057062058443833,0.0003393190149999996,0.95,False,20,20,0.00036057062058443833,0.0003605706224419738,0.00033931901550994444,0,0,0,0,0,0,0,977
rgv_new3,rgv,h0,74509,1024,1024,1024,7.333589126000106,0.134849201754159,0.0,0.0,1.0,True,4,4,0.0,0.0,0.0,164,34877,0,0,0,15,5127,996
rgv_new2,rgv,refit32,74502,1024,1024,1024,5.3294956960000945,0.11608954038195221,0.0,0.0,1.0,True,6,6,0.0,0.0,0.0,248,33927,0,0,0,30,5033,1004
job_new4,job,nsga2_typed,74507,1024,1024,1024,2.9067414060000374,0.16441908586350057,0.015956342186981838,0.005501398266666669,0.9166666666666666,False,23,24,0.015956342186981838,0.015956342185447447,0.005281342335730064,0,0,0,0,0,0,0,971
job_new2,job,fast_h0,74506,1024,1024,1024,3.8054259139998976,0.12649069648566885,0.0,0.0,1.0,True,28,28,0.0,0.0,0.0,47,32234,0,0,0,15,5319,1000
job_new4,job,refit32,74506,1024,1024,1024,7.309031829999867,0.0937477243067217,0.0,0.0,1.0,True,24,24,0.0,0.0,0.0,28,43197,0,0,0,30,4192,965
job_new1,job,nsga_local24,74501,1024,1024,1024,3.059326320000082,0.113029846844624,0.0,0.0,1.0,True,20,20,0.0,0.0,0.0,49,0,64,682,23002,15,8941,960
rgv_new1,rgv,refit32,74512,1024,1024,1024,5.238729673999842,0.056214230260785314,0.0,0.0,1.0,True,5,5,0.0,0.0,0.0,115,27609,0,0,0,30,5770,1017
tour_new3,tour,fast_h0,74510,1024,1024,1024,5.959813157000099,0.09800585504973033,0.0,0.0,1.0,True,19,19,0.0,0.0,0.0,24,47934,0,0,0,15,3760,939
job_new3,job,h0,74509,1024,1024,1024,6.609622050000098,0.07578100334696787,0.0005003530890119581,0.00039987968095237897,0.9523809523809523,False,20,21,0.0005003530890119581,0.0005003530843588904,0.0003998796774941928,29,32626,0,0,0,15,5020,992
tour_new3,tour,nsga2_typed,74504,1024,1024,1024,3.2934197469999162,0.1487924132775479,0.0014859455010348358,0.0006363946315789473,0.9473684210526315,False,18,19,0.0014859455010348358,0.0014859454983664263,0.0006363946304566791,0,0,0,0,0,0,0,952
job_new3,job,local24,74512,1024,1024,1024,3.296417152999993,0.06805126634504224,0.002331634068113622,0.0018932022047619037,0.7619047619047619,False,17,21,0.002331634068113622,0.00233163406760655,0.0018932022012368344,28,0,41,739,31256,15,11623,1002
job_new1,job,h0,74510,1024,1024,1024,6.728314210999997,0.12842297898564092,0.0,0.0,1.0,True,20,20,0.0,0.0,0.0,19,42672,0,0,0,15,4109,960
rgv_new2,rgv,refit32,74503,1024,1024,1024,6.4620767330000035,0.11150187953058546,0.0018025045645556387,0.00047755491666665967,0.8333333333333334,False,5,6,0.0018025045645556387,0.0018025045726244961,0.00047755491881566287,216,38764,0,0,0,30,4506,963
rgv_new4,rgv,nsga2_typed,74502,1024,1024,1024,1.7527905189999728,0.11266264096754904,0.002063634762729428,0.0005815459902470098,0.8571428571428571,False,7,7,0.002063634762729428,0.002063634779657043,0.000581545994077441,0,0,0,0,0,0,0,1022
rgv_new2,rgv,h0,74507,1024,1024,1024,9.060725623000053,0.08470066840335319,0.0,0.0,1.0,True,6,6,0.0,0.0,0.0,189,38499,0,0,0,15,4650,979
tour_new3,tour,h0,74509,1024,1024,1024,10.017434970000068,0.0675052142326351,0.0,0.0,1.0,True,19,19,0.0,0.0,0.0,19,45671,0,0,0,15,3945,944
rgv_new4,rgv,refit32,74501,1024,1024,1024,5.260785053999825,0.0579198806895013,0.0,0.0,1.0,True,7,7,0.0,0.0,0.0,254,29521,0,0,0,30,5222,998
job_new4,job,nsga2_typed,74505,1024,1024,1024,3.822051377999969,0.19100384787592156,0.01928911398011016,0.009503387467444219,0.8333333333333334,False,23,24,0.01928911398011016,0.01928911398546845,0.009123251968896514,0,0,0,0,0,0,0,952
tour_new4,tour,local24_random,74509,1024,1024,1024,1.5420984009999756,0.0917505906652866,0.00011498821793616224,0.00015264218064516127,0.967741935483871,False,31,31,0.00011498821793616224,0.000114988218422455,0.0001526421810294239,427,0,46,715,25740,0,0,974
tour_new2,tour,nsga_local24,74503,1024,1024,1024,3.295130934999861,0.09099048112289204,0.0006915318464574048,0.0003470553882352941,0.8823529411764706,False,15,17,0.0006915318464574048,0.0006915318524701554,0.0003277745362105506,49,0,66,707,28237,15,10341,978
rgv_new1,rgv,local24_random,74509,1024,1024,1024,1.358486252000148,0.11402801680483084,0.0,0.0,1.0,True,5,5,0.0,0.0,0.0,396,0,34,725,37256,0,0,993
rgv_new4,rgv,nsga2_typed,74501,1024,1024,1024,1.6642713549999826,0.03829807460102201,1.2692348205486205e-05,0.0003434983428571451,0.8571428571428571,False,7,7,1.2692348205486205e-05,1.2692348128925077e-05,0.00034349833975802095,0,0,0,0,0,0,0,1017
job_new4,job,fast_v10,74501,1024,1024,1024,3.927327719999994,0.11570786214514703,0.015956342186981838,0.005501398266666669,0.9166666666666666,False,23,24,0.015956342186981838,0.015956342185447447,0.005281342335730064,0,0,0,0,0,0,0,943
tour_new1,tour,fast_h0,74501,1024,1024,1024,2.449054391000118,0.07800795930747745,0.00035889448876713,0.00022346543571428564,0.9642857142857143,False,27,28,0.00035889448876713,0.00035889448911453437,0.00022346543629873878,39,32295,0,0,0,15,5603,1006
tour_new1,tour,nsga_local24,74510,1024,1024,1024,2.6466834580000977,0.10499071344379826,0.00035889448876713,0.00022346543571428564,0.9642857142857143,False,27,28,0.00035889448876713,0.00035889448911453437,0.00022346543629873878,92,0,84,691,27998,15,11082,979
tour_new2,tour,refit32,74510,1024,1024,1024,4.587411833000033,0.09534268588823222,0.0,0.0,1.0,True,17,17,0.0,0.0,3.0839528461809902e-18,37,36810,0,0,0,30,4907,992
rgv_new2,rgv,fast_v10,74509,1024,1024,1024,1.9423104789998433,0.15232586570239798,0.0018025045645556387,0.00047755491666665967,0.8333333333333334,False,5,6,0.0018025045645556387,0.0018025045726244961,0.00047755491881566287,0,0,0,0,0,0,0,992
tour_new4,tour,h0,74503,1024,1024,1024,4.200252797999838,0.056611677619534485,0.0,0.0,1.0,True,31,31,0.0,0.0,0.0,42,36682,0,0,0,15,5086,992
rgv_new1,rgv,fast_h0,74510,1024,1024,1024,3.039234872000179,0.12458521658903746,0.008543861945606988,0.002504405473056643,0.8,False,5,5,0.008543861945606988,0.008543861964532521,0.002504405476783931,138,24451,0,0,0,15,5950,1013
job_new2,job,nsga_local24,74503,1024,1024,1024,1.3287597899998218,0.10611720551066013,0.0003668166726419495,0.0005765597999999991,0.9642857142857143,False,27,28,0.0003668166726419495,0.00036681667380421355,0.0005765598014674086,65,0,86,689,29431,15,11608,981
rgv_new4,rgv,nsga_local24,74505,1024,1024,1024,1.0472016180001447,0.08200774330524137,0.005965403603257758,0.001207243457142864,0.8571428571428571,False,6,7,0.005965403603257758,0.005965403620548808,0.001207243460764586,301,0,106,670,39034,15,16237,1024
tour_new2,tour,fast_v10,74504,1024,1024,1024,1.7448529820001113,0.1414990905789845,0.0,0.0,1.0,True,17,17,0.0,0.0,3.0839528461809902e-18,0,0,0,0,0,0,0,984
tour_new2,tour,h0,74502,1024,1024,1024,6.220728390999966,0.12556744821083654,0.0,0.0,1.0,True,17,17,0.0,0.0,3.0839528461809902e-18,31,38448,0,0,0,15,4726,989
rgv_new2,rgv,fast_v10,74506,1024,1024,1024,2.221849726999835,0.09529779969316053,0.0,0.0,1.0,True,6,6,0.0,0.0,0.0,0,0,0,0,0,0,0,992
rgv_new4,rgv,local24,74502,1024,1024,1024,2.8030012520000582,0.09825128352898461,0.005965403603257758,0.001207243457142864,0.8571428571428571,False,6,7,0.005965403603257758,0.005965403620548808,0.001207243460764586,181,0,66,710,36262,15,10695,1007
rgv_new3,rgv,refit32,74510,1024,1024,1024,5.200319524999941,0.1347265303168131,0.0,0.0,1.0,True,4,4,0.0,0.0,0.0,180,28874,0,0,0,30,5580,998
rgv_new2,rgv,h0,74505,1024,1024,1024,6.517881101000057,0.0724101114770278,0.0,0.0,1.0,True,6,6,0.0,0.0,0.0,259,37171,0,0,0,15,4752,992
tour_new3,tour,nsga2_typed,74508,1024,1024,1024,2.868001080999875,0.1886161040501536,0.007215716916139184,0.0035618540631578944,0.8947368421052632,False,17,19,0.007215716916139184,0.007215716911660035,0.003561854061290052,0,0,0,0,0,0,0,961
tour_new4,tour,nsga2_typed,74508,1024,1024,1024,2.337898154999948,0.12015512132100462,0.000545721638583349,0.00014559365806451522,0.8709677419354839,False,27,31,0.000545721638583349,0.0005457216323005859,0.00014559365570216028,0,0,0,0,0,0,0,986
tour_new4,tour,refit32,74508,1024,1024,1024,4.543874406999976,0.0713095916933917,0.00029742888390262663,0.0001222472129032258,0.967741935483871,False,30,31,0.00029742888390262663,0.0002974288858407821,0.0001222472137248585,44,39431,0,0,0,30,4693,979
job_new2,job,local24,74511,1024,1024,1024,2.3275255519999973,0.13181555088161837,0.0020651463537699655,0.001132057035714285,0.9285714285714286,False,26,28,0.0020651463537699655,0.0020651463616447466,0.0011320570396091238,39,0,44,726,29482,15,11506,1001
job_new1,job,refit32,74506,1024,1024,1024,5.08439492399998,0.0981222284787093,0.0,0.0,1.0,True,20,20,0.0,0.0,0.0,22,43676,0,0,0,30,4218,961
tour_new2,tour,refit32,74507,1024,1024,1024,4.430026941000051,0.08143231525326677,0.0,0.0,1.0,True,17,17,0.0,0.0,3.0839528461809902e-18,25,37481,0,0,0,30,4875,987
rgv_new4,rgv,refit32,74503,1024,1024,1024,3.7596961070000816,0.07018404538814146,0.0005760915736788369,0.0007633296428571428,0.8571428571428571,False,7,7,0.0005760915736788369,0.0005760915789585081,0.0007633296439067211,230,35310,0,0,0,30,5110,981
job_new2,job,refit32,74506,1024,1024,1024,4.281650980999984,0.12052325810493562,0.0017440828522802744,0.0007622896285714281,0.8928571428571429,False,26,28,0.0017440828522802744,0.001744082847863106,0.0007622896285754047,48,33883,0,0,0,30,5112,991
rgv_new1,rgv,fast_h0,74503,1024,1024,1024,3.1831394989999353,0.1090004429404339,0.0,0.0,1.0,True,5,5,0.0,0.0,0.0,139,25553,0,0,0,15,6050,1009
rgv_new3,rgv,nsga2_typed,74505,1024,1024,1024,1.4818941959999847,0.11463820689818834,0.0,0.0,1.0,True,4,4,0.0,0.0,0.0,0,0,0,0,0,0,0,1017
tour_new3,tour,local24,74504,1024,1024,1024,1.8418468379998103,0.07412305468197657,0.0,0.0,1.0,True,19,19,0.0,0.0,0.0,26,0,27,753,29637,15,8334,970
rgv_new3,rgv,local24,74507,1024,1024,1024,2.119114628000034,0.0991553195510336,0.0,0.0,1.0,True,4,4,0.0,0.0,0.0,126,0,56,712,36957,15,9814,983
job_new1,job,nsga_local24,74509,1024,1024,1024,2.2859535390000474,0.13360791559659077,0.0,0.0,1.0,True,20,20,0.0,0.0,0.0,51,0,68,712,25594,15,9906,969
tour_new4,tour,local24,74504,1024,1024,1024,1.3552305579999029,0.041332037720930796,0.0,0.0,1.0,True,31,31,0.0,0.0,0.0,47,0,42,726,28685,15,10493,992
tour_new2,tour,nsga2_typed,74502,1024,1024,1024,2.2298180899999807,0.21094502074072397,0.0027129947400392645,0.0033495429854547188,0.7058823529411765,False,14,17,0.0027129947400392645,0.002712994741697964,0.003163457260224025,0,0,0,0,0,0,0,994
rgv_new4,rgv,local24_random,74508,1024,1024,1024,0.8350570860000062,0.11553015269604752,0.0,0.0,1.0,True,7,7,0.0,0.0,0.0,496,0,72,698,32550,0,0,1004
rgv_new3,rgv,local24,74501,1024,1024,1024,1.4355824839999514,0.06974221474560152,0.0008061265610368792,0.0050000000000000044,0.75,False,5,4,0.0008061265610368792,0.0008061265618702589,0.0050000000000000044,157,0,62,700,38860,15,10850,1013
tour_new2,tour,local24_random,74505,1024,1024,1024,1.1949839679998604,0.06672103625668024,0.0,0.0,1.0,True,17,17,0.0,0.0,3.0839528461809902e-18,340,0,21,736,29586,0,0,956
tour_new1,tour,local24,74512,1024,1024,1024,1.381560095000168,0.07418075262505122,0.00035889448876713,0.00022346543571428564,0.9642857142857143,False,27,28,0.00035889448876713,0.00035889448911453437,0.00022346543629873878,47,0,47,735,32723,15,12499,1004
tour_new2,tour,local24_random,74510,1024,1024,1024,0.9917736429999877,0.1251856661630651,0.0002601273556582514,0.00012142490588235294,0.9411764705882353,False,16,17,0.0002601273556582514,0.00026012735681667996,0.00011467907825612646,441,0,54,692,29350,0,0,994
tour_new3,tour,nsga_local24,74505,1024,1024,1024,1.8310791209999024,0.1268894983759032,0.0,0.0,1.0,True,19,19,0.0,0.0,0.0,48,0,71,697,28114,15,10295,979
job_new4,job,local24,74504,1024,1024,1024,2.1893805480001447,0.10849832892083397,0.0,0.0,1.0,True,24,24,0.0,0.0,0.0,37,0,35,727,26532,15,9290,974
job_new4,job,h0,74504,1024,1024,1024,6.9581715710000935,0.10085796339601286,0.0,0.0,1.0,True,24,24,0.0,0.0,0.0,34,39755,0,0,0,15,4667,981
tour_new3,tour,nsga_local24,74510,1024,1024,1024,1.319344411999964,0.12173133087222739,0.0,0.0,1.0,True,19,19,0.0,0.0,0.0,54,0,71,683,27954,15,9801,970
rgv_new3,rgv,refit32,74503,1024,1024,1024,3.08829802199989,0.0969262043734616,0.0,0.0,1.0,True,4,4,0.0,0.0,0.0,158,35791,0,0,0,30,5095,985
job_new3,job,nsga2_typed,74502,1024,1024,1024,2.3951103680001324,0.1733565323079859,0.0150882122595574,0.0065630435268101035,0.7142857142857143,False,17,21,0.0150882122595574,0.015088212270602214,0.006563043529186829,0,0,0,0,0,0,0,990
tour_new4,tour,local24,74502,1024,1024,1024,1.740950668000096,0.05930124841621456,0.00016146065403349204,5.4005464516129035e-05,0.967741935483871,False,31,31,0.00016146065403349204,0.00016146065416796284,5.40054646966535e-05,45,0,39,717,28934,15,10657,989
job_new3,job,nsga2_typed,74504,1024,1024,1024,2.4008189969999876,0.15837579687084963,0.011098014081792902,0.002890364847619046,0.8095238095238095,False,18,21,0.011098014081792902,0.01109801408729833,0.0028903648451073984,0,0,0,0,0,0,0,991
rgv_new2,rgv,fast_h0,74502,1024,1024,1024,2.488499255000079,0.11337214632816821,0.0,0.0,1.0,True,6,6,0.0,0.0,0.0,251,36412,0,0,0,15,4866,994
rgv_new3,rgv,nsga_local24,74503,1024,1024,1024,1.2341644209998321,0.14618929955205057,0.0036275695282931434,0.005,0.75,False,5,4,0.0036275695282931434,0.003627569528415964,0.005,243,0,111,670,42638,15,16401,1022
job_new3,job,fast_h0,74502,1024,1024,1024,3.599435721999953,0.09662237585462158,0.011163191867951767,0.003253102914285713,0.7619047619047619,False,19,21,0.011163191867951767,0.011163191859932186,0.0032531029102557244,31,39548,0,0,0,15,4817,990
job_new3,job,fast_h0,74505,1024,1024,1024,3.4816166759999305,0.08425431482754538,0.011017472567201241,0.002890364847619046,0.8095238095238095,False,20,21,0.011017472567201241,0.011017472561184892,0.0028903648451073984,31,36792,0,0,0,15,4911,984
job_new2,job,refit32,74510,1024,1024,1024,2.885482606000096,0.09888051240287418,0.0009768064080349851,0.0002926798678571427,0.9285714285714286,False,26,28,0.0009768064080349851,0.000976806402806506,0.00029267986628753434,49,35614,0,0,0,30,5110,982
rgv_new1,rgv,local24_random,74505,1024,1024,1024,0.9838523109999642,0.08878488541358356,0.0,0.0,1.0,True,5,5,0.0,0.0,0.0,403,0,51,712,35775,0,0,999
tour_new2,tour,fast_h0,74503,1024,1024,1024,3.1080350109998562,0.07894063775652409,0.0,0.0,1.0,True,17,17,0.0,0.0,3.0839528461809902e-18,14,42329,0,0,0,15,4296,972
tour_new1,tour,h0,74502,1024,1024,1024,4.171960341000158,0.08637006115061224,0.00035889448876713,0.00022346543571428564,0.9642857142857143,False,27,28,0.00035889448876713,0.00035889448911453437,0.00022346543629873878,38,32242,0,0,0,15,5351,999
tour_new2,tour,h0,74509,1024,1024,1024,5.191734485000097,0.07452590995069315,0.0,0.0,1.0,True,17,17,0.0,0.0,3.0839528461809902e-18,33,38811,0,0,0,15,4581,982
rgv_new2,rgv,nsga_local24,74509,1024,1024,1024,1.0904053520000616,0.15901270891866412,0.0018025045645556387,0.00047755491666665967,0.8333333333333334,False,5,6,0.0018025045645556387,0.0018025045726244961,0.00047755491881566287,305,0,129,659,41870,15,16831,1020
job_new2,job,nsga2_typed,74512,1024,1024,1024,2.276967445000082,0.170309815108411,0.0012174537078124448,0.0005761898249999981,0.8928571428571429,False,25,28,0.0012174537078124448,0.0012174537056776921,0.0005761898244747925,0,0,0,0,0,0,0,996
rgv_new4,rgv,fast_v10,74507,1024,1024,1024,1.734139622999919,0.06213327485115977,0.0,0.0,1.0,True,7,7,0.0,0.0,0.0,0,0,0,0,0,0,0,1000
rgv_new4,rgv,refit32,74505,1024,1024,1024,2.9452404460000707,0.07347583408746139,0.0,0.0,1.0,True,7,7,0.0,0.0,0.0,240,37597,0,0,0,30,4970,1002
job_new1,job,nsga2_typed,74507,1024,1024,1024,2.8264164079998864,0.18734928770820705,0.0,0.0,1.0,True,20,20,0.0,0.0,0.0,0,0,0,0,0,0,0,965
rgv_new2,rgv,nsga2_typed,74509,1024,1024,1024,1.207959953999989,0.1872222669821942,0.0018025045645556387,0.00047755491666665967,0.8333333333333334,False,5,6,0.0018025045645556387,0.0018025045726244961,0.00047755491881566287,0,0,0,0,0,0,0,1018
job_new2,job,local24,74503,1024,1024,1024,1.445760713000027,0.07514760052769229,0.0003505991011946168,0.000102376675,0.9642857142857143,False,27,28,0.0003505991011946168,0.0003505990965921967,0.00010237667365565212,33,0,36,732,29824,15,10898,996
rgv_new1,rgv,nsga2_typed,74509,1024,1024,1024,2.2446581839999453,0.15489129417515013,0.0,0.0,1.0,True,5,5,0.0,0.0,0.0,0,0,0,0,0,0,0,1015
rgv_new2,rgv,refit32,74512,1024,1024,1024,4.116392313000006,0.02433799390401413,2.867054352380394e-05,0.0004591368333333364,0.8333333333333334,False,6,6,2.867054352380394e-05,2.8670542994593186e-05,0.00045913682277319107,198,38229,0,0,0,30,4810,977
rgv_new2,rgv,local24_random,74504,1024,1024,1024,1.0051717950000238,0.16579837200178585,0.0018025045645556387,0.00047755491666665967,0.8333333333333334,False,5,6,0.0018025045645556387,0.0018025045726244961,0.00047755491881566287,415,0,54,688,33028,0,0,984
rgv_new2,rgv,local24,74505,1024,1024,1024,2.042567473999952,0.06466008973664449,0.0018025045645556387,0.00047755491666665967,0.8333333333333334,False,5,6,0.0018025045645556387,0.0018025045726244961,0.00047755491881566287,178,0,63,710,34189,15,8845,986
tour_new3,tour,nsga2_typed,74506,1024,1024,1024,2.949055097999917,0.16041157081587262,0.0014859455010348358,0.0006363946315789473,0.9473684210526315,False,18,19,0.0014859455010348358,0.0014859454983664263,0.0006363946304566791,0,0,0,0,0,0,0,961
job_new4,job,local24,74506,1024,1024,1024,1.927934298999844,0.09911795163224893,0.009263730847068599,0.003295121237499998,0.9166666666666666,False,22,24,0.009263730847068599,0.009263730846219544,0.003163316388864938,23,0,33,740,24768,15,7893,951
rgv_new2,rgv,h0,74510,1024,1024,1024,5.450473580000107,0.11979882304081335,0.0018025045645556387,0.00047755491666665967,0.8333333333333334,False,5,6,0.0018025045645556387,0.0018025045726244961,0.00047755491881566287,246,37233,0,0,0,15,4596,981
job_new1,job,local24_random,74503,1024,1024,1024,1.0434247389998745,0.1577880801174437,0.0,0.0,1.0,True,20,20,0.0,0.0,0.0,430,0,43,731,25558,0,0,963
rgv_new2,rgv,local24,74502,1024,1024,1024,1.8782168139998703,0.11943595370076324,0.0,0.0,1.0,True,6,6,0.0,0.0,0.0,170,0,55,719,33682,15,9122,987
job_new4,job,fast_v10,74502,1024,1024,1024,2.8802726420001363,0.1223213246861323,0.009263730847068599,0.003295121237499998,0.9166666666666666,False,22,24,0.009263730847068599,0.009263730846219544,0.003163316388864938,0,0,0,0,0,0,0,936
tour_new3,tour,local24_random,74510,1024,1024,1024,1.6640697370000908,0.12745392778904835,0.0014859455010348358,0.0006363946315789473,0.9473684210526315,False,18,19,0.0014859455010348358,0.0014859454983664263,0.0006363946304566791,314,0,33,716,25287,0,0,943
tour_new4,tour,fast_h0,74509,1024,1024,1024,2.541058456999963,0.07442371623383288,0.0,0.0,1.0,True,31,31,0.0,0.0,0.0,34,38334,0,0,0,15,4744,984
job_new1,job,nsga2_typed,74502,1024,1024,1024,2.132429067999965,0.1531459244295878,0.0,0.0,1.0,True,20,20,0.0,0.0,0.0,0,0,0,0,0,0,0,951
job_new1,job,nsga_local24,74504,1024,1024,1024,2.6719738279998637,0.12400914734005966,0.0,0.0,1.0,True,20,20,0.0,0.0,0.0,40,0,73,693,24274,15,9046,966
job_new3,job,fast_h0,74504,1024,1024,1024,2.5107196869998916,0.1060602855719294,0.0,0.0,1.0,True,21,21,0.0,0.0,0.0,31,37535,0,0,0,15,4892,979
tour_new1,tour,fast_h0,74505,1024,1024,1024,3.0368871379998836,0.08132555905132312,0.0,0.0,1.0,True,28,28,0.0,0.0,0.0,44,29898,0,0,0,15,5365,1004
job_new2,job,nsga_local24,74506,1024,1024,1024,1.0432199350000246,0.11724440731155956,0.0,0.0,1.0,True,28,28,0.0,0.0,0.0,101,0,89,708,31173,15,12959,998
rgv_new3,rgv,fast_v10,74501,1024,1024,1024,2.233612052000126,0.08054781557656948,0.0,0.0,1.0,True,4,4,0.0,0.0,0.0,0,0,0,0,0,0,0,998
rgv_new4,rgv,local24,74507,1024,1024,1024,1.3592272549999507,0.07014333112453015,0.005965403603257758,0.001207243457142864,0.8571428571428571,False,6,7,0.005965403603257758,0.005965403620548808,0.001207243460764586,175,0,72,683,34727,15,9924,1004
job_new4,job,fast_v10,74512,1024,1024,1024,2.5182150180000917,0.13383791417036112,0.0017330867623756249,0.0017074990875000009,0.875,False,22,24,0.0017330867623756249,0.001733086761376987,0.001639199120830203,0,0,0,0,0,0,0,966
rgv_new2,rgv,nsga2_typed,74501,1024,1024,1024,1.2097549689999596,0.10331488136103095,0.0010548266765020389,0.0014971852833333332,0.8333333333333334,False,6,6,0.0010548266765020389,0.0010548266731362046,0.0014971852916516948,0,0,0,0,0,0,0,1017
rgv_new3,rgv,nsga_local24,74506,1024,1024,1024,1.5998238800000308,0.09666158456098438,0.0,0.0,1.0,True,4,4,0.0,0.0,0.0,234,0,96,678,42941,15,16138,1018
job_new2,job,fast_v10,74512,1024,1024,1024,1.6732039500000155,0.15316371475450227,0.0005173159285233167,0.00017591380714285668,0.9285714285714286,False,26,28,0.0005173159285233167,0.0005173159240015788,0.0001759138058284967,0,0,0,0,0,0,0,997
job_new3,job,nsga_local24,74511,1024,1024,1024,1.276081213999987,0.14299067990448766,0.0006871124956982495,0.0008986238238095224,0.8571428571428571,False,19,21,0.0006871124956982495,0.0006871124908523035,0.0008986238176376446,56,0,82,657,26199,15,10764,975
rgv_new1,rgv,refit32,74509,1024,1024,1024,3.1896558410001035,0.12315814052040693,0.0,0.0,1.0,True,5,5,0.0,0.0,0.0,96,26901,0,0,0,30,5735,1013
tour_new4,tour,nsga2_typed,74509,1024,1024,1024,2.477524325000104,0.14113840494405722,0.0003920835860639839,0.0004996878516129032,0.9032258064516129,False,29,31,0.0003920835860639839,0.0003920835864460343,0.0004996878499647654,0,0,0,0,0,0,0,967
rgv_new4,rgv,fast_v10,74503,1024,1024,1024,1.8516358090000722,0.07000915895765444,0.0,0.0,1.0,True,7,7,0.0,0.0,0.0,0,0,0,0,0,0,0,1007
rgv_new4,rgv,fast_h0,74504,1024,1024,1024,2.4461789530000715,0.0960912714959786,0.0005760915736788369,0.0007633296428571428,0.8571428571428571,False,7,7,0.0005760915736788369,0.0005760915789585081,0.0007633296439067211,271,32367,0,0,0,15,5090,1000
tour_new1,tour,local24_random,74505,1024,1024,1024,0.8381782629999179,0.11267266506480218,0.0016689845285955509,0.0016157749308613127,0.8571428571428571,False,28,28,0.0016689845285955509,0.0016689845273713387,0.0016157749286081495,459,0,54,715,27218,0,0,988
tour_new1,tour,refit32,74510,1024,1024,1024,2.8616300070000307,0.087435003653521,0.00035889448876713,0.00022346543571428564,0.9642857142857143,False,27,28,0.00035889448876713,0.00035889448911453437,0.00022346543629873878,50,29041,0,0,0,30,5751,1007
tour_new2,tour,fast_v10,74508,1024,1024,1024,1.9603293659999963,0.12124022108319717,0.0006915318464574048,0.0003470553882352941,0.8823529411764706,False,15,17,0.0006915318464574048,0.0006915318524701554,0.0003277745362105537,0,0,0,0,0,0,0,988
rgv_new4,rgv,h0,74503,1024,1024,1024,8.312284162000196,0.07136049915360745,0.0,0.0,1.0,True,7,7,0.0,0.0,0.0,202,39368,0,0,0,15,4769,982
job_new3,job,nsga_local24,74501,1024,1024,1024,1.599134339000102,0.15220670815235327,0.013350785695203336,0.004041414323809523,0.7619047619047619,False,19,21,0.013350785695203336,0.013350785688948305,0.004041414319528639,73,0,88,677,28828,15,11541,984
rgv_new1,rgv,refit32,74501,1024,1024,1024,3.5297702500001833,0.036863531686690244,0.008543861945606988,0.002504405473056643,0.8,False,6,5,0.008543861945606988,0.008543861964532521,0.002504405476783931,149,26019,0,0,0,30,5777,1014
tour_new3,tour,fast_h0,74512,1024,1024,1024,3.7923341700000037,0.09539307164577399,0.0,0.0,1.0,True,19,19,0.0,0.0,0.0,16,47678,0,0,0,15,3933,958
tour_new1,tour,nsga2_typed,74509,1024,1024,1024,2.565827643000148,0.10247778145218109,0.0009959470904398289,0.0009521459374221724,0.8571428571428571,False,25,28,0.0009959470904398289,0.000995947090810423,0.0009521459376920688,0,0,0,0,0,0,0,970
job_new1,job,nsga_local24,74510,1024,1024,1024,1.5206381330001477,0.14547734098125759,0.0002447332622702951,9.882825e-05,0.95,False,19,20,0.0002447332622702951,0.00024473326843173774,9.882825248587357e-05,54,0,79,671,23623,15,9175,970
job_new1,job,refit32,74502,1024,1024,1024,6.086254362000091,0.10965470771136136,0.0,0.0,1.0,True,20,20,0.0,0.0,0.0,22,44785,0,0,0,30,4132,955
job_new3,job,fast_h0,74506,1024,1024,1024,2.5994249919999675,0.1335400720195704,0.0,0.0,1.0,True,21,21,0.0,0.0,0.0,43,29564,0,0,0,15,5620,1011
job_new4,job,local24,74509,1024,1024,1024,1.8089799189999667,0.09650224859658582,0.009263730847068599,0.003295121237499998,0.9166666666666666,False,22,24,0.009263730847068599,0.009263730846219544,0.003163316388864938,27,0,32,728,23806,15,7818,953
tour_new1,tour,local24_random,74502,1024,1024,1024,1.1785836330000166,0.10952683682763076,0.0010813898515975471,0.0016822989552793177,0.8928571428571429,False,26,28,0.0010813898515975471,0.0010813898514306917,0.0016822989540448466,419,0,43,727,27868,0,0,977
rgv_new2,rgv,local24,74510,1024,1024,1024,2.1477933690000555,0.09266301421914387,0.0,0.0,1.0,True,6,6,0.0,0.0,0.0,135,0,47,713,32499,15,7938,978
tour_new4,tour,local24,74512,1024,1024,1024,3.5321040840001388,0.0547442611217676,0.0,0.0,1.0,True,31,31,0.0,0.0,0.0,34,0,39,723,27290,15,9741,986
job_new2,job,fast_v10,74504,1024,1024,1024,1.8672606899999664,0.11000367313416319,0.0003505991011946168,0.000102376675,0.9642857142857143,False,27,28,0.0003505991011946168,0.0003505990965921967,0.00010237667365565212,0,0,0,0,0,0,0,998
rgv_new2,rgv,fast_h0,74511,1024,1024,1024,2.5910190529998545,0.11286112505560356,0.0,0.0,1.0,True,6,6,0.0,0.0,0.0,238,37588,0,0,0,15,4751,991
rgv_new4,rgv,fast_v10,74510,1024,1024,1024,2.435200729999906,0.179102683415084,0.001586543530189748,0.000343498342857153,0.8571428571428571,False,6,7,0.001586543530189748,0.0015865435161033599,0.00034349833975802886,0,0,0,0,0,0,0,996
tour_new1,tour,fast_h0,74511,1024,1024,1024,2.3982428449999134,0.06918061948059728,0.00035889448876713,0.00022346543571428564,0.9642857142857143,False,27,28,0.00035889448876713,0.00035889448911453437,0.00022346543629873878,44,31635,0,0,0,15,5321,1000
rgv_new3,rgv,local24,74504,1024,1024,1024,1.8824300060000496,0.12548411404575052,0.0,0.0,1.0,True,4,4,0.0,0.0,0.0,135,0,48,739,36570,15,9272,982
rgv_new3,rgv,h0,74503,1024,1024,1024,6.094769045000021,0.0949284124610991,0.0,0.0,1.0,True,4,4,0.0,0.0,0.0,177,33657,0,0,0,15,5151,989
tour_new2,tour,local24,74505,1024,1024,1024,1.7074252259999412,0.06414252146446837,0.0,0.0,1.0,True,17,17,0.0,0.0,3.0839528461809902e-18,24,0,20,760,32681,15,8921,985
tour_new1,tour,nsga2_typed,74508,1024,1024,1024,2.1500888850000592,0.10199080888805812,0.004429044671865477,0.002775584150000003,0.8214285714285714,False,25,28,0.004429044671865477,0.004429044671066524,0.0027755841483836897,0,0,0,0,0,0,0,975
job_new2,job,local24,74504,1024,1024,1024,2.096358581000004,0.09554661529635991,0.0003505991011946168,0.000102376675,0.9642857142857143,False,27,28,0.0003505991011946168,0.0003505990965921967,0.00010237667365565212,46,0,42,732,31339,15,12196,1003
rgv_new2,rgv,local24_random,74512,1024,1024,1024,0.9891928960000769,0.026000885399276103,2.867054352380394e-05,0.0004591368333333364,0.8333333333333334,False,6,6,2.867054352380394e-05,2.8670542994593186e-05,0.00045913682277319107,355,0,54,696,30900,0,0,1001
tour_new4,tour,refit32,74501,1024,1024,1024,3.3083391350000966,0.06308220183265124,0.00016715124140782872,5.8242738709676954e-05,0.9354838709677419,False,29,31,0.00016715124140782872,0.0001671512418845181,5.8242738344365644e-05,28,45456,0,0,0,30,4037,958
tour_new1,tour,nsga2_typed,74504,1024,1024,1024,2.2195885399999042,0.10420941459040409,0.0006331756008923549,0.0009440229008009268,0.8928571428571429,False,27,28,0.0006331756008923549,0.0006331755988745532,0.0009440228995018994,0,0,0,0,0,0,0,960
tour_new1,tour,h0,74501,1024,1024,1024,4.366765708999992,0.07800795930747745,0.00035889448876713,0.00022346543571428564,0.9642857142857143,False,27,28,0.00035889448876713,0.00035889448911453437,0.00022346543629873878,39,32295,0,0,0,15,5603,1006
job_new4,job,refit32,74503,1024,1024,1024,3.6150344489999497,0.12368078168605579,0.0,0.0,1.0,True,24,24,0.0,0.0,0.0,43,39620,0,0,0,30,4590,976
tour_new1,tour,nsga_local24,74505,1024,1024,1024,1.2860631720000129,0.10716731732842959,0.00035889448876713,0.00022346543571428564,0.9642857142857143,False,27,28,0.00035889448876713,0.00035889448911453437,0.00022346543629873878,81,0,87,688,29300,15,11843,992
tour_new4,tour,refit32,74509,1024,1024,1024,4.679063752999809,0.0751798824579828,0.00016146065403349204,5.4005464516129035e-05,0.967741935483871,False,31,31,0.00016146065403349204,0.00016146065416796284,5.40054646966535e-05,32,38074,0,0,0,30,4870,998
job_new2,job,fast_h0,74502,1024,1024,1024,1.9967185689999951,0.12559059685057955,0.0003505991011946168,0.000102376675,0.9642857142857143,False,27,28,0.0003505991011946168,0.0003505990965921967,0.00010237667365565212,32,32427,0,0,0,15,5470,999
tour_new2,tour,nsga2_typed,74503,1024,1024,1024,1.712480443000004,0.13876381214756325,0.0019259368916248562,0.001989153641176469,0.8235294117647058,False,16,17,0.0019259368916248562,0.0019259368998732177,0.0018786451108449961,0,0,0,0,0,0,0,987
tour_new2,tour,nsga2_typed,74505,1024,1024,1024,1.8729923179998877,0.15453984931378964,0.0006915318464574048,0.0003470553882352941,0.8823529411764706,False,15,17,0.0006915318464574048,0.0006915318524701554,0.0003277745362105506,0,0,0,0,0,0,0,965
tour_new1,tour,fast_h0,74503,1024,1024,1024,2.1897205249999843,0.09136190050287166,0.0,0.0,1.0,True,28,28,0.0,0.0,0.0,38,34088,0,0,0,15,5174,995
job_new1,job,refit32,74508,1024,1024,1024,3.106693954999855,0.08673195198069705,0.0,0.0,1.0,True,20,20,0.0,0.0,0.0,13,45186,0,0,0,30,4037,959
job_new2,job,fast_v10,74509,1024,1024,1024,1.5391018809998513,0.13095489639686012,0.0,0.0,1.0,True,28,28,0.0,0.0,0.0,0,0,0,0,0,0,0,981
rgv_new3,rgv,refit32,74511,1024,1024,1024,4.065923053000006,0.09043863799562193,0.0008061265610368792,0.0050000000000000044,0.75,False,5,4,0.0008061265610368792,0.0008061265618702589,0.0050000000000000044,163,26441,0,0,0,30,5725,1012
tour_new4,tour,nsga2_typed,74510,1024,1024,1024,1.922410619999937,0.09578992416716973,0.00046507536353890163,0.00018048995161290275,0.9032258064516129,False,28,31,0.00046507536353890163,0.0004650753658932217,0.00018048995206922414,0,0,0,0,0,0,0,962
tour_new3,tour,nsga2_typed,74502,1024,1024,1024,1.9532613130002119,0.17908687422801015,0.0,0.0,1.0,True,19,19,0.0,0.0,0.0,0,0,0,0,0,0,0,961
tour_new1,tour,local24_random,74508,1024,1024,1024,0.7246864569999616,0.09076055196420896,0.000901084536186277,0.0006892984909936006,0.8928571428571429,False,26,28,0.000901084536186277,0.0009010845364571846,0.000689298491841954,492,0,59,696,29216,0,0,992
rgv_new3,rgv,nsga2_typed,74504,1024,1024,1024,1.2554848909999237,0.2218477822666402,0.0,0.0,1.0,True,4,4,0.0,0.0,0.0,0,0,0,0,0,0,0,1005
job_new2,job,local24,74510,1024,1024,1024,1.2729262240000025,0.08682354479796274,0.0003505991011946168,0.000102376675,0.9642857142857143,False,27,28,0.0003505991011946168,0.0003505990965921967,0.00010237667365565212,36,0,41,728,29797,15,11579,988
job_new1,job,h0,74504,1024,1024,1024,4.387514148999799,0.09738719849730482,0.0,0.0,1.0,True,20,20,0.0,0.0,0.0,13,42593,0,0,0,15,4254,963
tour_new2,tour,nsga_local24,74502,1024,1024,1024,1.1754495360000874,0.15869257602142545,0.00019924060431430744,0.00010420557647058823,0.9411764705882353,False,16,17,0.00019924060431430744,0.00019924060820149193,9.841637969830385e-05,63,0,83,702,28137,15,10508,964
rgv_new1,rgv,fast_v10,74503,1024,1024,1024,1.7105544890000601,0.09918018463616707,0.0,0.0,1.0,True,5,5,0.0,0.0,0.0,0,0,0,0,0,0,0,1002
rgv_new3,rgv,local24_random,74509,1024,1024,1024,0.6893622930001584,0.15841263164089953,0.0,0.0,1.0,True,4,4,0.0,0.0,0.0,456,0,64,698,38778,0,0,1004
tour_new1,tour,local24,74511,1024,1024,1024,1.8526244089998727,0.06179936750714662,0.00035889448876713,0.00022346543571428564,0.9642857142857143,False,27,28,0.00035889448876713,0.00035889448911453437,0.00022346543629873878,61,0,41,720,29828,15,11050,998
rgv_new3,rgv,h0,74511,1024,1024,1024,3.84224198600009,0.09092231393224401,0.0008061265610368792,0.0050000000000000044,0.75,False,5,4,0.0008061265610368792,0.0008061265618702589,0.0050000000000000044,173,27767,0,0,0,15,5794,1009
job_new1,job,refit32,74503,1024,1024,1024,2.8237110219999977,0.1304011777806517,0.0,0.0,1.0,True,20,20,0.0,0.0,0.0,28,42299,0,0,0,30,4339,959
rgv_new2,rgv,refit32,74504,1024,1024,1024,2.904163097000037,0.12623109052483233,0.0,0.0,1.0,True,6,6,0.0,0.0,0.0,223,37869,0,0,0,30,4673,987
tour_new2,tour,nsga2_typed,74506,1024,1024,1024,1.5018553279999196,0.15147077534698,0.0,0.0,1.0,True,17,17,0.0,0.0,0.0,0,0,0,0,0,0,0,990
rgv_new4,rgv,local24_random,74507,1024,1024,1024,0.6860882119999587,0.06736999665655054,0.009949390678448407,0.0021995720000000146,0.5714285714285714,False,5,7,0.009949390678448407,0.009949390672097278,0.002199571997843327,414,0,42,736,35638,0,0,992
rgv_new1,rgv,h0,74510,1024,1024,1024,3.259470317000023,0.12458521658903746,0.008543861945606988,0.002504405473056643,0.8,False,5,5,0.008543861945606988,0.008543861964532521,0.002504405476783931,138,24451,0,0,0,15,5950,1013
job_new3,job,refit32,74507,1024,1024,1024,2.601682784000104,0.09985515909456869,6.703132588537172e-05,0.00013600607619047657,0.9523809523809523,False,20,21,6.703132588537172e-05,6.703132545895097e-05,0.00013600607499512587,32,35676,0,0,0,30,5075,991
job_new2,job,h0,74507,1024,1024,1024,3.6956766359999165,0.09664180380071132,0.0,0.0,1.0,True,28,28,0.0,0.0,0.0,26,34159,0,0,0,15,5190,998
rgv_new2,rgv,h0,74504,1024,1024,1024,4.659711287000164,0.12482022556619321,0.0,0.0,1.0,True,6,6,0.0,0.0,0.0,210,38402,0,0,0,15,4593,987
tour_new3,tour,nsga2_typed,74511,1024,1024,1024,1.9279221790000065,0.1896170866168106,0.007215716916139184,0.0035618540631578944,0.8947368421052632,False,17,19,0.007215716916139184,0.007215716911660035,0.003561854061290052,0,0,0,0,0,0,0,959
rgv_new4,rgv,local24,74506,1024,1024,1024,1.616551999999956,0.08321888945734353,0.001586543530189748,0.000343498342857153,0.8571428571428571,False,6,7,0.001586543530189748,0.0015865435161033599,0.00034349833975802886,126,0,47,727,34562,15,8304,978
tour_new3,tour,nsga2_typed,74507,1024,1024,1024,2.624949110000216,0.14658787783194588,0.005109707455532846,0.0028729532631578945,0.8947368421052632,False,18,19,0.005109707455532846,0.0051097074545914,0.002872953262288581,0,0,0,0,0,0,0,957
job_new1,job,refit32,74510,1024,1024,1024,3.0534675959997912,0.1266485322367386,0.0,0.0,1.0,True,20,20,0.0,0.0,0.0,18,43818,0,0,0,30,4117,952
tour_new4,tour,local24,74508,1024,1024,1024,1.395464469999979,0.07206979252117428,0.0,0.0,1.0,True,31,31,0.0,0.0,0.0,43,0,42,728,27628,15,9812,986
tour_new2,tour,fast_h0,74501,1024,1024,1024,2.3791813790001015,0.09206965376112741,0.00019924060431430744,0.00010420557647058823,0.9411764705882353,False,16,17,0.00019924060431430744,0.00019924060820149193,9.841637969830694e-05,24,42773,0,0,0,15,4289,976
tour_new1,tour,local24,74502,1024,1024,1024,1.4579840219998914,0.08284518733791299,0.00035889448876713,0.00022346543571428564,0.9642857142857143,False,27,28,0.00035889448876713,0.00035889448911453437,0.00022346543629873878,49,0,38,739,29546,15,10800,1003
rgv_new1,rgv,local24_random,74502,1024,1024,1024,0.727989856000022,0.08742235582866202,0.0,0.0,1.0,True,5,5,0.0,0.0,0.0,457,0,49,711,39173,0,0,1008
job_new1,job,h0,74512,1024,1024,1024,4.871523109000009,0.08413814248002453,0.0,0.0,1.0,True,20,20,0.0,0.0,0.0,12,45245,0,0,0,15,4114,965
job_new4,job,h0,74503,1024,1024,1024,4.948896762000004,0.12680234459371093,0.009263730847068599,0.003295121237499998,0.9166666666666666,False,22,24,0.009263730847068599,0.009263730846219544,0.003163316388864938,43,42672,0,0,0,15,4238,935
tour_new2,tour,local24_random,74504,1024,1024,1024,1.0243394220001392,0.10867120914312858,0.0,0.0,1.0,True,17,17,0.0,0.0,3.0839528461809902e-18,450,0,38,734,33295,0,0,986
rgv_new4,rgv,fast_v10,74501,1024,1024,1024,2.1273157669998,0.059100804971399634,0.0,0.0,1.0,True,7,7,0.0,0.0,0.0,0,0,0,0,0,0,0,992
job_new3,job,refit32,74509,1024,1024,1024,2.4685955930001455,0.08837680169524968,0.001775674644487401,0.0007959979761904763,0.9047619047619048,False,19,21,0.001775674644487401,0.0017756746463417,0.0007959979766080983,34,31401,0,0,0,30,5245,1001
tour_new4,tour,local24_random,74504,1024,1024,1024,0.7289671309999903,0.047646856730909196,0.0004588895379361187,0.00017625267741935483,0.9354838709677419,False,30,31,0.0004588895379361187,0.00045888954000874495,0.00017625267842151198,502,0,48,712,28184,0,0,990
job_new3,job,local24_random,74506,1024,1024,1024,0.6015850999999657,0.162971875655915,0.0028058650865946484,0.002285129742857141,0.7619047619047619,False,18,21,0.0028058650865946484,0.002805865081769265,0.0022851297352418764,506,0,67,671,28402,0,0,993
tour_new1,tour,h0,74504,1024,1024,1024,3.5005112429998917,0.06273038125494396,0.0,0.0,1.0,True,28,28,0.0,0.0,0.0,41,31775,0,0,0,15,5221,1006
job_new1,job,fast_v10,74509,1024,1024,1024,1.9819837989998632,0.09276277248828951,0.0,0.0,1.0,True,20,20,0.0,0.0,0.0,0,0,0,0,0,0,0,965
tour_new1,tour,nsga2_typed,74505,1024,1024,1024,1.5844828570000118,0.11899023453531392,0.004013508188265798,0.001546964810714286,0.8928571428571429,False,25,28,0.004013508188265798,0.00401350818695182,0.001546964810923628,0,0,0,0,0,0,0,989
rgv_new2,rgv,local24_random,74507,1024,1024,1024,0.9933710689999771,0.11523967068629415,0.0,0.0,1.0,True,6,6,0.0,0.0,0.0,377,0,49,707,33307,0,0,985
rgv_new1,rgv,nsga2_typed,74506,1024,1024,1024,1.364601501999914,0.1250110738712166,0.002403395312132071,0.003530778160000007,0.6,False,4,5,0.002403395312132071,0.002403395316852261,0.0035307781649245155,0,0,0,0,0,0,0,1005
rgv_new1,rgv,nsga_local24,74501,1024,1024,1024,1.2273751099999117,0.09837420831213509,0.01098038543921713,0.005004548564246413,0.8,False,5,5,0.01098038543921713,0.01098038545160381,0.005004548559373408,189,0,107,682,38359,15,15293,1019
rgv_new4,rgv,local24_random,74510,1024,1024,1024,0.712289950000013,0.17579807544367776,3.102573947135239e-05,0.0004198312999999906,0.8571428571428571,False,8,7,3.102573947135239e-05,3.1025739870497695e-05,0.00041983130414870374,488,0,70,691,33664,0,0,1005
tour_new3,tour,refit32,74510,1024,1024,1024,3.0333658399999877,0.09638185509691867,0.0,0.0,1.0,True,19,19,0.0,0.0,0.0,21,44579,0,0,0,30,4258,964
rgv_new4,rgv,nsga_local24,74510,1024,1024,1024,1.2992455389999122,0.13937629658939893,0.0005760915736788369,0.0007633296428571428,0.8571428571428571,False,7,7,0.0005760915736788369,0.0005760915789585081,0.0007633296439067211,276,0,105,645,34828,15,14965,1017
job_new3,job,fast_h0,74508,1024,1024,1024,2.958523783000146,0.13323087846628107,0.013293240559098012,0.0036915650095238083,0.8095238095238095,False,18,21,0.013293240559098012,0.01329324054727215,0.0036915650056557813,30,40012,0,0,0,15,4495,969
tour_new4,tour,h0,74510,1024,1024,1024,5.350247585000034,0.0701855083749799,0.00016655767076836952,5.4005464516129035e-05,0.967741935483871,False,30,31,0.00016655767076836952,0.0001665576713261272,5.40054646966535e-05,53,42154,0,0,0,15,4716,967
job_new3,job,local24_random,74509,1024,1024,1024,0.84560465200002,0.08186036724462756,0.0056447714424342895,0.004111864995571388,0.6666666666666666,False,20,21,0.0056447714424342895,0.005644771439762331,0.004111864990589966,444,0,36,722,30093,0,0,996
rgv_new4,rgv,refit32,74507,1024,1024,1024,3.028307066000025,0.05981782387159849,0.005965403603257758,0.001207243457142864,0.8571428571428571,False,6,7,0.005965403603257758,0.005965403620548808,0.001207243460764586,195,35452,0,0,0,30,4755,1001
job_new1,job,local24,74504,1024,1024,1024,1.3935316459999285,0.10054910827681147,0.0,0.0,1.0,True,20,20,0.0,0.0,0.0,18,0,29,755,26109,15,8424,965
tour_new3,tour,nsga2_typed,74510,1024,1024,1024,2.202037647999987,0.14635311942243368,0.0,0.0,1.0,True,19,19,0.0,0.0,0.0,0,0,0,0,0,0,0,962
job_new1,job,fast_h0,74510,1024,1024,1024,2.5863854819999688,0.12842297898564092,0.0,0.0,1.0,True,20,20,0.0,0.0,0.0,19,42672,0,0,0,15,4109,960
tour_new1,tour,fast_h0,74510,1024,1024,1024,1.7235639609998543,0.09264439671461158,0.0,0.0,1.0,True,28,28,0.0,0.0,0.0,48,30944,0,0,0,15,5434,1002
tour_new1,tour,h0,74509,1024,1024,1024,3.2935255680001774,0.07445763227087918,0.00035889448876713,0.00022346543571428564,0.9642857142857143,False,27,28,0.00035889448876713,0.00035889448911453437,0.00022346543629873878,41,32490,0,0,0,15,5235,997
