task,kind,partition,algorithm,seed,budget,fe,physical_calls,seconds,unique_evaluated,audit_pass,auc,final_gap,igd,recall,hit,front_size,reference_size,observed_gap,raw_final_gap,raw_igd,audit_fallbacks,model_authorized,model_fits,surrogate_predictions,stage,overrides
tour_dev,tour,development,nsga2_typed,13103,512,512,512,0.2083544669999923,511,True,0.1349683547425884,0.0145137573263968,0.0072360436829985,0.5714285714285714,False,20.0,28.0,0.0145137573263968,0.0145137573254484,0.0072360436825484,0,0,0,0,dev,
rgv_g1,rgv,development,mission_one_step,13102,512,512,512,0.4574034290000099,512,True,0.140752832564645,0.0,0.0,1.0,True,4.0,4.0,0.0,0.0,0.0,0,0,0,0,dev,
job_dev,job,development,harness_no_uncertainty,13104,512,512,512,1.4303662230000214,511,True,0.149777199289126,0.0029328806896799,0.001335693659375,0.875,False,28.0,32.0,0.0029328806896799,0.0029328806924928,0.0013356936605136,0,112,7,2688,dev,
job_dev,job,development,surrogate_scalar,13104,512,512,512,1.5235969860000296,511,True,0.1353754970151912,0.0028749371326882,0.001468849065625,0.8125,False,28.0,32.0,0.0028749371326882,0.0028749371371136,0.0014688490657989,0,112,7,2688,dev,
tour_dev,tour,development,mission_one_step,13102,512,512,512,0.6103302719999988,512,True,0.1554176226900953,0.0176352201812832,0.0093487891357142,0.6785714285714286,False,19.0,28.0,0.0176352201812832,0.0176352201969503,0.0093487891444019,0,0,0,0,dev,
rgv_dev,rgv,development,nsga2_harness,13102,512,512,512,2.246985756999948,512,True,0.1697464567557662,0.0130885212854151,0.0159574468,0.75,False,3.0,4.0,0.0130885212854151,0.0130885212928798,0.0159574468085106,48,64,7,2688,dev,
rgv_dev,rgv,development,fast_v10,13102,512,512,512,0.3607572280000113,506,True,0.192459048577584,0.0,0.0,1.0,True,4.0,4.0,0.0,0.0,0.0,0,0,0,0,dev,
tour_dev,tour,development,harness_raw,13101,512,512,512,1.4753293989999747,512,True,0.1213908099379945,0.036873055212757,0.0229044260638188,0.6071428571428571,False,24.0,28.0,0.036873055212757,0.0368730552039653,0.0229044260602291,0,112,7,2688,dev,
rgv_g1,rgv,development,harness_raw,13103,512,512,512,2.468960159999994,512,True,0.1016074043855616,0.0,0.0,1.0,True,4.0,4.0,0.0,0.0,0.0,0,112,7,2688,dev,
rgv_g1,rgv,development,fast_v10,13104,512,512,512,0.3719735000000241,509,True,0.1535581831628782,0.0,0.0,1.0,True,4.0,4.0,0.0,0.0,0.0,0,0,0,0,dev,
rgv_dev,rgv,development,fast_v10,13101,512,512,512,0.3871615649999853,502,True,0.1810393912789208,0.0081341092577206,0.0042372881249999,0.75,False,3.0,4.0,0.0081341092577206,0.0081341092780609,0.0042372881355932,0,0,0,0,dev,
tour_dev,tour,development,fast_v10,13103,512,512,512,0.2728064330000279,504,True,0.1123073345099684,0.0124632001979102,0.0061685035142857,0.7142857142857143,False,21.0,28.0,0.0124632001979102,0.0124632002055349,0.0061685035193116,0,0,0,0,dev,
tour_dev,tour,development,harness,13103,512,512,512,2.0280866530000026,512,True,0.0726537065516429,0.0059232698848018,0.00274262495,0.75,False,21.0,28.0,0.0059232698848018,0.0059232698712069,0.0027426249462272,16,96,7,2688,dev,
rgv_g1,rgv,development,harness_raw,13104,512,512,512,2.3372282589999718,511,True,0.1526344130461032,0.0,0.0,1.0,True,4.0,4.0,0.0,0.0,0.0,0,112,7,2688,dev,
rgv_g1,rgv,development,nsga2_typed,13104,512,512,512,0.1667588650000198,510,True,0.1653474453740679,0.0,0.0,1.0,True,4.0,4.0,0.0,0.0,0.0,0,0,0,0,dev,
rgv_g1,rgv,development,surrogate_hvi,13102,512,512,512,2.1199236580000047,512,True,0.1139747245513232,0.0,0.0,1.0,True,4.0,4.0,0.0,0.0,0.0,0,112,7,2688,dev,
tour_dev,tour,development,mission,13101,512,512,512,0.2850665809999668,512,True,0.1130232639959865,0.0123661722075363,0.0062556613357142,0.7142857142857143,False,20.0,28.0,0.0123661722075363,0.0123661722118848,0.0062556613381087,0,0,0,0,dev,
job_dev,job,development,nsga2_harness,13101,512,512,512,2.294661279999957,512,True,0.0766944278590339,0.0062670351577074,0.0030472753874999,0.75,False,24.0,32.0,0.0062670351577074,0.0062670351610495,0.0030472753870298,0,112,7,2688,dev,
job_dev,job,development,harness,13102,512,512,512,1.7035476259999882,512,True,0.0877153239287439,0.012379154621862,0.0058996185564589,0.6875,False,25.0,32.0,0.012379154621862,0.0123791546246822,0.0058996185540468,0,112,7,2688,dev,
rgv_g1,rgv,development,pool_random,13102,512,512,512,1.897894980999979,512,True,0.0859298100737741,0.0,0.0,1.0,True,4.0,4.0,0.0,0.0,0.0,0,0,0,0,dev,
rgv_dev,rgv,development,mission,13102,512,512,512,1.166268709999997,512,True,0.1048104430442572,0.0081341092577206,0.0042372881249999,0.75,False,3.0,4.0,0.0081341092577206,0.0081341092780609,0.0042372881355932,0,0,0,0,dev,
job_dev,job,development,nsga2_typed,13103,512,512,512,0.1969384380000178,506,True,0.1598101354954481,0.0090301879678089,0.0053255020119115,0.6875,False,26.0,32.0,0.0090301879678089,0.0090301879596748,0.0053255020032804,0,0,0,0,dev,
tour_dev,tour,development,fast_v10,13101,512,512,512,0.2129322189999811,506,True,0.1429504990514961,0.0319715192316183,0.0188696472589163,0.5714285714285714,False,22.0,28.0,0.0319715192316183,0.031971519225492,0.0188696472624195,0,0,0,0,dev,
rgv_dev,rgv,development,nsga2_typed,13104,512,512,512,0.3153730850000329,510,True,0.3365064311066537,0.0164829017676958,0.011071623825,0.5,False,3.0,4.0,0.0164829017676958,0.0164829017921996,0.0110716238381629,0,0,0,0,dev,
rgv_dev,rgv,development,nsga2_harness,13101,512,512,512,2.5529277649999926,512,True,0.2283615399408684,0.0,0.0,1.0,True,4.0,4.0,0.0,0.0,0.0,48,64,7,2688,dev,
job_dev,job,development,nsga2_harness,13102,512,512,512,2.672551196000029,512,True,0.1023316288369159,0.0094401111497808,0.0050462967438619,0.71875,False,28.0,32.0,0.0094401111497808,0.0094401111443569,0.0050462967415639,16,96,7,2688,dev,
rgv_dev,rgv,development,harness,13103,512,512,512,4.368242683999995,512,True,0.0588798592049137,0.0081341092577206,0.0042372881249999,0.75,False,3.0,4.0,0.0081341092577206,0.0081341092780609,0.0042372881355932,32,80,7,2688,dev,
rgv_dev,rgv,development,nsga2_typed,13102,512,512,512,0.2471367759999907,509,True,0.2184607665448405,0.0081341092577206,0.0042372881249999,0.75,False,3.0,4.0,0.0081341092577206,0.0081341092780609,0.0042372881355932,0,0,0,0,dev,
rgv_dev,rgv,development,fast_v10,13104,512,512,512,0.4397131510000349,498,True,0.1092743634918188,0.0081341092577206,0.0042372881249999,0.75,False,3.0,4.0,0.0081341092577206,0.0081341092780609,0.0042372881355932,0,0,0,0,dev,
rgv_dev,rgv,development,surrogate_scalar,13101,512,512,512,4.40113803700001,512,True,0.0868930397901999,0.0067028877004803,0.0042372881249999,0.75,False,4.0,4.0,0.0067028877004803,0.0067028877042084,0.0042372881355932,0,112,7,2688,dev,
job_dev,job,development,pool_random,13102,512,512,512,0.9416158159999668,512,True,0.0928408230540514,0.0088446097587279,0.0039949671259632,0.65625,False,25.0,32.0,0.0088446097587279,0.0088446097547621,0.0039949671200365,0,0,0,0,dev,
rgv_dev,rgv,development,pool_random,13103,512,512,512,3.793596449000006,512,True,0.0436099176984275,0.0081341092577206,0.0042372881249999,0.75,False,3.0,4.0,0.0081341092577206,0.0081341092780609,0.0042372881355932,0,0,0,0,dev,
job_dev,job,development,mission_one_step,13104,512,512,512,0.3904428719999941,511,True,0.1258958579895863,0.0061102715022463,0.00264063149375,0.8125,False,26.0,32.0,0.0061102715022463,0.006110271493336,0.002640631488862,0,0,0,0,dev,
rgv_g1,rgv,development,harness,13103,512,512,512,2.787817491999988,512,True,0.0997760500141873,0.0,0.0,1.0,True,4.0,4.0,0.0,0.0,0.0,1,111,7,2688,dev,
job_dev,job,development,nsga2_harness,13103,512,512,512,2.4509757849999687,512,True,0.115758751609479,0.0063636808116501,0.0031400188052651,0.78125,False,30.0,32.0,0.0063636808116501,0.0063636808226324,0.0031400188067558,0,112,7,2688,dev,
job_dev,job,development,surrogate_hvi,13104,512,512,512,1.4394682999999873,511,True,0.1415648940023254,0.0034277595557227,0.001947091965625,0.8125,False,27.0,32.0,0.0034277595557227,0.003427759559037,0.0019470919645968,0,112,7,2688,dev,
job_dev,job,development,harness_no_uncertainty,13101,512,512,512,1.6911731740000278,512,True,0.0855915278733775,0.0028749881663719,0.001468849065625,0.8125,False,27.0,32.0,0.0028749881663719,0.0028749881710579,0.0014688490657989,16,96,7,2688,dev,
tour_dev,tour,development,harness_no_uncertainty,13101,512,512,512,1.9984324769999944,512,True,0.1145225382485654,0.0059232698848018,0.00274262495,0.75,False,21.0,28.0,0.0059232698848018,0.0059232698712069,0.0027426249462272,0,112,7,2688,dev,
job_dev,job,development,mission,13103,512,512,512,0.7974204460000465,512,True,0.0885602566315199,0.0075988005428143,0.0043774005071933,0.65625,False,26.0,32.0,0.0075988005428143,0.0075988005482093,0.0043774005101447,0,0,0,0,dev,
rgv_dev,rgv,development,surrogate_hvi,13103,512,512,512,4.239243601999988,512,True,0.0588798592049137,0.0081341092577206,0.0042372881249999,0.75,False,3.0,4.0,0.0081341092577206,0.0081341092780609,0.0042372881355932,0,112,7,2688,dev,
rgv_g1,rgv,development,harness_raw,13101,512,512,512,2.225701565999998,512,True,0.1520614784689002,0.0,0.0,1.0,True,4.0,4.0,0.0,0.0,0.0,16,96,7,2688,dev,
rgv_dev,rgv,development,pool_random,13104,512,512,512,4.082800176999967,511,True,0.1006596022892467,0.0081341092577206,0.0042372881249999,0.75,False,3.0,4.0,0.0081341092577206,0.0081341092780609,0.0042372881355932,0,0,0,0,dev,
tour_dev,tour,development,fast_v10,13102,512,512,512,0.1995707750000406,509,True,0.1454817090130131,0.0145810619032454,0.0075489898004922,0.7142857142857143,False,22.0,28.0,0.0145810619032454,0.0145810618870187,0.0075489897905635,0,0,0,0,dev,
rgv_dev,rgv,development,surrogate_hvi,13101,512,512,512,3.840149010999994,512,True,0.0990548451106423,0.0081341092577206,0.0042372881249999,0.75,False,3.0,4.0,0.0081341092577206,0.0081341092780609,0.0042372881355932,0,112,7,2688,dev,
rgv_dev,rgv,development,nsga2_typed,13101,512,512,512,0.2147367450000388,511,True,0.1149455789786409,0.0,0.0,1.0,True,4.0,4.0,0.0,0.0,0.0,0,0,0,0,dev,
job_dev,job,development,fast_v10,13102,512,512,512,0.2462389809999763,509,True,0.103470491717643,0.0162170103718011,0.0099871756070844,0.5625,False,27.0,32.0,0.0162170103718011,0.0162170103695093,0.0099871756052152,0,0,0,0,dev,
rgv_dev,rgv,development,surrogate_hvi,13102,512,512,512,2.558139466999989,512,True,0.200352235577116,0.0,0.0,1.0,True,4.0,4.0,0.0,0.0,0.0,0,112,7,2688,dev,
tour_dev,tour,development,harness_raw,13103,512,512,512,1.949600309999994,512,True,0.0941593763478209,0.0159997058925441,0.0080004157214285,0.6785714285714286,False,20.0,28.0,0.0159997058925441,0.0159997058905982,0.0080004157215941,16,96,7,2688,dev,
tour_dev,tour,development,pool_random,13103,512,512,512,1.4574689519999993,512,True,0.0812826015038656,0.0151807522572041,0.0081279106626205,0.6785714285714286,False,20.0,28.0,0.0151807522572041,0.0151807522605934,0.0081279106656657,0,0,0,0,dev,
rgv_g1,rgv,development,harness,13104,512,512,512,2.843342066000048,511,True,0.171146364387432,0.0,0.0,1.0,True,4.0,4.0,0.0,0.0,0.0,0,112,7,2688,dev,
job_dev,job,development,nsga2_typed,13102,512,512,512,0.2008527699999831,508,True,0.0893668772636209,0.0081950295675246,0.0050138174120973,0.6875,False,26.0,32.0,0.0081950295675246,0.0081950295616246,0.0050138174046293,0,0,0,0,dev,
job_dev,job,development,harness_no_uncertainty,13103,512,512,512,1.8332292410000264,512,True,0.1301239156341434,0.0121310787575923,0.0061662904419835,0.71875,False,27.0,32.0,0.0121310787575923,0.0121310787456932,0.006166290433483,16,96,7,2688,dev,
tour_dev,tour,development,surrogate_scalar,13104,512,512,512,1.8752411649999767,511,True,0.0795880020554743,0.003211519389225,0.0025014298678571,0.7857142857142857,False,22.0,28.0,0.003211519389225,0.0032115193962855,0.0025014298725257,0,112,7,2688,dev,
job_dev,job,development,surrogate_hvi,13101,512,512,512,1.6510513719999835,512,True,0.07739256125212,0.0024943382742845,0.001009360034375,0.875,False,29.0,32.0,0.0024943382742845,0.0024943382811147,0.0010093600381985,0,112,7,2688,dev,
job_dev,job,development,harness_raw,13102,512,512,512,1.445091916000024,512,True,0.0840384146029201,0.0050866593224878,0.0030982626297025,0.75,False,25.0,32.0,0.0050866593224878,0.0050866593149193,0.0030982626257981,0,112,7,2688,dev,
job_dev,job,development,mission,13101,512,512,512,0.342900544000031,512,True,0.0888884057576113,0.0058122253922481,0.0026782930547025,0.78125,False,27.0,32.0,0.0058122253922481,0.0058122253932369,0.0026782930541206,0,0,0,0,dev,
rgv_dev,rgv,development,harness_raw,13101,512,512,512,3.4815789720000225,512,True,0.1053057053468572,0.0067028877004803,0.0042372881249999,0.75,False,4.0,4.0,0.0067028877004803,0.0067028877042084,0.0042372881355932,48,64,7,2688,dev,
tour_dev,tour,development,nsga2_typed,13104,512,512,512,0.2127081140000086,511,True,0.134954905851356,0.0133421478320554,0.0065894429458214,0.6785714285714286,False,21.0,28.0,0.0133421478320554,0.013342147835924,0.0065894429499865,0,0,0,0,dev,
job_dev,job,development,nsga2_harness,13104,512,512,512,2.4848434870000347,511,True,0.161444330788207,0.0010317895171156,0.0011955488624999,0.875,False,29.0,32.0,0.0010317895171156,0.0010317895150092,0.0011955488593751,0,112,7,2688,dev,
job_dev,job,development,fast_v10,13101,512,512,512,0.2215077889999861,507,True,0.0989721100270194,0.0060746932542655,0.0028207557867674,0.71875,False,27.0,32.0,0.0060746932542655,0.0060746932471574,0.0028207557801378,0,0,0,0,dev,
rgv_g1,rgv,development,nsga2_typed,13103,512,512,512,0.1967806780000387,509,True,0.071179705997787,0.0024096081034937,0.0012675506999999,0.5,False,5.0,4.0,0.0024096081034937,0.0024096081073941,0.0012675507020281,0,0,0,0,dev,
job_dev,job,development,harness,13103,512,512,512,2.2043679230000066,512,True,0.1199694230453629,0.0190929282377089,0.0096463005249229,0.6875,False,24.0,32.0,0.0190929282377089,0.0190929282429789,0.0096463005249801,0,112,7,2688,dev,
job_dev,job,development,harness_raw,13103,512,512,512,1.8272521130000428,512,True,0.1327399398861401,0.0279923175460726,0.0150308415095407,0.5625,False,31.0,32.0,0.0279923175460726,0.027992317531018,0.0150308414982709,16,96,7,2688,dev,
tour_dev,tour,development,surrogate_hvi,13103,512,512,512,1.9252764419999835,512,True,0.0745087735990131,0.0098433865294526,0.0056312611999999,0.6785714285714286,False,20.0,28.0,0.0098433865294526,0.0098433865153622,0.0056312611945134,0,112,7,2688,dev,
job_dev,job,development,pool_random,13101,512,512,512,1.0422726369999964,512,True,0.0880072194302754,0.0103445967058689,0.0049929990984266,0.6875,False,26.0,32.0,0.0103445967058689,0.0103445967001546,0.0049929990928912,0,0,0,0,dev,
tour_dev,tour,development,harness_no_uncertainty,13102,512,512,512,1.669194391000019,512,True,0.1743138720770725,0.0613516849611389,0.0412753913667026,0.6071428571428571,False,20.0,28.0,0.0613516849611389,0.0613516849578176,0.0412753913704064,0,112,7,2688,dev,
tour_dev,tour,development,mission_one_step,13104,512,512,512,0.4730449460000159,511,True,0.0966091339505679,0.0058785661020239,0.0031910579308318,0.75,False,22.0,28.0,0.0058785661020239,0.0058785661061754,0.0031910579349614,0,0,0,0,dev,
rgv_g1,rgv,development,mission,13103,512,512,512,0.7217944149999767,512,True,0.0853221867754372,0.0,0.0,1.0,True,4.0,4.0,0.0,0.0,0.0,0,0,0,0,dev,
tour_dev,tour,development,harness_raw,13102,512,512,512,1.8375390969999896,512,True,0.1802339566223055,0.0768656550671147,0.0531318804035714,0.6071428571428571,False,18.0,28.0,0.0768656550671147,0.0768656550500734,0.0531318803960325,0,112,7,2688,dev,
tour_dev,tour,development,nsga2_typed,13102,512,512,512,0.233876242000008,506,True,0.2074786069870592,0.0173192634169692,0.0087884269214285,0.5714285714285714,False,18.0,28.0,0.0173192634169692,0.0173192633903788,0.0087884269062725,0,0,0,0,dev,
job_dev,job,development,nsga2_typed,13101,512,512,512,0.1949883959999852,504,True,0.122769557309842,0.0089007583457974,0.0050651799005926,0.65625,False,23.0,32.0,0.0089007583457974,0.0089007583353242,0.0050651798945871,0,0,0,0,dev,
rgv_dev,rgv,development,mission_one_step,13104,512,512,512,1.248895015999949,511,True,0.1153749454711026,0.0081341092577206,0.0042372881249999,0.75,False,3.0,4.0,0.0081341092577206,0.0081341092780609,0.0042372881355932,0,0,0,0,dev,
rgv_dev,rgv,development,nsga2_harness,13104,512,512,512,2.4367380329999837,511,True,0.2672424630115766,0.0081341092577206,0.0042372881249999,0.75,False,3.0,4.0,0.0081341092577206,0.0081341092780609,0.0042372881355932,32,80,7,2688,dev,
rgv_g1,rgv,development,nsga2_typed,13101,512,512,512,0.2015649570000164,508,True,0.1464928819708684,0.0,0.0,1.0,True,4.0,4.0,0.0,0.0,0.0,0,0,0,0,dev,
rgv_dev,rgv,development,harness,13101,512,512,512,4.16234766499997,512,True,0.1023418839913411,0.0081341092577206,0.0042372881249999,0.75,False,3.0,4.0,0.0081341092577206,0.0081341092780609,0.0042372881355932,32,80,7,2688,dev,
rgv_g1,rgv,development,surrogate_scalar,13104,512,512,512,2.123366298000008,511,True,0.1807089581172871,0.0012269943753027,0.000975039,0.75,False,5.0,4.0,0.0012269943753027,0.0012269943775461,0.00097503900156,0,112,7,2688,dev,
tour_dev,tour,development,surrogate_hvi,13102,512,512,512,1.7985058520000052,512,True,0.1449497988147422,0.0115732669361119,0.0061421513692807,0.6785714285714286,False,21.0,28.0,0.0115732669361119,0.011573266936405,0.0061421513641508,0,112,7,2688,dev,
job_dev,job,development,mission_one_step,13103,512,512,512,0.7374845349999646,512,True,0.0918088537956118,0.0081061890245217,0.0043364595193426,0.6875,False,28.0,32.0,0.0081061890245217,0.0081061890347843,0.0043364595226827,0,0,0,0,dev,
rgv_dev,rgv,development,harness_raw,13104,512,512,512,4.229781862999971,511,True,0.1027468004167405,0.0081341092577206,0.0042372881249999,0.75,False,3.0,4.0,0.0081341092577206,0.0081341092780609,0.0042372881355932,32,80,7,2688,dev,
rgv_g1,rgv,development,harness_no_uncertainty,13104,512,512,512,2.5625031669999885,511,True,0.1513943655387592,0.0,0.0,1.0,True,4.0,4.0,0.0,0.0,0.0,0,112,7,2688,dev,
job_dev,job,development,harness,13104,512,512,512,1.4176548350000076,511,True,0.1415648940023254,0.0034277595557227,0.001947091965625,0.8125,False,27.0,32.0,0.0034277595557227,0.003427759559037,0.0019470919645968,0,112,7,2688,dev,
job_dev,job,development,surrogate_hvi,13102,512,512,512,1.6969755200000236,512,True,0.0877153239287439,0.012379154621862,0.0058996185564589,0.6875,False,25.0,32.0,0.012379154621862,0.0123791546246822,0.0058996185540468,0,112,7,2688,dev,
tour_dev,tour,development,surrogate_scalar,13102,512,512,512,2.001348202000031,512,True,0.1755568706030245,0.0667873742976811,0.0468584565856766,0.6071428571428571,False,21.0,28.0,0.0667873742976811,0.0667873742766549,0.0468584565799873,0,112,7,2688,dev,
rgv_dev,rgv,development,mission,13101,512,512,512,1.2934908160000305,512,True,0.1810393912789208,0.0081341092577206,0.0042372881249999,0.75,False,3.0,4.0,0.0081341092577206,0.0081341092780609,0.0042372881355932,0,0,0,0,dev,
job_dev,job,development,pool_random,13104,512,512,512,1.0625877400000263,511,True,0.142200073184401,0.0031120749952997,0.0012338235812499,0.8125,False,27.0,32.0,0.0031120749952997,0.003112074996102,0.0012338235799845,0,0,0,0,dev,
rgv_g1,rgv,development,mission,13104,512,512,512,0.7569674070000474,511,True,0.1649896590343369,0.0,0.0,1.0,True,4.0,4.0,0.0,0.0,0.0,0,0,0,0,dev,
rgv_g1,rgv,development,nsga2_harness,13101,512,512,512,2.10027493299998,512,True,0.1441978150859319,0.0012269943753027,0.000975039,0.75,False,5.0,4.0,0.0012269943753027,0.0012269943775461,0.00097503900156,1,111,7,2688,dev,
rgv_g1,rgv,development,fast_v10,13101,512,512,512,0.2864242640000043,508,True,0.1019190479123491,0.0,0.0,1.0,True,4.0,4.0,0.0,0.0,0.0,0,0,0,0,dev,
tour_dev,tour,development,harness,13104,512,512,512,2.0573514820000014,511,True,0.0831844286033084,0.0104986766849702,0.0060910316090337,0.7142857142857143,False,21.0,28.0,0.0104986766849702,0.0104986766943462,0.0060910316156639,16,96,7,2688,dev,
job_dev,job,development,mission,13104,512,512,512,0.2950892719999842,511,True,0.1072695561526527,0.0044419000748417,0.0017516154383313,0.78125,False,27.0,32.0,0.0044419000748417,0.0044419000792438,0.0017516154381387,0,0,0,0,dev,
job_dev,job,development,fast_v10,13103,512,512,512,0.2978134589999968,508,True,0.1006445775540698,0.0055402078131411,0.002084690921875,0.78125,False,25.0,32.0,0.0055402078131411,0.0055402078062737,0.0020846909163584,0,0,0,0,dev,
tour_dev,tour,development,surrogate_scalar,13103,512,512,512,2.019869098000015,512,True,0.0744450671610517,0.0059322187826849,0.0027662657071428,0.7142857142857143,False,20.0,28.0,0.0059322187826849,0.0059322187682003,0.002766265701055,0,112,7,2688,dev,
rgv_g1,rgv,development,fast_v10,13102,512,512,512,0.3550834760000043,509,True,0.0898864753304527,0.0,0.0,1.0,True,4.0,4.0,0.0,0.0,0.0,0,0,0,0,dev,
rgv_g1,rgv,development,fast_v10,13103,512,512,512,0.3270696580000276,509,True,0.0368331311545752,0.0,0.0,1.0,True,4.0,4.0,0.0,0.0,0.0,0,0,0,0,dev,
tour_dev,tour,development,pool_random,13101,512,512,512,1.308268940000005,512,True,0.1127079187431134,0.0098450434121133,0.0044697654,0.7857142857142857,False,22.0,28.0,0.0098450434121133,0.009845043409215,0.0044697653978205,0,0,0,0,dev,
rgv_g1,rgv,development,harness_no_uncertainty,13103,512,512,512,2.0552520950000144,512,True,0.0821684848950004,0.0048479330968042,0.0036173445610083,0.75,False,6.0,4.0,0.0048479330968042,0.0048479331044753,0.0036173445662468,0,112,7,2688,dev,
tour_dev,tour,development,harness_no_uncertainty,13104,512,512,512,2.291979663999996,511,True,0.0940617274890258,0.0194029177547524,0.0096571285857142,0.6428571428571429,False,18.0,28.0,0.0194029177547524,0.0194029177288587,0.0096571285711829,16,96,7,2688,dev,
job_dev,job,development,surrogate_scalar,13101,512,512,512,1.8135314699999867,512,True,0.0876820408320172,0.0038400169531704,0.0018656248156249,0.78125,False,25.0,32.0,0.0038400169531704,0.003840016952656,0.0018656248144212,0,112,7,2688,dev,
rgv_g1,rgv,development,mission_one_step,13101,512,512,512,0.5565623870000422,512,True,0.2020881930127709,0.0,0.0,1.0,True,4.0,4.0,0.0,0.0,0.0,0,0,0,0,dev,
rgv_dev,rgv,development,harness_no_uncertainty,13104,512,512,512,4.530874719999986,511,True,0.1006596022892467,0.0081341092577206,0.0042372881249999,0.75,False,3.0,4.0,0.0081341092577206,0.0081341092780609,0.0042372881355932,16,96,7,2688,dev,
rgv_g1,rgv,development,nsga2_harness,13103,512,512,512,2.14561786500002,512,True,0.0695490435213542,0.0024539887513519,0.000975039,0.75,False,4.0,4.0,0.0024539887513519,0.0024539887550923,0.00097503900156,0,112,7,2688,dev,
tour_dev,tour,development,nsga2_harness,13104,512,512,512,2.404240666000021,511,True,0.1053683302081476,0.0101642655701407,0.005037275544748,0.6785714285714286,False,20.0,28.0,0.0101642655701407,0.010164265564707,0.0050372755433101,0,112,7,2688,dev,
job_dev,job,development,mission_one_step,13101,512,512,512,0.4128769010000042,512,True,0.0750236248721871,0.0032118524368022,0.0012122789624999,0.84375,False,27.0,32.0,0.0032118524368022,0.00321185243592,0.0012122789601098,0,0,0,0,dev,
rgv_dev,rgv,development,mission_one_step,13103,512,512,512,1.3888409329999831,512,True,0.0385726140974336,0.0081341092577206,0.0042372881249999,0.75,False,3.0,4.0,0.0081341092577206,0.0081341092780609,0.0042372881355932,0,0,0,0,dev,
tour_dev,tour,development,mission,13102,512,512,512,0.5218854240000042,512,True,0.13075146710198,0.01263192834708,0.0057258461071428,0.7142857142857143,False,21.0,28.0,0.01263192834708,0.012631928337689,0.0057258461047327,0,0,0,0,dev,
job_dev,job,development,surrogate_scalar,13103,512,512,512,1.894127964999996,512,True,0.1212083691679675,0.0063940209140363,0.0030571531342979,0.75,False,25.0,32.0,0.0063940209140363,0.0063940209134921,0.0030571531318971,0,112,7,2688,dev,
rgv_g1,rgv,development,surrogate_hvi,13101,512,512,512,2.946071030999974,512,True,0.124513823060531,0.0,0.0,1.0,True,4.0,4.0,0.0,0.0,0.0,0,112,7,2688,dev,
job_dev,job,development,harness_no_uncertainty,13102,512,512,512,1.5882153019999803,512,True,0.083034528453187,0.0054743427888521,0.0027937832703275,0.78125,False,27.0,32.0,0.0054743427888521,0.0054743427901475,0.0027937832700799,0,112,7,2688,dev,
rgv_dev,rgv,development,harness,13104,512,512,512,4.431582434999996,511,True,0.1006596022892467,0.0081341092577206,0.0042372881249999,0.75,False,3.0,4.0,0.0081341092577206,0.0081341092780609,0.0042372881355932,32,80,7,2688,dev,
tour_dev,tour,development,harness_no_uncertainty,13103,512,512,512,2.055656291999981,512,True,0.0756424835435001,0.0182487738364705,0.0092398702214285,0.6428571428571429,False,20.0,28.0,0.0182487738364705,0.0182487738313071,0.0092398702197255,0,112,7,2688,dev,
rgv_g1,rgv,development,surrogate_scalar,13103,512,512,512,2.182151368000006,512,True,0.07824768310451,0.0036196334071428,0.0028763650499999,0.75,False,5.0,4.0,0.0036196334071428,0.0036196334137615,0.0028763650546022,0,112,7,2688,dev,
rgv_g1,rgv,development,pool_random,13103,512,512,512,2.0471771210000043,512,True,0.0691130689286049,0.0,0.0,1.0,True,4.0,4.0,0.0,0.0,0.0,0,0,0,0,dev,
tour_dev,tour,development,nsga2_typed,13101,512,512,512,0.1753794499999799,507,True,0.1589657772715901,0.0146816981018802,0.0067721734029643,0.6785714285714286,False,20.0,28.0,0.0146816981018802,0.014681698093314,0.0067721734021142,0,0,0,0,dev,
rgv_dev,rgv,development,surrogate_scalar,13102,512,512,512,2.4422057389999736,512,True,0.1961068745942897,0.0,0.0,1.0,True,4.0,4.0,0.0,0.0,0.0,0,112,7,2688,dev,
rgv_g1,rgv,development,nsga2_harness,13102,512,512,512,2.0469216150000307,512,True,0.2107917601525012,0.0,0.0,1.0,True,4.0,4.0,0.0,0.0,0.0,16,96,7,2688,dev,
rgv_g1,rgv,development,mission,13101,512,512,512,0.4772483229999693,512,True,0.1905498772701104,0.0,0.0,1.0,True,4.0,4.0,0.0,0.0,0.0,0,0,0,0,dev,
job_dev,job,development,surrogate_scalar,13102,512,512,512,1.4811360049999962,512,True,0.0925861490393466,0.0062355366647743,0.0031857201795584,0.75,False,28.0,32.0,0.0062355366647743,0.0062355366648279,0.0031857201785859,0,112,7,2688,dev,
rgv_g1,rgv,development,harness_raw,13102,512,512,512,1.750409762000004,512,True,0.0998174284557973,0.0314601358330964,0.041083916075,0.75,False,5.0,4.0,0.0314601358330964,0.0314601358402864,0.041083916083916,0,112,7,2688,dev,
rgv_g1,rgv,development,harness,13101,512,512,512,2.894102127999986,512,True,0.124513823060531,0.0,0.0,1.0,True,4.0,4.0,0.0,0.0,0.0,0,112,7,2688,dev,
rgv_g1,rgv,development,harness,13102,512,512,512,2.07684315399996,512,True,0.1139747245513232,0.0,0.0,1.0,True,4.0,4.0,0.0,0.0,0.0,0,112,7,2688,dev,
rgv_dev,rgv,development,harness_raw,13102,512,512,512,3.005553414000019,512,True,0.2296380106913229,0.0081341092577206,0.0042372881249999,0.75,False,3.0,4.0,0.0081341092577206,0.0081341092780609,0.0042372881355932,48,64,7,2688,dev,
rgv_dev,rgv,development,mission_one_step,13101,512,512,512,1.3509119330000203,512,True,0.1747539431805382,0.0081341092577206,0.0042372881249999,0.75,False,3.0,4.0,0.0081341092577206,0.0081341092780609,0.0042372881355932,0,0,0,0,dev,
rgv_g1,rgv,development,surrogate_scalar,13102,512,512,512,1.9659006069999805,512,True,0.0992415242851472,0.0218404999118475,0.0173556942249999,0.75,False,5.0,4.0,0.0218404999118475,0.0218404999203235,0.0173556942277691,0,112,7,2688,dev,
job_dev,job,development,harness,13101,512,512,512,1.858558301999949,512,True,0.0851675189106338,0.0058692059075746,0.0037391702335653,0.78125,False,31.0,32.0,0.0058692059075746,0.0058692059011833,0.0037391702264806,16,96,7,2688,dev,
job_dev,job,development,pool_random,13103,512,512,512,1.2310392900000124,512,True,0.1070105124699493,0.0053341121028953,0.0029554749056615,0.75,False,27.0,32.0,0.0053341121028953,0.005334112088847,0.0029554748971345,0,0,0,0,dev,
tour_dev,tour,development,surrogate_hvi,13101,512,512,512,1.7975447840000245,512,True,0.1197653995632564,0.0159997058925441,0.0080004157214285,0.6785714285714286,False,20.0,28.0,0.0159997058925441,0.0159997058905982,0.0080004157215941,0,112,7,2688,dev,
tour_dev,tour,development,harness,13101,512,512,512,1.789363805999983,512,True,0.1197653995632564,0.0159997058925441,0.0080004157214285,0.6785714285714286,False,20.0,28.0,0.0159997058925441,0.0159997058905982,0.0080004157215941,0,112,7,2688,dev,
rgv_dev,rgv,development,surrogate_scalar,13103,512,512,512,3.818155598999965,512,True,0.0437762972066053,0.0007394644798702,0.0042372881249999,0.75,False,4.0,4.0,0.0007394644798702,0.0007394644798237,0.0042372881355932,0,112,7,2688,dev,
tour_dev,tour,development,fast_v10,13104,512,512,512,0.2728783160000034,504,True,0.1335167247339855,0.0176840870129455,0.0091879615071428,0.6785714285714286,False,19.0,28.0,0.0176840870129455,0.0176840869963512,0.009187961495218,0,0,0,0,dev,
job_dev,job,development,harness_raw,13101,512,512,512,1.899308665999968,512,True,0.0883317387337642,0.0066737915657774,0.0032514709261073,0.71875,False,24.0,32.0,0.0066737915657774,0.0066737915552707,0.0032514709200613,0,112,7,2688,dev,
rgv_g1,rgv,development,mission_one_step,13104,512,512,512,0.8276219200000128,511,True,0.1884427428422629,0.0,0.0,1.0,True,4.0,4.0,0.0,0.0,0.0,0,0,0,0,dev,
job_dev,job,development,surrogate_hvi,13103,512,512,512,1.9678853149999893,512,True,0.1199694230453629,0.0190929282377089,0.0096463005249229,0.6875,False,24.0,32.0,0.0190929282377089,0.0190929282429789,0.0096463005249801,0,112,7,2688,dev,
tour_dev,tour,development,mission,13104,512,512,512,0.4914887059999273,511,True,0.090978283301132,0.0086825852338296,0.0048982581064143,0.7142857142857143,False,22.0,28.0,0.0086825852338296,0.0086825852377485,0.0048982581076198,0,0,0,0,dev,
rgv_dev,rgv,development,pool_random,13101,512,512,512,3.53305729300007,512,True,0.1023418839913411,0.0081341092577206,0.0042372881249999,0.75,False,3.0,4.0,0.0081341092577206,0.0081341092780609,0.0042372881355932,0,0,0,0,dev,
tour_dev,tour,development,nsga2_harness,13102,512,512,512,2.398390245000087,512,True,0.1248786351907046,0.0059232698848018,0.00274262495,0.75,False,21.0,28.0,0.0059232698848018,0.0059232698712069,0.0027426249462272,0,112,7,2688,dev,
tour_dev,tour,development,nsga2_harness,13103,512,512,512,2.5494125250000934,512,True,0.0883653536068304,0.0124495179348488,0.0061129378107142,0.7142857142857143,False,21.0,28.0,0.0124495179348488,0.0124495179270954,0.0061129378055364,16,96,7,2688,dev,
rgv_g1,rgv,development,surrogate_hvi,13104,512,512,512,2.651416317999974,511,True,0.171146364387432,0.0,0.0,1.0,True,4.0,4.0,0.0,0.0,0.0,0,112,7,2688,dev,
tour_dev,tour,development,mission_one_step,13103,512,512,512,0.5676226589999942,512,True,0.1193656865025843,0.0120839197259281,0.0058820668928571,0.75,False,21.0,28.0,0.0120839197259281,0.0120839197304172,0.0058820668954744,0,0,0,0,dev,
rgv_dev,rgv,development,harness_no_uncertainty,13101,512,512,512,4.3423021280000285,512,True,0.1023418839913411,0.0081341092577206,0.0042372881249999,0.75,False,3.0,4.0,0.0081341092577206,0.0081341092780609,0.0042372881355932,32,80,7,2688,dev,
job_dev,job,development,nsga2_typed,13104,512,512,512,0.1941592680000212,509,True,0.1565688183901724,0.0172454875520647,0.0090855574462209,0.65625,False,29.0,32.0,0.0172454875520647,0.0172454875491712,0.0090855574452974,0,0,0,0,dev,
rgv_g1,rgv,development,pool_random,13101,512,512,512,2.565905533999967,512,True,0.1166487891022569,0.0,0.0,1.0,True,4.0,4.0,0.0,0.0,0.0,0,0,0,0,dev,
rgv_g1,rgv,development,nsga2_typed,13102,512,512,512,0.2099628699999129,507,True,0.1655124043360439,0.0,0.0,1.0,True,4.0,4.0,0.0,0.0,0.0,0,0,0,0,dev,
tour_dev,tour,development,surrogate_hvi,13104,512,512,512,2.086934604000021,511,True,0.0900345184042703,0.0176352201812832,0.0093487891357142,0.6785714285714286,False,19.0,28.0,0.0176352201812832,0.0176352201969503,0.0093487891444019,0,112,7,2688,dev,
rgv_dev,rgv,development,mission,13104,512,512,512,1.2819338040000048,511,True,0.2179201821797834,0.0081341092577206,0.0042372881249999,0.75,False,3.0,4.0,0.0081341092577206,0.0081341092780609,0.0042372881355932,0,0,0,0,dev,
tour_dev,tour,development,mission,13103,512,512,512,0.624929069000018,512,True,0.0950057981862658,0.0094963805571778,0.0050022290272603,0.6785714285714286,False,20.0,28.0,0.0094963805571778,0.0094963805567918,0.005002229033277,0,0,0,0,dev,
rgv_dev,rgv,development,pool_random,13102,512,512,512,2.742705264000051,512,True,0.2180469049773271,0.0007394644798702,0.0042372881249999,0.75,False,4.0,4.0,0.0007394644798702,0.0007394644798237,0.0042372881355932,0,0,0,0,dev,
rgv_g1,rgv,development,pool_random,13104,512,512,512,2.1853752819999954,511,True,0.1192283163428804,0.0,0.0,1.0,True,4.0,4.0,0.0,0.0,0.0,0,0,0,0,dev,
rgv_dev,rgv,development,nsga2_typed,13103,512,512,512,0.2314745639999955,510,True,0.0669758025784501,0.0078955723096997,0.0042372881249999,0.75,False,4.0,4.0,0.0078955723096997,0.0078955723490855,0.0042372881355932,0,0,0,0,dev,
tour_dev,tour,development,pool_random,13104,512,512,512,1.1953513270000258,511,True,0.0857925152324959,0.0082181881191709,0.0042621020821811,0.7857142857142857,False,24.0,28.0,0.0082181881191709,0.0082181881204043,0.0042621020801358,0,0,0,0,dev,
rgv_g1,rgv,development,mission_one_step,13103,512,512,512,0.9133378770000036,512,True,0.1008189952337732,0.0,0.0,1.0,True,4.0,4.0,0.0,0.0,0.0,0,0,0,0,dev,
rgv_dev,rgv,development,fast_v10,13103,512,512,512,0.4605580510000209,494,True,0.0291861859400717,0.0081341092577206,0.0042372881249999,0.75,False,3.0,4.0,0.0081341092577206,0.0081341092780609,0.0042372881355932,0,0,0,0,dev,
rgv_g1,rgv,development,mission,13102,512,512,512,0.2901658630000838,512,True,0.1622181202289771,0.0,0.0,1.0,True,4.0,4.0,0.0,0.0,0.0,0,0,0,0,dev,
tour_dev,tour,development,surrogate_scalar,13101,512,512,512,2.001342036999972,512,True,0.1080197053983127,0.003211519389225,0.0025014298678571,0.7857142857142857,False,22.0,28.0,0.003211519389225,0.0032115193962855,0.0025014298725257,0,112,7,2688,dev,
rgv_dev,rgv,development,surrogate_hvi,13104,512,512,512,4.344275680999999,511,True,0.0997352716920154,0.0007394644798702,0.0042372881249999,0.75,False,4.0,4.0,0.0007394644798702,0.0007394644798237,0.0042372881355932,0,112,7,2688,dev,
tour_dev,tour,development,harness,13102,512,512,512,1.947862478999923,512,True,0.1449497988147422,0.0115732669361119,0.0061421513692807,0.6785714285714286,False,21.0,28.0,0.0115732669361119,0.011573266936405,0.0061421513641508,0,112,7,2688,dev,
job_dev,job,development,harness_raw,13104,512,512,512,1.509437450000064,511,True,0.137779546354791,0.0054549044461224,0.0035524592675773,0.71875,False,30.0,32.0,0.0054549044461224,0.005454904437011,0.0035524592600348,0,112,7,2688,dev,
rgv_dev,rgv,development,nsga2_harness,13103,512,512,512,2.911671737000006,512,True,0.0423778744500879,0.0081341092577206,0.0042372881249999,0.75,False,3.0,4.0,0.0081341092577206,0.0081341092780609,0.0042372881355932,32,80,7,2688,dev,
job_dev,job,development,mission,13102,512,512,512,0.4046586089999664,512,True,0.0726588552138081,0.0024983274526674,0.000891111615625,0.84375,False,27.0,32.0,0.0024983274526674,0.00249832745648,0.0008911116161199,0,0,0,0,dev,
job_dev,job,development,mission_one_step,13102,512,512,512,0.4254506760000822,512,True,0.0805615279777092,0.006088452018046,0.0036649727187499,0.8125,False,29.0,32.0,0.006088452018046,0.0060884520187548,0.003664972719552,0,0,0,0,dev,
tour_dev,tour,development,nsga2_harness,13101,512,512,512,2.148716046999993,512,True,0.1472625655248267,0.0014174531942859,0.0013230178,0.8214285714285714,False,23.0,28.0,0.0014174531942859,0.0014174531897146,0.001323017799648,0,112,7,2688,dev,
tour_dev,tour,development,mission_one_step,13101,512,512,512,0.3017834339999581,512,True,0.1004597843025056,0.011350190009823,0.0055898204599475,0.75,False,22.0,28.0,0.011350190009823,0.0113501900015871,0.0055898204569244,0,0,0,0,dev,
rgv_g1,rgv,development,nsga2_harness,13104,512,512,512,1.764472375000082,511,True,0.1458713244590202,0.0015950926878933,0.0012675507,0.75,False,5.0,4.0,0.0015950926878933,0.0015950926908101,0.0012675507020281,0,112,7,2688,dev,
rgv_dev,rgv,development,surrogate_scalar,13104,512,512,512,4.060489659000041,511,True,0.1159295437957329,0.0081341092577206,0.0042372881249999,0.75,False,3.0,4.0,0.0081341092577206,0.0081341092780609,0.0042372881355932,0,112,7,2688,dev,
rgv_dev,rgv,development,harness,13102,512,512,512,2.4378375400000323,512,True,0.200352235577116,0.0,0.0,1.0,True,4.0,4.0,0.0,0.0,0.0,32,80,7,2688,dev,
rgv_dev,rgv,development,harness_raw,13103,512,512,512,3.77217208400009,512,True,0.0588798592049137,0.0081341092577206,0.0042372881249999,0.75,False,3.0,4.0,0.0081341092577206,0.0081341092780609,0.0042372881355932,32,80,7,2688,dev,
job_dev,job,development,fast_v10,13104,512,512,512,0.2852809439999646,509,True,0.1097609044069554,0.0032091468409928,0.0020485908031249,0.75,False,25.0,32.0,0.0032091468409928,0.0032091468348573,0.0020485907970189,0,0,0,0,dev,
rgv_dev,rgv,development,mission,13103,512,512,512,1.874267926000016,512,True,0.0279815744371594,0.0081341092577206,0.0042372881249999,0.75,False,3.0,4.0,0.0081341092577206,0.0081341092780609,0.0042372881355932,0,0,0,0,dev,
rgv_g1,rgv,development,harness_no_uncertainty,13102,512,512,512,3.1661687970000685,512,True,0.0958849114766603,0.0,0.0,1.0,True,4.0,4.0,0.0,0.0,0.0,0,112,7,2688,dev,
tour_dev,tour,development,harness_raw,13104,512,512,512,2.3293090810000194,511,True,0.0802027052878089,0.0120928686238113,0.00590570765,0.7142857142857143,False,20.0,28.0,0.0120928686238113,0.0120928686274107,0.0059057076503022,0,112,7,2688,dev,
rgv_dev,rgv,development,harness_no_uncertainty,13103,512,512,512,4.971490236000022,512,True,0.0437947838175262,0.0081341092577206,0.0042372881249999,0.75,False,3.0,4.0,0.0081341092577206,0.0081341092780609,0.0042372881355932,16,96,7,2688,dev,
rgv_g1,rgv,development,surrogate_scalar,13101,512,512,512,3.102762788000064,512,True,0.125761963509553,0.0,0.0,1.0,True,4.0,4.0,0.0,0.0,0.0,0,112,7,2688,dev,
rgv_dev,rgv,development,harness_no_uncertainty,13102,512,512,512,4.822434356000031,512,True,0.2099867421154687,0.0081341092577206,0.0042372881249999,0.75,False,3.0,4.0,0.0081341092577206,0.0081341092780609,0.0042372881355932,16,96,7,2688,dev,
rgv_g1,rgv,development,harness_no_uncertainty,13101,512,512,512,4.206298841000034,512,True,0.1185682521122599,0.0,0.0,1.0,True,4.0,4.0,0.0,0.0,0.0,0,112,7,2688,dev,
rgv_dev,rgv,development,mission_one_step,13102,512,512,512,1.505804458000057,512,True,0.2119934340255194,0.0081341092577206,0.0042372881249999,0.75,False,3.0,4.0,0.0081341092577206,0.0081341092780609,0.0042372881355932,0,0,0,0,dev,
rgv_g1,rgv,development,surrogate_hvi,13103,512,512,512,3.5877828430000136,512,True,0.0997760500141873,0.0,0.0,1.0,True,4.0,4.0,0.0,0.0,0.0,0,112,7,2688,dev,
tour_dev,tour,development,pool_random,13102,512,512,512,1.309677678000071,512,True,0.1558574479875564,0.0096581381149709,0.0048464352571428,0.6785714285714286,False,21.0,28.0,0.0096581381149709,0.0096581381078033,0.0048464352523935,0,0,0,0,dev,
rgv_dev,rgv,development,nsga2_typed,13102,512,512,512,0.2707345729999133,509,True,0.2184607665448405,0.0081341092577206,0.0042372881249999,0.75,False,3.0,4.0,0.0081341092577206,0.0081341092780609,0.0042372881355932,0,0,0,0,dev2,0.0
tour_dev,tour,development,residual_strict,13101,512,512,512,1.0037644949999276,508,True,0.1103155435260406,0.0007551293853396,0.0013175280357142,0.8571428571428571,False,25.0,28.0,0.0007551293853396,0.0007551293877104,0.0013175280355984,0,0,7,2868,dev2,48.0
job_dev,job,development,residual_scalar,13102,512,512,512,1.18750179999995,511,True,0.0930813474928731,0.0037363409558422,0.0021450157422025,0.84375,False,29.0,32.0,0.0037363409558422,0.0037363409506504,0.0021450157392534,0,0,7,2771,dev2,286.0
rgv_g1,rgv,development,residual_off,13103,512,512,512,0.3135145160000547,509,True,0.0368331311545752,0.0,0.0,1.0,True,4.0,4.0,0.0,0.0,0.0,0,0,0,0,dev2,0.0
rgv_g1,rgv,development,residual_no_gate,13104,512,512,512,1.3272308560000283,506,True,0.1264970832370806,0.0,0.0,1.0,True,4.0,4.0,0.0,0.0,0.0,0,0,7,2572,dev2,151.0
job_dev,job,development,residual,13103,512,512,512,1.1502236820000462,511,True,0.0848735018178585,0.001446509958053,0.000535492571875,0.90625,False,29.0,32.0,0.001446509958053,0.0014465099564024,0.0005354925699389,0,0,7,2662,dev2,35.0
rgv_dev,rgv,development,nsga2_typed,13104,512,512,512,0.2688178679999282,510,True,0.3365064311066537,0.0164829017676958,0.011071623825,0.5,False,3.0,4.0,0.0164829017676958,0.0164829017921996,0.0110716238381629,0,0,0,0,dev2,0.0
rgv_dev,rgv,development,fast_v10,13101,512,512,512,0.3796668190000218,502,True,0.1810393912789208,0.0081341092577206,0.0042372881249999,0.75,False,3.0,4.0,0.0081341092577206,0.0081341092780609,0.0042372881355932,0,0,0,0,dev2,0.0
job_dev,job,development,residual_strict,13104,512,512,512,1.1835066020000795,508,True,0.0958900296229686,0.0014522792766092,0.0004919488375,0.90625,False,29.0,32.0,0.0014522792766092,0.001452279275904,0.000491948837818,0,0,7,2852,dev2,49.0
job_dev,job,development,residual_linear,13102,512,512,512,1.074264922999987,510,True,0.0902487372173672,0.003939236048134,0.001517486728125,0.8125,False,26.0,32.0,0.003939236048134,0.0039392360524329,0.0015174867293024,0,0,7,2792,dev2,50.0
tour_dev,tour,development,residual_no_gate,13103,512,512,512,1.1306967820000864,509,True,0.0928235502486431,0.0030807353513759,0.0012687651094032,0.8214285714285714,False,24.0,28.0,0.0030807353513759,0.0030807353579608,0.0012687651122651,0,0,7,2809,dev2,38.0
job_dev,job,development,fast_v10,13103,512,512,512,0.2811120919999439,508,True,0.1006445775540698,0.0055402078131411,0.002084690921875,0.78125,False,25.0,32.0,0.0055402078131411,0.0055402078062737,0.0020846909163584,0,0,0,0,dev2,0.0
job_dev,job,development,residual_random,13101,512,512,512,0.6326496229999066,511,True,0.1076290261452513,0.0068583790216877,0.0042448062475497,0.59375,False,24.0,32.0,0.0068583790216877,0.0068583790046307,0.0042448062364581,0,0,0,0,dev2,295.0
rgv_dev,rgv,development,residual_off,13104,512,512,512,0.4083462930000223,498,True,0.1092743634918188,0.0081341092577206,0.0042372881249999,0.75,False,3.0,4.0,0.0081341092577206,0.0081341092780609,0.0042372881355932,0,0,0,0,dev2,0.0
job_dev,job,development,residual_trees,13104,512,512,512,1.7316103160000011,510,True,0.1186382947638339,0.0024452527861493,0.0016843342187499,0.8125,False,27.0,32.0,0.0024452527861493,0.0024452527820642,0.0016843342132795,0,0,7,2844,dev2,13.0
job_dev,job,development,residual_off,13101,512,512,512,0.2300348169999324,507,True,0.0989721100270194,0.0060746932542655,0.0028207557867674,0.71875,False,27.0,32.0,0.0060746932542655,0.0060746932471574,0.0028207557801378,0,0,0,0,dev2,0.0
rgv_dev,rgv,development,residual_linear,13101,512,512,512,1.5295974360000173,494,True,0.1810393912789208,0.0081341092577206,0.0042372881249999,0.75,False,3.0,4.0,0.0081341092577206,0.0081341092780609,0.0042372881355932,0,0,7,1988,dev2,91.0
tour_dev,tour,development,residual_random,13103,512,512,512,0.7822304830000348,507,True,0.1180967854549739,0.018579105234336,0.0095655740857142,0.6428571428571429,False,19.0,28.0,0.018579105234336,0.0185791052553514,0.0095655740963442,0,0,0,0,dev2,273.0
rgv_dev,rgv,development,residual_trees,13101,512,512,512,2.0586151570000766,502,True,0.1810393912789208,0.0081341092577206,0.0042372881249999,0.75,False,3.0,4.0,0.0081341092577206,0.0081341092780609,0.0042372881355932,0,0,7,1839,dev2,0.0
rgv_g1,rgv,development,residual_linear,13104,512,512,512,1.1365214699999342,505,True,0.1264970832370806,0.0,0.0,1.0,True,4.0,4.0,0.0,0.0,0.0,0,0,7,2618,dev2,159.0
rgv_dev,rgv,development,residual_scalar,13101,512,512,512,2.042142861000002,489,True,0.1778966672287497,0.0081341092577206,0.0042372881249999,0.75,False,3.0,4.0,0.0081341092577206,0.0081341092780609,0.0042372881355932,0,0,7,1768,dev2,143.0
rgv_g1,rgv,development,fast_v10,13103,512,512,512,0.2995722489999934,509,True,0.0368331311545752,0.0,0.0,1.0,True,4.0,4.0,0.0,0.0,0.0,0,0,0,0,dev2,0.0
tour_dev,tour,development,residual_random,13102,512,512,512,0.549100242999998,512,True,0.1409878354934363,0.0029420283050402,0.0021344612415461,0.7857142857142857,False,23.0,28.0,0.0029420283050402,0.0029420283124672,0.0021344612468281,0,0,0,0,dev2,290.0
rgv_dev,rgv,development,residual_scalar,13104,512,512,512,2.0263766649999297,483,True,0.1002117492160722,0.0081341092577206,0.0042372881249999,0.75,False,3.0,4.0,0.0081341092577206,0.0081341092780609,0.0042372881355932,0,0,7,1827,dev2,147.0
rgv_g1,rgv,development,residual_scalar,13103,512,512,512,1.3293566259999352,506,True,0.0425418530250127,0.0,0.0,1.0,True,4.0,4.0,0.0,0.0,0.0,0,0,7,2502,dev2,226.0
rgv_g1,rgv,development,residual_no_gate,13102,512,512,512,1.4356960689999596,511,True,0.0800651032651014,0.0,0.0,1.0,True,4.0,4.0,0.0,0.0,0.0,0,0,7,2470,dev2,161.0
job_dev,job,development,nsga2_typed,13103,512,512,512,0.2192211779999979,506,True,0.1598101354954481,0.0090301879678089,0.0053255020119115,0.6875,False,26.0,32.0,0.0090301879678089,0.0090301879596748,0.0053255020032804,0,0,0,0,dev2,0.0
job_dev,job,development,residual_strict,13102,512,512,512,1.0195460499999172,510,True,0.0902487372173672,0.003939236048134,0.001517486728125,0.8125,False,26.0,32.0,0.003939236048134,0.0039392360524329,0.0015174867293024,0,0,7,2792,dev2,50.0
job_dev,job,development,residual_linear,13101,512,512,512,0.8710823530000198,510,True,0.0768928938769648,0.0023322704319269,0.000703892425,0.90625,False,29.0,32.0,0.0023322704319269,0.0023322704358058,0.0007038924260769,0,0,7,2856,dev2,52.0
tour_dev,tour,development,residual_no_gate,13104,512,512,512,1.0354412249999996,509,True,0.0971142977072909,0.0002844192662249,0.0005797032892857,0.8928571428571429,False,25.0,28.0,0.0002844192662249,0.0002844192675965,0.0005797032878779,0,0,7,2827,dev2,36.0
job_dev,job,development,residual_off,13102,512,512,512,0.1818736640000224,509,True,0.103470491717643,0.0162170103718011,0.0099871756070844,0.5625,False,27.0,32.0,0.0162170103718011,0.0162170103695093,0.0099871756052152,0,0,0,0,dev2,0.0
rgv_dev,rgv,development,residual_linear,13102,512,512,512,1.6338467889999038,487,True,0.1899633559455618,0.0081341092577206,0.0042372881249999,0.75,False,3.0,4.0,0.0081341092577206,0.0081341092780609,0.0042372881355932,0,0,7,1738,dev2,65.0
rgv_dev,rgv,development,residual_random,13102,512,512,512,1.3409754450000264,490,True,0.1899633559455618,0.0081341092577206,0.0042372881249999,0.75,False,3.0,4.0,0.0081341092577206,0.0081341092780609,0.0042372881355932,0,0,0,0,dev2,181.0
job_dev,job,development,residual,13102,512,512,512,1.085120333999953,510,True,0.0902487372173672,0.003939236048134,0.001517486728125,0.8125,False,26.0,32.0,0.003939236048134,0.0039392360524329,0.0015174867293024,0,0,7,2792,dev2,50.0
job_dev,job,development,fast_v10,13102,512,512,512,0.2248901420000493,509,True,0.103470491717643,0.0162170103718011,0.0099871756070844,0.5625,False,27.0,32.0,0.0162170103718011,0.0162170103695093,0.0099871756052152,0,0,0,0,dev2,0.0
tour_dev,tour,development,residual_trees,13102,512,512,512,1.596215769999958,506,True,0.139848517149148,0.0138116993656183,0.0063748747285714,0.6785714285714286,False,19.0,28.0,0.0138116993656183,0.0138116993599182,0.0063748747262671,0,0,7,2756,dev2,11.0
rgv_g1,rgv,development,residual_scalar,13101,512,512,512,1.1302733439999884,511,True,0.1002629318334602,0.0,0.0,1.0,True,4.0,4.0,0.0,0.0,0.0,0,0,7,2726,dev2,265.0
job_dev,job,development,residual_linear,13103,512,512,512,1.158372567000015,511,True,0.0848735018178585,0.001446509958053,0.000535492571875,0.90625,False,29.0,32.0,0.001446509958053,0.0014465099564024,0.0005354925699389,0,0,7,2662,dev2,35.0
rgv_dev,rgv,development,residual_off,13102,512,512,512,0.3629741190000004,506,True,0.192459048577584,0.0,0.0,1.0,True,4.0,4.0,0.0,0.0,0.0,0,0,0,0,dev2,0.0
job_dev,job,development,nsga2_typed,13102,512,512,512,0.2291357799999787,508,True,0.0893668772636209,0.0081950295675246,0.0050138174120973,0.6875,False,26.0,32.0,0.0081950295675246,0.0081950295616246,0.0050138174046293,0,0,0,0,dev2,0.0
rgv_g1,rgv,development,residual_strict,13104,512,512,512,1.556630393999967,506,True,0.1264970832370806,0.0,0.0,1.0,True,4.0,4.0,0.0,0.0,0.0,0,0,7,2572,dev2,151.0
job_dev,job,development,residual_off,13104,512,512,512,0.2387045729999499,509,True,0.1097609044069554,0.0032091468409928,0.0020485908031249,0.75,False,25.0,32.0,0.0032091468409928,0.0032091468348573,0.0020485907970189,0,0,0,0,dev2,0.0
tour_dev,tour,development,residual_linear,13104,512,512,512,1.1516691840000703,509,True,0.0971142977072909,0.0002844192662249,0.0005797032892857,0.8928571428571429,False,25.0,28.0,0.0002844192662249,0.0002844192675965,0.0005797032878779,0,0,7,2827,dev2,36.0
tour_dev,tour,development,fast_v10,13103,512,512,512,0.2904551469999887,504,True,0.1123073345099684,0.0124632001979102,0.0061685035142857,0.7142857142857143,False,21.0,28.0,0.0124632001979102,0.0124632002055349,0.0061685035193116,0,0,0,0,dev2,0.0
tour_dev,tour,development,residual_trees,13103,512,512,512,1.6594984260000274,505,True,0.1240146363805684,0.0147756289810535,0.0066376705928571,0.6785714285714286,False,19.0,28.0,0.0147756289810535,0.0147756289842065,0.0066376705952765,0,0,7,1725,dev2,12.0
tour_dev,tour,development,residual_linear,13101,512,512,512,0.904426271000034,508,True,0.1103155435260406,0.0007551293853396,0.0013175280357142,0.8571428571428571,False,25.0,28.0,0.0007551293853396,0.0007551293877104,0.0013175280355984,0,0,7,2868,dev2,48.0
tour_dev,tour,development,residual,13104,512,512,512,1.063762646999976,509,True,0.0971142977072909,0.0002844192662249,0.0005797032892857,0.8928571428571429,False,25.0,28.0,0.0002844192662249,0.0002844192675965,0.0005797032878779,0,0,7,2827,dev2,36.0
rgv_dev,rgv,development,residual_strict,13104,512,512,512,1.75288053700001,501,True,0.1092743634918188,0.0081341092577206,0.0042372881249999,0.75,False,3.0,4.0,0.0081341092577206,0.0081341092780609,0.0042372881355932,0,0,7,1476,dev2,23.0
rgv_g1,rgv,development,residual_no_gate,13103,512,512,512,1.4153545960000429,508,True,0.0362565090634381,0.0,0.0,1.0,True,4.0,4.0,0.0,0.0,0.0,0,0,7,2372,dev2,155.0
rgv_dev,rgv,development,residual_strict,13101,512,512,512,1.9516086639999912,487,True,0.1841821153105498,0.0081341092577206,0.0042372881249999,0.75,False,3.0,4.0,0.0081341092577206,0.0081341092780609,0.0042372881355932,0,0,7,1957,dev2,55.0
rgv_dev,rgv,development,residual_off,13101,512,512,512,0.3776745200000277,502,True,0.1810393912789208,0.0081341092577206,0.0042372881249999,0.75,False,3.0,4.0,0.0081341092577206,0.0081341092780609,0.0042372881355932,0,0,0,0,dev2,0.0
job_dev,job,development,residual_off,13103,512,512,512,0.2710838509999576,508,True,0.1006445775540698,0.0055402078131411,0.002084690921875,0.78125,False,25.0,32.0,0.0055402078131411,0.0055402078062737,0.0020846909163584,0,0,0,0,dev2,0.0
rgv_dev,rgv,development,residual_no_gate,13103,512,512,512,2.0483889710000085,493,True,0.0291861859400717,0.0081341092577206,0.0042372881249999,0.75,False,3.0,4.0,0.0081341092577206,0.0081341092780609,0.0042372881355932,0,0,7,1680,dev2,42.0
rgv_dev,rgv,development,residual_trees,13102,512,512,512,2.0826577320000297,499,True,0.1934758122347991,0.0081341092577206,0.0042372881249999,0.75,False,3.0,4.0,0.0081341092577206,0.0081341092780609,0.0042372881355932,0,0,7,2081,dev2,21.0
tour_dev,tour,development,residual_scalar,13104,512,512,512,1.1278227509999397,508,True,0.1108305645969537,0.0095614631606888,0.0043364890785714,0.8214285714285714,False,24.0,28.0,0.0095614631606888,0.0095614631450137,0.0043364890713558,0,0,7,2690,dev2,277.0
tour_dev,tour,development,fast_v10,13102,512,512,512,0.2231379450000759,509,True,0.1454817090130131,0.0145810619032454,0.0075489898004922,0.7142857142857143,False,22.0,28.0,0.0145810619032454,0.0145810618870187,0.0075489897905635,0,0,0,0,dev2,0.0
tour_dev,tour,development,residual_no_gate,13101,512,512,512,1.026205301999994,508,True,0.1103155435260406,0.0007551293853396,0.0013175280357142,0.8571428571428571,False,25.0,28.0,0.0007551293853396,0.0007551293877104,0.0013175280355984,0,0,7,2868,dev2,48.0
rgv_dev,rgv,development,residual_strict,13103,512,512,512,2.227794883999991,493,True,0.0291861859400717,0.0081341092577206,0.0042372881249999,0.75,False,3.0,4.0,0.0081341092577206,0.0081341092780609,0.0042372881355932,0,0,7,1680,dev2,42.0
tour_dev,tour,development,residual_random,13104,512,512,512,1.0988242509999964,506,True,0.1290925816841371,0.003211519389225,0.0025014298678571,0.7857142857142857,False,22.0,28.0,0.003211519389225,0.0032115193962855,0.0025014298725257,0,0,0,0,dev2,266.0
rgv_g1,rgv,development,fast_v10,13104,512,512,512,0.2504219919999286,509,True,0.1535581831628782,0.0,0.0,1.0,True,4.0,4.0,0.0,0.0,0.0,0,0,0,0,dev2,0.0
job_dev,job,development,fast_v10,13104,512,512,512,0.2432379130000299,509,True,0.1097609044069554,0.0032091468409928,0.0020485908031249,0.75,False,25.0,32.0,0.0032091468409928,0.0032091468348573,0.0020485907970189,0,0,0,0,dev2,0.0
job_dev,job,development,residual_random,13103,512,512,512,1.060046831999898,509,True,0.0997204388194529,0.0083855516945303,0.0041036248117839,0.6875,False,26.0,32.0,0.0083855516945303,0.0083855516976436,0.0041036248115849,0,0,0,0,dev2,275.0
tour_dev,tour,development,residual_random,13101,512,512,512,0.7430392160000565,506,True,0.1197592762409125,0.0196194411099463,0.00986964005,0.6428571428571429,False,19.0,28.0,0.0196194411099463,0.0196194411149944,0.0098696400553878,0,0,0,0,dev2,289.0
rgv_g1,rgv,development,residual_random,13104,512,512,512,0.8124117510000133,504,True,0.173728534881073,0.0,0.0,1.0,True,4.0,4.0,0.0,0.0,0.0,0,0,0,0,dev2,232.0
job_dev,job,development,residual,13101,512,512,512,1.15770601600002,510,True,0.0768928938769648,0.0023322704319269,0.000703892425,0.90625,False,29.0,32.0,0.0023322704319269,0.0023322704358058,0.0007038924260769,0,0,7,2856,dev2,52.0
rgv_g1,rgv,development,residual_off,13104,512,512,512,0.2944083069999124,509,True,0.1535581831628782,0.0,0.0,1.0,True,4.0,4.0,0.0,0.0,0.0,0,0,0,0,dev2,0.0
tour_dev,tour,development,residual_off,13102,512,512,512,0.1775835610000058,509,True,0.1454817090130131,0.0145810619032454,0.0075489898004922,0.7142857142857143,False,22.0,28.0,0.0145810619032454,0.0145810618870187,0.0075489897905635,0,0,0,0,dev2,0.0
rgv_dev,rgv,development,fast_v10,13104,512,512,512,0.4071632369999634,498,True,0.1092743634918188,0.0081341092577206,0.0042372881249999,0.75,False,3.0,4.0,0.0081341092577206,0.0081341092780609,0.0042372881355932,0,0,0,0,dev2,0.0
job_dev,job,development,residual_trees,13101,512,512,512,1.7282029120000288,508,True,0.1018166786315628,0.016078584049032,0.008132447634375,0.6875,False,22.0,32.0,0.016078584049032,0.0160785840468904,0.0081324476307094,0,0,7,2265,dev2,14.0
job_dev,job,development,residual_strict,13103,512,512,512,1.144091747000061,511,True,0.0848735018178585,0.001446509958053,0.000535492571875,0.90625,False,29.0,32.0,0.001446509958053,0.0014465099564024,0.0005354925699389,0,0,7,2662,dev2,35.0
rgv_g1,rgv,development,fast_v10,13102,512,512,512,0.3404568449999487,509,True,0.0898864753304527,0.0,0.0,1.0,True,4.0,4.0,0.0,0.0,0.0,0,0,0,0,dev2,0.0
job_dev,job,development,residual_linear,13104,512,512,512,0.9211336350000464,508,True,0.0958900296229686,0.0014522792766092,0.0004919488375,0.90625,False,29.0,32.0,0.0014522792766092,0.001452279275904,0.000491948837818,0,0,7,2852,dev2,49.0
rgv_dev,rgv,development,nsga2_typed,13101,512,512,512,0.172235363000027,511,True,0.1149455789786409,0.0,0.0,1.0,True,4.0,4.0,0.0,0.0,0.0,0,0,0,0,dev2,0.0
rgv_g1,rgv,development,fast_v10,13101,512,512,512,0.3066326919999937,508,True,0.1019190479123491,0.0,0.0,1.0,True,4.0,4.0,0.0,0.0,0.0,0,0,0,0,dev2,0.0
tour_dev,tour,development,residual_linear,13102,512,512,512,0.9514146920000712,508,True,0.1122719181665196,0.0005755052953022,0.0009976874272603,0.8571428571428571,False,25.0,28.0,0.0005755052953022,0.0005755052982549,0.0009976874297627,0,0,7,2934,dev2,41.0
tour_dev,tour,development,residual_scalar,13103,512,512,512,1.0954334040000049,510,True,0.0926958957239012,0.0084364859304505,0.0045444677090337,0.75,False,22.0,28.0,0.0084364859304505,0.0084364859352059,0.0045444677125173,0,0,7,2654,dev2,273.0
tour_dev,tour,development,fast_v10,13104,512,512,512,0.265728637000052,504,True,0.1335167247339855,0.0176840870129455,0.0091879615071428,0.6785714285714286,False,19.0,28.0,0.0176840870129455,0.0176840869963512,0.009187961495218,0,0,0,0,dev2,0.0
rgv_dev,rgv,development,residual,13102,512,512,512,2.3409123910000744,489,True,0.1934758122347991,0.0081341092577206,0.0042372881249999,0.75,False,3.0,4.0,0.0081341092577206,0.0081341092780609,0.0042372881355932,0,0,7,2063,dev2,44.0
job_dev,job,development,residual_scalar,13104,512,512,512,1.0530698609999265,509,True,0.0961102831961659,0.0023322704319269,0.000703892425,0.90625,False,29.0,32.0,0.0023322704319269,0.0023322704358058,0.0007038924260769,0,0,7,2847,dev2,306.0
tour_dev,tour,development,residual_scalar,13101,512,512,512,0.991996413000038,511,True,0.1146694840019355,0.0120839197259281,0.0058820668928571,0.75,False,21.0,28.0,0.0120839197259281,0.0120839197304172,0.0058820668954744,0,0,7,2872,dev2,289.0
rgv_g1,rgv,development,residual,13103,512,512,512,1.3747424190000856,508,True,0.0362565090634381,0.0,0.0,1.0,True,4.0,4.0,0.0,0.0,0.0,0,0,7,2372,dev2,155.0
tour_dev,tour,development,residual,13103,512,512,512,1.0948490279999987,509,True,0.0928235502486431,0.0030807353513759,0.0012687651094032,0.8214285714285714,False,24.0,28.0,0.0030807353513759,0.0030807353579608,0.0012687651122651,0,0,7,2809,dev2,38.0
rgv_g1,rgv,development,residual_off,13101,512,512,512,0.2365474770000446,508,True,0.1019190479123491,0.0,0.0,1.0,True,4.0,4.0,0.0,0.0,0.0,0,0,0,0,dev2,0.0
rgv_g1,rgv,development,residual,13104,512,512,512,1.2754421180000008,506,True,0.1264970832370806,0.0,0.0,1.0,True,4.0,4.0,0.0,0.0,0.0,0,0,7,2572,dev2,151.0
tour_dev,tour,development,residual_trees,13104,512,512,512,1.7503518749999785,508,True,0.1218416713703004,0.0120839197259281,0.0058820668928571,0.75,False,21.0,28.0,0.0120839197259281,0.0120839197304172,0.0058820668954744,0,0,7,2601,dev2,14.0
tour_dev,tour,development,residual,13101,512,512,512,1.066062818999967,508,True,0.1103155435260406,0.0007551293853396,0.0013175280357142,0.8571428571428571,False,25.0,28.0,0.0007551293853396,0.0007551293877104,0.0013175280355984,0,0,7,2868,dev2,48.0
job_dev,job,development,residual_no_gate,13104,512,512,512,1.0036699500000168,508,True,0.0958900296229686,0.0014522792766092,0.0004919488375,0.90625,False,29.0,32.0,0.0014522792766092,0.001452279275904,0.000491948837818,0,0,7,2852,dev2,49.0
rgv_g1,rgv,development,residual_linear,13101,512,512,512,1.0893785399999842,503,True,0.0805987152952643,0.0,0.0,1.0,True,4.0,4.0,0.0,0.0,0.0,0,0,7,2496,dev2,166.0
job_dev,job,development,residual_random,13102,512,512,512,0.6919715340000039,510,True,0.1010677046318756,0.0060818849395396,0.00352777854375,0.78125,False,25.0,32.0,0.0060818849395396,0.0060818849362319,0.0035277785431948,0,0,0,0,dev2,303.0
job_dev,job,development,residual_scalar,13103,512,512,512,1.1818870299999844,510,True,0.1010485947662197,0.0042328808104489,0.00174976004375,0.8125,False,27.0,32.0,0.0042328808104489,0.0042328808130842,0.0017497600420063,0,0,7,2511,dev2,261.0
rgv_dev,rgv,development,residual_trees,13104,512,512,512,2.0270097780000924,493,True,0.124544304998305,0.0081341092577206,0.0042372881249999,0.75,False,3.0,4.0,0.0081341092577206,0.0081341092780609,0.0042372881355932,0,0,7,1840,dev2,3.0
rgv_g1,rgv,development,nsga2_typed,13103,512,512,512,0.2362636699999711,509,True,0.071179705997787,0.0024096081034937,0.0012675506999999,0.5,False,5.0,4.0,0.0024096081034937,0.0024096081073941,0.0012675507020281,0,0,0,0,dev2,0.0
rgv_g1,rgv,development,residual_linear,13103,512,512,512,1.2284383050000542,507,True,0.0369470197282482,0.0,0.0,1.0,True,4.0,4.0,0.0,0.0,0.0,0,0,7,2484,dev2,187.0
tour_dev,tour,development,residual_off,13101,512,512,512,0.2276015260000576,506,True,0.1429504990514961,0.0319715192316183,0.0188696472589163,0.5714285714285714,False,22.0,28.0,0.0319715192316183,0.031971519225492,0.0188696472624195,0,0,0,0,dev2,0.0
rgv_g1,rgv,development,residual_trees,13103,512,512,512,2.246558180000079,506,True,0.0370543817359658,0.0,0.0,1.0,True,4.0,4.0,0.0,0.0,0.0,0,0,7,2636,dev2,18.0
job_dev,job,development,residual_no_gate,13102,512,512,512,1.1097111220000215,510,True,0.0902487372173672,0.003939236048134,0.001517486728125,0.8125,False,26.0,32.0,0.003939236048134,0.0039392360524329,0.0015174867293024,0,0,7,2792,dev2,50.0
rgv_dev,rgv,development,residual_strict,13102,512,512,512,2.071937662000096,488,True,0.1934758122347991,0.0081341092577206,0.0042372881249999,0.75,False,3.0,4.0,0.0081341092577206,0.0081341092780609,0.0042372881355932,0,0,7,1255,dev2,32.0
rgv_g1,rgv,development,residual_trees,13101,512,512,512,1.812155503000099,506,True,0.0819591779424134,0.0,0.0,1.0,True,4.0,4.0,0.0,0.0,0.0,0,0,7,2598,dev2,62.0
rgv_g1,rgv,development,residual_strict,13101,512,512,512,1.5795883289999892,506,True,0.080798101881251,0.0,0.0,1.0,True,4.0,4.0,0.0,0.0,0.0,0,0,7,2422,dev2,151.0
rgv_g1,rgv,development,residual_random,13102,512,512,512,0.5729760289999604,511,True,0.0826494601686986,0.0020245407192492,0.0016088143499999,0.75,False,5.0,4.0,0.0020245407192492,0.0020245407229513,0.001608814352574,0,0,0,0,dev2,281.0
rgv_g1,rgv,development,residual_strict,13102,512,512,512,1.446298314000046,511,True,0.0800651032651014,0.0,0.0,1.0,True,4.0,4.0,0.0,0.0,0.0,0,0,7,2470,dev2,161.0
rgv_dev,rgv,development,residual,13103,512,512,512,2.106255186999988,493,True,0.0291861859400717,0.0081341092577206,0.0042372881249999,0.75,False,3.0,4.0,0.0081341092577206,0.0081341092780609,0.0042372881355932,0,0,7,1680,dev2,42.0
rgv_g1,rgv,development,residual_linear,13102,512,512,512,1.1045280870000624,503,True,0.0800651032651014,0.0,0.0,1.0,True,4.0,4.0,0.0,0.0,0.0,0,0,7,2512,dev2,169.0
rgv_dev,rgv,development,residual_off,13103,512,512,512,0.5715616439999849,494,True,0.0291861859400717,0.0081341092577206,0.0042372881249999,0.75,False,3.0,4.0,0.0081341092577206,0.0081341092780609,0.0042372881355932,0,0,0,0,dev2,0.0
job_dev,job,development,residual_trees,13102,512,512,512,1.6523342259999936,508,True,0.1032949129022164,0.0105694898592354,0.0050091791988273,0.6875,False,28.0,32.0,0.0105694898592354,0.0105694898526727,0.0050091791932694,0,0,7,2464,dev2,12.0
tour_dev,tour,development,residual,13102,512,512,512,1.1800255979999292,508,True,0.1122719181665196,0.0005755052953022,0.0009976874272603,0.8571428571428571,False,25.0,28.0,0.0005755052953022,0.0005755052982549,0.0009976874297627,0,0,7,2934,dev2,41.0
rgv_dev,rgv,development,residual_no_gate,13102,512,512,512,2.129604464999943,489,True,0.1934758122347991,0.0081341092577206,0.0042372881249999,0.75,False,3.0,4.0,0.0081341092577206,0.0081341092780609,0.0042372881355932,0,0,7,2063,dev2,44.0
job_dev,job,development,residual_no_gate,13103,512,512,512,1.3145453670000506,511,True,0.0848735018178585,0.001446509958053,0.000535492571875,0.90625,False,29.0,32.0,0.001446509958053,0.0014465099564024,0.0005354925699389,0,0,7,2662,dev2,35.0
rgv_g1,rgv,development,nsga2_typed,13102,512,512,512,0.232009435000009,507,True,0.1655124043360439,0.0,0.0,1.0,True,4.0,4.0,0.0,0.0,0.0,0,0,0,0,dev2,0.0
tour_dev,tour,development,residual_no_gate,13102,512,512,512,1.037552323999989,508,True,0.1122719181665196,0.0005755052953022,0.0009976874272603,0.8571428571428571,False,25.0,28.0,0.0005755052953022,0.0005755052982549,0.0009976874297627,0,0,7,2934,dev2,41.0
tour_dev,tour,development,nsga2_typed,13104,512,512,512,0.2127867719999585,511,True,0.134954905851356,0.0133421478320554,0.0065894429458214,0.6785714285714286,False,21.0,28.0,0.0133421478320554,0.013342147835924,0.0065894429499865,0,0,0,0,dev2,0.0
rgv_dev,rgv,development,residual_random,13101,512,512,512,1.2914715900000149,491,True,0.1778966672287497,0.0081341092577206,0.0042372881249999,0.75,False,3.0,4.0,0.0081341092577206,0.0081341092780609,0.0042372881355932,0,0,0,0,dev2,187.0
tour_dev,tour,development,residual_off,13103,512,512,512,0.2643892329999744,504,True,0.1123073345099684,0.0124632001979102,0.0061685035142857,0.7142857142857143,False,21.0,28.0,0.0124632001979102,0.0124632002055349,0.0061685035193116,0,0,0,0,dev2,0.0
job_dev,job,development,residual_trees,13103,512,512,512,1.6527736450000248,507,True,0.1068013871433679,0.0016048352222389,0.00066839571875,0.875,False,28.0,32.0,0.0016048352222389,0.0016048352207557,0.0006683957179237,0,0,7,2617,dev2,31.0
rgv_dev,rgv,development,residual,13101,512,512,512,1.8377048429999832,487,True,0.1841821153105498,0.0081341092577206,0.0042372881249999,0.75,False,3.0,4.0,0.0081341092577206,0.0081341092780609,0.0042372881355932,0,0,7,1957,dev2,55.0
rgv_dev,rgv,development,fast_v10,13102,512,512,512,0.3233416100000568,506,True,0.192459048577584,0.0,0.0,1.0,True,4.0,4.0,0.0,0.0,0.0,0,0,0,0,dev2,0.0
rgv_g1,rgv,development,nsga2_typed,13101,512,512,512,0.1908222030000388,508,True,0.1464928819708684,0.0,0.0,1.0,True,4.0,4.0,0.0,0.0,0.0,0,0,0,0,dev2,0.0
job_dev,job,development,residual_scalar,13101,512,512,512,1.2078491650000842,512,True,0.0848367907565101,0.0014387782014984,0.000481176528125,0.9375,False,30.0,32.0,0.0014387782014984,0.0014387782000816,0.0004811765278807,0,0,7,2902,dev2,285.0
job_dev,job,development,fast_v10,13101,512,512,512,0.2499240449999433,507,True,0.0989721100270194,0.0060746932542655,0.0028207557867674,0.71875,False,27.0,32.0,0.0060746932542655,0.0060746932471574,0.0028207557801378,0,0,0,0,dev2,0.0
tour_dev,tour,development,residual_strict,13103,512,512,512,1.1523248190000004,509,True,0.0928235502486431,0.0030807353513759,0.0012687651094032,0.8214285714285714,False,24.0,28.0,0.0030807353513759,0.0030807353579608,0.0012687651122651,0,0,7,2809,dev2,38.0
rgv_dev,rgv,development,residual_trees,13103,512,512,512,2.503925736000042,494,True,0.0291861859400717,0.0081341092577206,0.0042372881249999,0.75,False,3.0,4.0,0.0081341092577206,0.0081341092780609,0.0042372881355932,0,0,7,1921,dev2,0.0
job_dev,job,development,residual,13104,512,512,512,1.0716739399999824,508,True,0.0958900296229686,0.0014522792766092,0.0004919488375,0.90625,False,29.0,32.0,0.0014522792766092,0.001452279275904,0.000491948837818,0,0,7,2852,dev2,49.0
tour_dev,tour,development,residual_off,13104,512,512,512,0.3216122210000094,504,True,0.1335167247339855,0.0176840870129455,0.0091879615071428,0.6785714285714286,False,19.0,28.0,0.0176840870129455,0.0176840869963512,0.009187961495218,0,0,0,0,dev2,0.0
rgv_g1,rgv,development,residual_strict,13103,512,512,512,1.78358837199994,508,True,0.0362565090634381,0.0,0.0,1.0,True,4.0,4.0,0.0,0.0,0.0,0,0,7,2372,dev2,155.0
job_dev,job,development,nsga2_typed,13101,512,512,512,0.2729457750000392,504,True,0.122769557309842,0.0089007583457974,0.0050651799005926,0.65625,False,23.0,32.0,0.0089007583457974,0.0089007583353242,0.0050651798945871,0,0,0,0,dev2,0.0
rgv_g1,rgv,development,residual_scalar,13104,512,512,512,1.5553263329999254,505,True,0.1487565234110777,0.0,0.0,1.0,True,4.0,4.0,0.0,0.0,0.0,0,0,7,2808,dev2,274.0
job_dev,job,development,nsga2_typed,13104,512,512,512,0.2514618029999838,509,True,0.1565688183901724,0.0172454875520647,0.0090855574462209,0.65625,False,29.0,32.0,0.0172454875520647,0.0172454875491712,0.0090855574452974,0,0,0,0,dev2,0.0
rgv_g1,rgv,development,residual,13101,512,512,512,2.284180580999987,506,True,0.080798101881251,0.0,0.0,1.0,True,4.0,4.0,0.0,0.0,0.0,0,0,7,2422,dev2,151.0
rgv_g1,rgv,development,residual_trees,13102,512,512,512,2.046250650999923,507,True,0.0907058856701113,0.0,0.0,1.0,True,4.0,4.0,0.0,0.0,0.0,0,0,7,2556,dev2,24.0
rgv_dev,rgv,development,residual_scalar,13102,512,512,512,2.846672159000036,490,True,0.1899633559455618,0.0081341092577206,0.0042372881249999,0.75,False,3.0,4.0,0.0081341092577206,0.0081341092780609,0.0042372881355932,0,0,7,1687,dev2,130.0
tour_dev,tour,development,nsga2_typed,13101,512,512,512,0.2123106750000261,507,True,0.1589657772715901,0.0146816981018802,0.0067721734029643,0.6785714285714286,False,20.0,28.0,0.0146816981018802,0.014681698093314,0.0067721734021142,0,0,0,0,dev2,0.0
tour_dev,tour,development,residual_trees,13101,512,512,512,2.7986713899999813,510,True,0.1191210364227239,0.0120839197259281,0.0058820668928571,0.75,False,21.0,28.0,0.0120839197259281,0.0120839197304172,0.0058820668954744,0,0,7,2689,dev2,32.0
rgv_g1,rgv,development,residual,13102,512,512,512,1.965638560000002,511,True,0.0800651032651014,0.0,0.0,1.0,True,4.0,4.0,0.0,0.0,0.0,0,0,7,2470,dev2,161.0
rgv_g1,rgv,development,nsga2_typed,13104,512,512,512,0.2199434340000152,510,True,0.1653474453740679,0.0,0.0,1.0,True,4.0,4.0,0.0,0.0,0.0,0,0,0,0,dev2,0.0
rgv_g1,rgv,development,residual_trees,13104,512,512,512,2.0823090179999326,506,True,0.1617944155528969,0.0020245407192492,0.0016088143499999,0.75,False,5.0,4.0,0.0020245407192492,0.0020245407229513,0.001608814352574,0,0,7,2837,dev2,42.0
tour_dev,tour,development,nsga2_typed,13102,512,512,512,0.3507332599999699,506,True,0.2074786069870592,0.0173192634169692,0.0087884269214285,0.5714285714285714,False,18.0,28.0,0.0173192634169692,0.0173192633903788,0.0087884269062725,0,0,0,0,dev2,0.0
tour_dev,tour,development,residual_strict,13104,512,512,512,1.3413209619999409,509,True,0.0971142977072909,0.0002844192662249,0.0005797032892857,0.8928571428571429,False,25.0,28.0,0.0002844192662249,0.0002844192675965,0.0005797032878779,0,0,7,2827,dev2,36.0
rgv_g1,rgv,development,residual_off,13102,512,512,512,0.3533962049999672,509,True,0.0898864753304527,0.0,0.0,1.0,True,4.0,4.0,0.0,0.0,0.0,0,0,0,0,dev2,0.0
job_dev,job,development,residual_no_gate,13101,512,512,512,1.3400929389999874,510,True,0.0768928938769648,0.0023322704319269,0.000703892425,0.90625,False,29.0,32.0,0.0023322704319269,0.0023322704358058,0.0007038924260769,0,0,7,2856,dev2,52.0
rgv_dev,rgv,development,residual_random,13103,512,512,512,1.7415119210000969,508,True,0.0322150085927397,0.0081341092577206,0.0042372881249999,0.75,False,3.0,4.0,0.0081341092577206,0.0081341092780609,0.0042372881355932,0,0,0,0,dev2,186.0
tour_dev,tour,development,residual_linear,13103,512,512,512,1.2669200180000644,509,True,0.0928235502486431,0.0030807353513759,0.0012687651094032,0.8214285714285714,False,24.0,28.0,0.0030807353513759,0.0030807353579608,0.0012687651122651,0,0,7,2809,dev2,38.0
rgv_dev,rgv,development,residual_random,13104,512,512,512,1.41969532600001,506,True,0.1001032149236402,0.0,0.0,1.0,True,4.0,4.0,0.0,0.0,0.0,0,0,0,0,dev2,229.0
tour_dev,tour,development,fast_v10,13101,512,512,512,0.275350225000011,506,True,0.1429504990514961,0.0319715192316183,0.0188696472589163,0.5714285714285714,False,22.0,28.0,0.0319715192316183,0.031971519225492,0.0188696472624195,0,0,0,0,dev2,0.0
job_dev,job,development,residual_random,13104,512,512,512,0.8407119150000426,507,True,0.1215319312843792,0.0166731475548261,0.0099848488608326,0.625,False,31.0,32.0,0.0166731475548261,0.0166731475533934,0.0099848488563596,0,0,0,0,dev2,261.0
rgv_dev,rgv,development,residual_scalar,13103,512,512,512,2.9554876559999457,493,True,0.0291861859400717,0.0081341092577206,0.0042372881249999,0.75,False,3.0,4.0,0.0081341092577206,0.0081341092780609,0.0042372881355932,0,0,7,1834,dev2,154.0
tour_dev,tour,development,residual_strict,13102,512,512,512,1.3078185820000954,508,True,0.1122719181665196,0.0005755052953022,0.0009976874272603,0.8571428571428571,False,25.0,28.0,0.0005755052953022,0.0005755052982549,0.0009976874297627,0,0,7,2934,dev2,41.0
tour_dev,tour,development,residual_scalar,13102,512,512,512,1.2987433030000377,512,True,0.1381629848508503,0.0073340554555409,0.0032841797214285,0.7857142857142857,False,22.0,28.0,0.0073340554555409,0.0073340554605155,0.0032841797216158,0,0,7,2943,dev2,295.0
rgv_dev,rgv,development,fast_v10,13103,512,512,512,0.6261711170000126,494,True,0.0291861859400717,0.0081341092577206,0.0042372881249999,0.75,False,3.0,4.0,0.0081341092577206,0.0081341092780609,0.0042372881355932,0,0,0,0,dev2,0.0
rgv_dev,rgv,development,residual_no_gate,13101,512,512,512,2.5252920240000094,487,True,0.1841821153105498,0.0081341092577206,0.0042372881249999,0.75,False,3.0,4.0,0.0081341092577206,0.0081341092780609,0.0042372881355932,0,0,7,1957,dev2,55.0
rgv_dev,rgv,development,residual_no_gate,13104,512,512,512,2.901015076000021,494,True,0.1092743634918188,0.0081341092577206,0.0042372881249999,0.75,False,3.0,4.0,0.0081341092577206,0.0081341092780609,0.0042372881355932,0,0,7,2046,dev2,58.0
rgv_g1,rgv,development,residual_scalar,13102,512,512,512,1.818260204000012,505,True,0.0803783784249477,0.0,0.0,1.0,True,4.0,4.0,0.0,0.0,0.0,0,0,7,2537,dev2,230.0
rgv_dev,rgv,development,nsga2_typed,13103,512,512,512,0.274000720999993,510,True,0.0669758025784501,0.0078955723096997,0.0042372881249999,0.75,False,4.0,4.0,0.0078955723096997,0.0078955723490855,0.0042372881355932,0,0,0,0,dev2,0.0
job_dev,job,development,residual_strict,13101,512,512,512,1.1374421489999804,510,True,0.0768928938769648,0.0023322704319269,0.000703892425,0.90625,False,29.0,32.0,0.0023322704319269,0.0023322704358058,0.0007038924260769,0,0,7,2856,dev2,52.0
rgv_dev,rgv,development,residual,13104,512,512,512,2.677169541000012,494,True,0.1092743634918188,0.0081341092577206,0.0042372881249999,0.75,False,3.0,4.0,0.0081341092577206,0.0081341092780609,0.0042372881355932,0,0,7,2046,dev2,58.0
rgv_dev,rgv,development,residual_linear,13104,512,512,512,1.800197658000002,495,True,0.0960916201128263,0.0081341092577206,0.0042372881249999,0.75,False,3.0,4.0,0.0081341092577206,0.0081341092780609,0.0042372881355932,0,0,7,1924,dev2,97.0
rgv_g1,rgv,development,residual_random,13101,512,512,512,0.814804568999989,508,True,0.1023476801229577,0.0020245407192492,0.0016088143499999,0.75,False,5.0,4.0,0.0020245407192492,0.0020245407229513,0.001608814352574,0,0,0,0,dev2,258.0
tour_dev,tour,development,nsga2_typed,13103,512,512,512,0.1991712090000419,511,True,0.1349683547425884,0.0145137573263968,0.0072360436829985,0.5714285714285714,False,20.0,28.0,0.0145137573263968,0.0145137573254484,0.0072360436825484,0,0,0,0,dev2,0.0
rgv_g1,rgv,development,residual_random,13103,512,512,512,0.8215136779999739,509,True,0.0383623055278249,0.0015950926878933,0.0012675507,0.75,False,5.0,4.0,0.0015950926878933,0.0015950926908101,0.0012675507020281,0,0,0,0,dev2,264.0
rgv_g1,rgv,development,residual_no_gate,13101,512,512,512,1.75329264100003,506,True,0.080798101881251,0.0,0.0,1.0,True,4.0,4.0,0.0,0.0,0.0,0,0,7,2422,dev2,151.0
rgv_dev,rgv,development,residual_linear,13103,512,512,512,1.6995070919999762,488,True,0.0291861859400717,0.0081341092577206,0.0042372881249999,0.75,False,3.0,4.0,0.0081341092577206,0.0081341092780609,0.0042372881355932,0,0,7,1711,dev2,66.0
tour_dev,tour,development,nsga2_guarded,13102,512,512,512,0.5127337220001209,510,True,0.1665837705725716,0.0001584577024576,0.0005095703249999,0.8928571428571429,False,25.0,28.0,0.0001584577024576,0.0001584577008399,0.000509570321872,0,0,7,2830,dev3,77.0
job_dev,job,development,no_uncertainty_linear,13104,512,512,512,0.5527650740000354,508,True,0.095647331096238,0.0015001181450114,0.000645507171875,0.875,False,28.0,32.0,0.0015001181450114,0.0015001181446119,0.0006455071734568,0,0,7,2744,dev3,43.0
job_dev,job,development,nsga2_guarded,13101,512,512,512,0.5526072560001012,508,True,0.1051251643827619,0.0028998340006602,0.00128898644375,0.90625,False,29.0,32.0,0.0028998340006602,0.0028998340031454,0.001288986444479,0,0,7,2900,dev3,70.0
tour_dev,tour,development,unguarded_linear,13101,512,512,512,0.5710460139998759,508,True,0.1103155435260406,0.0007551293853396,0.0013175280357142,0.8571428571428571,False,25.0,28.0,0.0007551293853396,0.0007551293877104,0.0013175280355984,0,0,7,2868,dev3,48.0
tour_dev,tour,development,random_residual,13104,512,512,512,0.4836919639999451,506,True,0.1290925816841371,0.003211519389225,0.0025014298678571,0.7857142857142857,False,22.0,28.0,0.003211519389225,0.0032115193962855,0.0025014298725257,0,0,0,0,dev3,266.0
tour_dev,tour,development,nsga2_guarded,13104,512,512,512,0.557735171000104,509,True,0.1227625690748068,0.0003221594781332,0.000922721825,0.8571428571428571,False,24.0,28.0,0.0003221594781332,0.0003221594757755,0.0009227218212491,0,0,7,2820,dev3,55.0
tour_dev,tour,development,scalar_linear,13101,512,512,512,0.522738777999848,511,True,0.1146694840019355,0.0120839197259281,0.0058820668928571,0.75,False,21.0,28.0,0.0120839197259281,0.0120839197304172,0.0058820668954744,0,0,7,2872,dev3,289.0
tour_dev,tour,development,guarded_linear,13102,512,512,512,0.5470326300001034,508,True,0.1122719181665196,0.0005755052953022,0.0009976874272603,0.8571428571428571,False,25.0,28.0,0.0005755052953022,0.0005755052982549,0.0009976874297627,0,0,7,2934,dev3,41.0
rgv_dev,rgv,development,fast_v10,13104,512,512,512,0.3891906329999983,498,True,0.1092743634918188,0.0081341092577206,0.0042372881249999,0.75,False,3.0,4.0,0.0081341092577206,0.0081341092780609,0.0042372881355932,0,0,0,0,dev3,0.0
job_dev,job,development,random_residual,13104,512,512,512,0.4559887719999551,507,True,0.1215319312843792,0.0166731475548261,0.0099848488608326,0.625,False,31.0,32.0,0.0166731475548261,0.0166731475533934,0.0099848488563596,0,0,0,0,dev3,261.0
tour_dev,tour,development,no_uncertainty_linear,13102,512,512,512,0.5377739049999946,512,True,0.1108844058128829,0.0001225834810906,7.56235000000001e-05,0.9642857142857144,False,27.0,28.0,0.0001225834810906,0.0001225834831468,7.562350119414037e-05,0,0,7,3130,dev3,41.0
job_dev,job,development,random_residual,13101,512,512,512,0.3491646140000739,511,True,0.1076290261452513,0.0068583790216877,0.0042448062475497,0.59375,False,24.0,32.0,0.0068583790216877,0.0068583790046307,0.0042448062364581,0,0,0,0,dev3,295.0
rgv_dev,rgv,development,guarded_linear,13101,512,512,512,0.9290128170000572,494,True,0.1810393912789208,0.0081341092577206,0.0042372881249999,0.75,False,3.0,4.0,0.0081341092577206,0.0081341092780609,0.0042372881355932,0,0,7,1988,dev3,91.0
rgv_g1,rgv,development,raw_linear,13104,512,512,512,0.493834291000212,508,True,0.1758241499123334,0.0015950926883786,0.0006337753499999,0.75,False,4.0,4.0,0.0015950926883786,0.0015950926908101,0.000633775351014,0,0,7,2834,dev3,152.0
job_dev,job,development,scalar_linear,13102,512,512,512,0.5513360420000026,511,True,0.0930813474928731,0.0037363409558422,0.0021450157422025,0.84375,False,29.0,32.0,0.0037363409558422,0.0037363409506504,0.0021450157392534,0,0,7,2771,dev3,286.0
job_dev,job,development,random_residual,13102,512,512,512,0.4181885609998517,510,True,0.1010677046318756,0.0060818849395396,0.00352777854375,0.78125,False,25.0,32.0,0.0060818849395396,0.0060818849362319,0.0035277785431948,0,0,0,0,dev3,303.0
rgv_dev,rgv,development,guarded_linear,13103,512,512,512,1.0069341599999009,488,True,0.0291861859400717,0.0081341092577206,0.0042372881249999,0.75,False,3.0,4.0,0.0081341092577206,0.0081341092780609,0.0042372881355932,0,0,7,1711,dev3,66.0
tour_dev,tour,development,random_residual,13103,512,512,512,0.4246022610000182,507,True,0.1180967854549739,0.018579105234336,0.0095655740857142,0.6428571428571429,False,19.0,28.0,0.018579105234336,0.0185791052553514,0.0095655740963442,0,0,0,0,dev3,273.0
rgv_g1,rgv,development,guarded_linear,13103,512,512,512,0.6742388129998744,507,True,0.0369470197282482,0.0,0.0,1.0,True,4.0,4.0,0.0,0.0,0.0,0,0,7,2484,dev3,187.0
tour_dev,tour,development,unguarded_linear,13104,512,512,512,0.6076805539998986,509,True,0.0971142977072909,0.0002844192662249,0.0005797032892857,0.8928571428571429,False,25.0,28.0,0.0002844192662249,0.0002844192675965,0.0005797032878779,0,0,7,2827,dev3,36.0
rgv_g1,rgv,development,guarded_linear,13104,512,512,512,0.6790631640001266,505,True,0.1264970832370806,0.0,0.0,1.0,True,4.0,4.0,0.0,0.0,0.0,0,0,7,2618,dev3,159.0
rgv_dev,rgv,development,random_residual,13101,512,512,512,0.7917428860000655,491,True,0.1778966672287497,0.0081341092577206,0.0042372881249999,0.75,False,3.0,4.0,0.0081341092577206,0.0081341092780609,0.0042372881355932,0,0,0,0,dev3,187.0
rgv_dev,rgv,development,fast_v10,13103,512,512,512,0.458784487999992,494,True,0.0291861859400717,0.0081341092577206,0.0042372881249999,0.75,False,3.0,4.0,0.0081341092577206,0.0081341092780609,0.0042372881355932,0,0,0,0,dev3,0.0
rgv_dev,rgv,development,nsga2_typed,13103,512,512,512,0.2262808630000563,510,True,0.0669758025784501,0.0078955723096997,0.0042372881249999,0.75,False,4.0,4.0,0.0078955723096997,0.0078955723490855,0.0042372881355932,0,0,0,0,dev3,0.0
job_dev,job,development,unguarded_linear,13101,512,512,512,0.6336462149999988,510,True,0.0768928938769648,0.0023322704319269,0.000703892425,0.90625,False,29.0,32.0,0.0023322704319269,0.0023322704358058,0.0007038924260769,0,0,7,2856,dev3,52.0
tour_dev,tour,development,raw_linear,13103,512,512,512,0.6413015309999537,508,True,0.1178875138608846,0.0121596656566517,0.0060340382785714,0.7142857142857143,False,20.0,28.0,0.0121596656566517,0.0121596656608256,0.0060340382808441,0,0,7,2648,dev3,22.0
rgv_dev,rgv,development,nsga2_guarded,13101,512,512,512,0.5254645630000141,512,True,0.0997984839864302,0.0,0.0,1.0,True,4.0,4.0,0.0,0.0,0.0,0,0,7,3043,dev3,138.0
tour_dev,tour,development,nsga2_typed,13102,512,512,512,0.2386483499999485,506,True,0.2074786069870592,0.0173192634169692,0.0087884269214285,0.5714285714285714,False,18.0,28.0,0.0173192634169692,0.0173192633903788,0.0087884269062725,0,0,0,0,dev3,0.0
rgv_g1,rgv,development,no_uncertainty_linear,13101,512,512,512,0.6914688840001872,506,True,0.0801144441109213,0.0,0.0,1.0,True,4.0,4.0,0.0,0.0,0.0,0,0,7,2465,dev3,153.0
rgv_g1,rgv,development,random_residual,13102,512,512,512,0.3994562400000632,511,True,0.0826494601686986,0.0020245407192492,0.0016088143499999,0.75,False,5.0,4.0,0.0020245407192492,0.0020245407229513,0.001608814352574,0,0,0,0,dev3,281.0
job_dev,job,development,scalar_linear,13103,512,512,512,0.5989191229998596,510,True,0.1010485947662197,0.0042328808104489,0.00174976004375,0.8125,False,27.0,32.0,0.0042328808104489,0.0042328808130842,0.0017497600420063,0,0,7,2511,dev3,261.0
rgv_g1,rgv,development,no_uncertainty_linear,13104,512,512,512,0.7795356330000232,506,True,0.126098310064986,0.0,0.0,1.0,True,4.0,4.0,0.0,0.0,0.0,0,0,7,2374,dev3,116.0
rgv_dev,rgv,development,no_uncertainty_linear,13104,512,512,512,0.9982255580000584,480,True,0.0940044219853325,0.0081341092577206,0.0042372881249999,0.75,False,3.0,4.0,0.0081341092577206,0.0081341092780609,0.0042372881355932,0,0,7,1697,dev3,76.0
tour_dev,tour,development,raw_linear,13102,512,512,512,0.469146253999952,509,True,0.1256616779640915,0.0112623772600903,0.0067385296399187,0.7142857142857143,False,22.0,28.0,0.0112623772600903,0.0112623772561711,0.0067385296397442,0,0,7,2780,dev3,42.0
job_dev,job,development,fast_v10,13101,512,512,512,0.2164774660000148,507,True,0.0989721100270194,0.0060746932542655,0.0028207557867674,0.71875,False,27.0,32.0,0.0060746932542655,0.0060746932471574,0.0028207557801378,0,0,0,0,dev3,0.0
job_dev,job,development,guarded_linear,13101,512,512,512,0.5102538729997832,510,True,0.0768928938769648,0.0023322704319269,0.000703892425,0.90625,False,29.0,32.0,0.0023322704319269,0.0023322704358058,0.0007038924260769,0,0,7,2856,dev3,52.0
job_dev,job,development,nsga2_guarded,13103,512,512,512,0.5390300149999803,510,True,0.1250766464767371,0.0019903641236441,0.00124356175625,0.90625,False,31.0,32.0,0.0019903641236441,0.0019903641282314,0.0012435617560764,0,0,7,2879,dev3,70.0
job_dev,job,development,guarded_linear,13102,512,512,512,0.5380800749999253,510,True,0.0902487372173672,0.003939236048134,0.001517486728125,0.8125,False,26.0,32.0,0.003939236048134,0.0039392360524329,0.0015174867293024,0,0,7,2792,dev3,50.0
rgv_dev,rgv,development,guarded_linear,13102,512,512,512,0.9868705740000224,487,True,0.1899633559455618,0.0081341092577206,0.0042372881249999,0.75,False,3.0,4.0,0.0081341092577206,0.0081341092780609,0.0042372881355932,0,0,7,1738,dev3,65.0
tour_dev,tour,development,unguarded_linear,13102,512,512,512,0.5291590879999148,508,True,0.1122719181665196,0.0005755052953022,0.0009976874272603,0.8571428571428571,False,25.0,28.0,0.0005755052953022,0.0005755052982549,0.0009976874297627,0,0,7,2934,dev3,41.0
job_dev,job,development,nsga2_typed,13102,512,512,512,0.1894387800000458,508,True,0.0893668772636209,0.0081950295675246,0.0050138174120973,0.6875,False,26.0,32.0,0.0081950295675246,0.0081950295616246,0.0050138174046293,0,0,0,0,dev3,0.0
rgv_g1,rgv,development,scalar_linear,13103,512,512,512,0.6866403369999716,504,True,0.0361383782220943,0.0,0.0,1.0,True,4.0,4.0,0.0,0.0,0.0,0,0,7,2498,dev3,225.0
rgv_dev,rgv,development,raw_linear,13102,512,512,512,0.6766206500001317,502,True,0.1899633559455618,0.0081341092577206,0.0042372881249999,0.75,False,3.0,4.0,0.0081341092577206,0.0081341092780609,0.0042372881355932,0,0,7,1639,dev3,24.0
rgv_dev,rgv,development,fast_v10,13102,512,512,512,0.3137246229998709,506,True,0.192459048577584,0.0,0.0,1.0,True,4.0,4.0,0.0,0.0,0.0,0,0,0,0,dev3,0.0
rgv_dev,rgv,development,nsga2_guarded,13104,512,512,512,0.4550859359999322,511,True,0.2359774277530938,0.0,0.0,1.0,True,4.0,4.0,0.0,0.0,0.0,0,0,7,3259,dev3,201.0
rgv_dev,rgv,development,unguarded_linear,13102,512,512,512,1.0098647540000911,487,True,0.1899633559455618,0.0081341092577206,0.0042372881249999,0.75,False,3.0,4.0,0.0081341092577206,0.0081341092780609,0.0042372881355932,0,0,7,1738,dev3,65.0
job_dev,job,development,no_uncertainty_linear,13102,512,512,512,0.5814907710000625,510,True,0.0843462776785535,0.0028618586640126,0.0019144880029809,0.75,False,25.0,32.0,0.0028618586640126,0.0028618586599997,0.0019144880007716,0,0,7,2773,dev3,33.0
job_dev,job,development,random_residual,13103,512,512,512,0.4537029129999155,509,True,0.0997204388194529,0.0083855516945303,0.0041036248117839,0.6875,False,26.0,32.0,0.0083855516945303,0.0083855516976436,0.0041036248115849,0,0,0,0,dev3,275.0
rgv_g1,rgv,development,unguarded_linear,13104,512,512,512,0.733348173999957,505,True,0.1264970832370806,0.0,0.0,1.0,True,4.0,4.0,0.0,0.0,0.0,0,0,7,2618,dev3,159.0
job_dev,job,development,unguarded_linear,13104,512,512,512,0.59976590999986,508,True,0.0958900296229686,0.0014522792766092,0.0004919488375,0.90625,False,29.0,32.0,0.0014522792766092,0.001452279275904,0.000491948837818,0,0,7,2852,dev3,49.0
rgv_dev,rgv,development,scalar_linear,13103,512,512,512,1.039163174999885,490,True,0.0291861859400717,0.0081341092577206,0.0042372881249999,0.75,False,3.0,4.0,0.0081341092577206,0.0081341092780609,0.0042372881355932,0,0,7,1734,dev3,152.0
rgv_dev,rgv,development,fast_v10,13101,512,512,512,0.3692497170000024,502,True,0.1810393912789208,0.0081341092577206,0.0042372881249999,0.75,False,3.0,4.0,0.0081341092577206,0.0081341092780609,0.0042372881355932,0,0,0,0,dev3,0.0
job_dev,job,development,raw_linear,13101,512,512,512,0.5184138219999568,508,True,0.0820400009443932,0.002687334052632,0.0015738708529809,0.78125,False,27.0,32.0,0.002687334052632,0.002687334045103,0.0015738708462778,0,0,7,2826,dev3,26.0
job_dev,job,development,guarded_linear,13104,512,512,512,0.5685902699999588,508,True,0.0958900296229686,0.0014522792766092,0.0004919488375,0.90625,False,29.0,32.0,0.0014522792766092,0.001452279275904,0.000491948837818,0,0,7,2852,dev3,49.0
rgv_g1,rgv,development,fast_v10,13104,512,512,512,0.2540132229999017,509,True,0.1535581831628782,0.0,0.0,1.0,True,4.0,4.0,0.0,0.0,0.0,0,0,0,0,dev3,0.0
job_dev,job,development,raw_linear,13103,512,512,512,0.5820231340001101,505,True,0.1030740806316548,0.0078838536910759,0.0038560198771401,0.65625,False,25.0,32.0,0.0078838536910759,0.0078838536990049,0.0038560198755568,0,0,7,2598,dev3,19.0
rgv_g1,rgv,development,nsga2_typed,13102,512,512,512,0.2098657169999569,507,True,0.1655124043360439,0.0,0.0,1.0,True,4.0,4.0,0.0,0.0,0.0,0,0,0,0,dev3,0.0
tour_dev,tour,development,fast_v10,13103,512,512,512,0.330539644000055,504,True,0.1123073345099684,0.0124632001979102,0.0061685035142857,0.7142857142857143,False,21.0,28.0,0.0124632001979102,0.0124632002055349,0.0061685035193116,0,0,0,0,dev3,0.0
tour_dev,tour,development,no_uncertainty_linear,13101,512,512,512,0.7769438489999629,509,True,0.1089318982560473,0.0001234671716584,0.0003261694857142,0.9642857142857144,False,27.0,28.0,0.0001234671716584,0.0001234671713143,0.000326169485296,0,0,7,2791,dev3,39.0
rgv_dev,rgv,development,no_uncertainty_linear,13102,512,512,512,0.9377980330000356,497,True,0.1889465922883467,0.0,0.0,1.0,True,4.0,4.0,0.0,0.0,0.0,0,0,7,2252,dev3,107.0
job_dev,job,development,fast_v10,13102,512,512,512,0.2151077040000473,509,True,0.103470491717643,0.0162170103718011,0.0099871756070844,0.5625,False,27.0,32.0,0.0162170103718011,0.0162170103695093,0.0099871756052152,0,0,0,0,dev3,0.0
rgv_dev,rgv,development,unguarded_linear,13101,512,512,512,0.9306085489999988,494,True,0.1810393912789208,0.0081341092577206,0.0042372881249999,0.75,False,3.0,4.0,0.0081341092577206,0.0081341092780609,0.0042372881355932,0,0,7,1988,dev3,91.0
tour_dev,tour,development,unguarded_linear,13103,512,512,512,0.8426843219999682,509,True,0.0928235502486431,0.0030807353513759,0.0012687651094032,0.8214285714285714,False,24.0,28.0,0.0030807353513759,0.0030807353579608,0.0012687651122651,0,0,7,2809,dev3,38.0
rgv_g1,rgv,development,fast_v10,13101,512,512,512,0.2284908649999124,508,True,0.1019190479123491,0.0,0.0,1.0,True,4.0,4.0,0.0,0.0,0.0,0,0,0,0,dev3,0.0
tour_dev,tour,development,nsga2_typed,13104,512,512,512,0.2782900330000757,511,True,0.134954905851356,0.0133421478320554,0.0065894429458214,0.6785714285714286,False,21.0,28.0,0.0133421478320554,0.013342147835924,0.0065894429499865,0,0,0,0,dev3,0.0
job_dev,job,development,raw_linear,13104,512,512,512,0.5272253359999013,511,True,0.1087036357894787,0.0107722044623229,0.0054771705966861,0.75,False,27.0,32.0,0.0107722044623229,0.0107722044629776,0.0054771705952269,0,0,7,2776,dev3,19.0
rgv_dev,rgv,development,scalar_linear,13101,512,512,512,1.0829448720000985,483,True,0.1778966672287497,0.0081341092577206,0.0042372881249999,0.75,False,3.0,4.0,0.0081341092577206,0.0081341092780609,0.0042372881355932,0,0,7,1769,dev3,150.0
tour_dev,tour,development,guarded_linear,13103,512,512,512,0.5629636730000129,509,True,0.0928235502486431,0.0030807353513759,0.0012687651094032,0.8214285714285714,False,24.0,28.0,0.0030807353513759,0.0030807353579608,0.0012687651122651,0,0,7,2809,dev3,38.0
rgv_g1,rgv,development,random_residual,13103,512,512,512,0.473175799000046,509,True,0.0383623055278249,0.0015950926878933,0.0012675507,0.75,False,5.0,4.0,0.0015950926878933,0.0015950926908101,0.0012675507020281,0,0,0,0,dev3,264.0
tour_dev,tour,development,raw_linear,13104,512,512,512,0.5563793540000006,506,True,0.1055032525369422,0.0124632001979102,0.0061685035142857,0.7142857142857143,False,21.0,28.0,0.0124632001979102,0.0124632002055349,0.0061685035193116,0,0,7,2596,dev3,42.0
rgv_g1,rgv,development,fast_v10,13102,512,512,512,0.3421779200000401,509,True,0.0898864753304527,0.0,0.0,1.0,True,4.0,4.0,0.0,0.0,0.0,0,0,0,0,dev3,0.0
tour_dev,tour,development,scalar_linear,13102,512,512,512,0.5287029820001408,512,True,0.1381629848508503,0.0073340554555409,0.0032841797214285,0.7857142857142857,False,22.0,28.0,0.0073340554555409,0.0073340554605155,0.0032841797216158,0,0,7,2943,dev3,295.0
rgv_g1,rgv,development,scalar_linear,13104,512,512,512,0.8421946139999363,505,True,0.1487565234110777,0.0,0.0,1.0,True,4.0,4.0,0.0,0.0,0.0,0,0,7,2808,dev3,274.0
rgv_g1,rgv,development,random_residual,13101,512,512,512,0.4511749119999422,508,True,0.1023476801229577,0.0020245407192492,0.0016088143499999,0.75,False,5.0,4.0,0.0020245407192492,0.0020245407229513,0.001608814352574,0,0,0,0,dev3,258.0
job_dev,job,development,no_uncertainty_linear,13101,512,512,512,0.5572637259999738,508,True,0.0777268371223109,0.0018067210973615,0.00100959951875,0.875,False,28.0,32.0,0.0018067210973615,0.0018067210939407,0.0010095995148428,0,0,7,2749,dev3,46.0
job_dev,job,development,raw_linear,13102,512,512,512,0.7964797669999371,509,True,0.0907933448801759,0.0098988049929833,0.0065229770055292,0.71875,False,29.0,32.0,0.0098988049929833,0.0098988049885659,0.0065229770031738,0,0,7,2739,dev3,16.0
job_dev,job,development,scalar_linear,13101,512,512,512,0.5318093109999609,512,True,0.0848367907565101,0.0014387782014984,0.000481176528125,0.9375,False,30.0,32.0,0.0014387782014984,0.0014387782000816,0.0004811765278807,0,0,7,2902,dev3,285.0
rgv_g1,rgv,development,no_uncertainty_linear,13103,512,512,512,0.7106929660001242,505,True,0.0364301157148097,0.0,0.0,1.0,True,4.0,4.0,0.0,0.0,0.0,0,0,7,2441,dev3,149.0
rgv_g1,rgv,development,raw_linear,13103,512,512,512,0.6293539549999423,505,True,0.0386582852885185,0.0031901853767574,0.0012675507,0.75,False,4.0,4.0,0.0031901853767574,0.0031901853816203,0.0012675507020281,0,0,7,2797,dev3,160.0
rgv_dev,rgv,development,random_residual,13103,512,512,512,0.7597612290001052,508,True,0.0322150085927397,0.0081341092577206,0.0042372881249999,0.75,False,3.0,4.0,0.0081341092577206,0.0081341092780609,0.0042372881355932,0,0,0,0,dev3,186.0
rgv_g1,rgv,development,unguarded_linear,13103,512,512,512,0.6704302939999707,507,True,0.0369470197282482,0.0,0.0,1.0,True,4.0,4.0,0.0,0.0,0.0,0,0,7,2484,dev3,187.0
rgv_g1,rgv,development,nsga2_guarded,13101,512,512,512,0.5015870350000569,512,True,0.1326957870563715,0.0,0.0,1.0,True,4.0,4.0,0.0,0.0,0.0,0,0,7,3109,dev3,226.0
rgv_g1,rgv,development,scalar_linear,13101,512,512,512,0.6175921069998367,511,True,0.1002629318334602,0.0,0.0,1.0,True,4.0,4.0,0.0,0.0,0.0,0,0,7,2726,dev3,265.0
rgv_g1,rgv,development,fast_v10,13103,512,512,512,0.3644952399999965,509,True,0.0368331311545752,0.0,0.0,1.0,True,4.0,4.0,0.0,0.0,0.0,0,0,0,0,dev3,0.0
rgv_dev,rgv,development,nsga2_guarded,13103,512,512,512,0.5744185900000502,511,True,0.0560907661554462,0.0007394644798702,0.0042372881249999,0.75,False,4.0,4.0,0.0007394644798702,0.0007394644798237,0.0042372881355932,0,0,7,3002,dev3,138.0
rgv_g1,rgv,development,no_uncertainty_linear,13102,512,512,512,0.6531035969999266,504,True,0.0800651032651014,0.0,0.0,1.0,True,4.0,4.0,0.0,0.0,0.0,0,0,7,2440,dev3,135.0
rgv_g1,rgv,development,scalar_linear,13102,512,512,512,0.678979561999995,507,True,0.0803783784249477,0.0,0.0,1.0,True,4.0,4.0,0.0,0.0,0.0,0,0,7,2530,dev3,243.0
rgv_dev,rgv,development,nsga2_guarded,13102,512,512,512,0.5240038130000357,511,True,0.2102729864380629,0.0081341092577206,0.0042372881249999,0.75,False,3.0,4.0,0.0081341092577206,0.0081341092780609,0.0042372881355932,0,0,7,2688,dev3,114.0
job_dev,job,development,nsga2_guarded,13104,512,512,512,0.6124360039998464,508,True,0.1239446371666292,0.0014600110331638,0.00054626488125,0.875,False,28.0,32.0,0.0014600110331638,0.0014600110322248,0.0005462648798763,0,0,7,2883,dev3,65.0
rgv_dev,rgv,development,nsga2_typed,13102,512,512,512,0.2079174330001478,509,True,0.2184607665448405,0.0081341092577206,0.0042372881249999,0.75,False,3.0,4.0,0.0081341092577206,0.0081341092780609,0.0042372881355932,0,0,0,0,dev3,0.0
job_dev,job,development,nsga2_guarded,13102,512,512,512,0.5019552430001113,507,True,0.0769519132220848,0.0014387782014984,0.000481176528125,0.9375,False,30.0,32.0,0.0014387782014984,0.0014387782000816,0.0004811765278807,0,0,7,3030,dev3,58.0
rgv_dev,rgv,development,raw_linear,13104,512,512,512,0.7339399219999905,502,True,0.1092743634918188,0.0081341092577206,0.0042372881249999,0.75,False,3.0,4.0,0.0081341092577206,0.0081341092780609,0.0042372881355932,0,0,7,1764,dev3,69.0
job_dev,job,development,unguarded_linear,13103,512,512,512,0.6157188249999308,511,True,0.0848735018178585,0.001446509958053,0.000535492571875,0.90625,False,29.0,32.0,0.001446509958053,0.0014465099564024,0.0005354925699389,0,0,7,2662,dev3,35.0
rgv_g1,rgv,development,guarded_linear,13102,512,512,512,0.7650240619998385,503,True,0.0800651032651014,0.0,0.0,1.0,True,4.0,4.0,0.0,0.0,0.0,0,0,7,2512,dev3,169.0
tour_dev,tour,development,fast_v10,13104,512,512,512,0.313381986999957,504,True,0.1335167247339855,0.0176840870129455,0.0091879615071428,0.6785714285714286,False,19.0,28.0,0.0176840870129455,0.0176840869963512,0.009187961495218,0,0,0,0,dev3,0.0
rgv_g1,rgv,development,nsga2_typed,13101,512,512,512,0.1935926329999802,508,True,0.1464928819708684,0.0,0.0,1.0,True,4.0,4.0,0.0,0.0,0.0,0,0,0,0,dev3,0.0
rgv_dev,rgv,development,raw_linear,13101,512,512,512,0.6832796910000525,489,True,0.2503641862607365,0.0081341092577206,0.0042372881249999,0.75,False,3.0,4.0,0.0081341092577206,0.0081341092780609,0.0042372881355932,0,0,7,1230,dev3,34.0
job_dev,job,development,nsga2_typed,13104,512,512,512,0.1813969810000344,509,True,0.1565688183901724,0.0172454875520647,0.0090855574462209,0.65625,False,29.0,32.0,0.0172454875520647,0.0172454875491712,0.0090855574452974,0,0,0,0,dev3,0.0
job_dev,job,development,nsga2_typed,13101,512,512,512,0.2531732169998122,504,True,0.122769557309842,0.0089007583457974,0.0050651799005926,0.65625,False,23.0,32.0,0.0089007583457974,0.0089007583353242,0.0050651798945871,0,0,0,0,dev3,0.0
tour_dev,tour,development,no_uncertainty_linear,13104,512,512,512,0.711527568000065,508,True,0.101712700985744,0.0120839197259281,0.0058820668928571,0.75,False,21.0,28.0,0.0120839197259281,0.0120839197304172,0.0058820668954744,0,0,7,2556,dev3,21.0
rgv_dev,rgv,development,guarded_linear,13104,512,512,512,1.1559378899999049,495,True,0.0960916201128263,0.0081341092577206,0.0042372881249999,0.75,False,3.0,4.0,0.0081341092577206,0.0081341092780609,0.0042372881355932,0,0,7,1924,dev3,97.0
rgv_dev,rgv,development,scalar_linear,13102,512,512,512,1.234423533999916,488,True,0.1899633559455618,0.0081341092577206,0.0042372881249999,0.75,False,3.0,4.0,0.0081341092577206,0.0081341092780609,0.0042372881355932,0,0,7,1787,dev3,138.0
job_dev,job,development,nsga2_typed,13103,512,512,512,0.2398173169999609,506,True,0.1598101354954481,0.0090301879678089,0.0053255020119115,0.6875,False,26.0,32.0,0.0090301879678089,0.0090301879596748,0.0053255020032804,0,0,0,0,dev3,0.0
rgv_g1,rgv,development,guarded_linear,13101,512,512,512,0.8340968130000874,503,True,0.0805987152952643,0.0,0.0,1.0,True,4.0,4.0,0.0,0.0,0.0,0,0,7,2496,dev3,166.0
rgv_g1,rgv,development,nsga2_typed,13104,512,512,512,0.19209630499995,510,True,0.1653474453740679,0.0,0.0,1.0,True,4.0,4.0,0.0,0.0,0.0,0,0,0,0,dev3,0.0
rgv_g1,rgv,development,raw_linear,13102,512,512,512,0.742806900000005,511,True,0.0800651032651014,0.0,0.0,1.0,True,4.0,4.0,0.0,0.0,0.0,0,0,7,2486,dev3,140.0
job_dev,job,development,fast_v10,13104,512,512,512,0.2381788639997921,509,True,0.1097609044069554,0.0032091468409928,0.0020485908031249,0.75,False,25.0,32.0,0.0032091468409928,0.0032091468348573,0.0020485907970189,0,0,0,0,dev3,0.0
rgv_dev,rgv,development,nsga2_typed,13101,512,512,512,0.1597601739999845,511,True,0.1149455789786409,0.0,0.0,1.0,True,4.0,4.0,0.0,0.0,0.0,0,0,0,0,dev3,0.0
tour_dev,tour,development,random_residual,13102,512,512,512,0.3378425890000471,512,True,0.1409878354934363,0.0029420283050402,0.0021344612415461,0.7857142857142857,False,23.0,28.0,0.0029420283050402,0.0029420283124672,0.0021344612468281,0,0,0,0,dev3,290.0
rgv_dev,rgv,development,unguarded_linear,13103,512,512,512,1.085732789000076,488,True,0.0291861859400717,0.0081341092577206,0.0042372881249999,0.75,False,3.0,4.0,0.0081341092577206,0.0081341092780609,0.0042372881355932,0,0,7,1711,dev3,66.0
tour_dev,tour,development,raw_linear,13101,512,512,512,0.4743309870000303,511,True,0.1100373160118766,0.003236695244707,0.0015492992892857,0.8928571428571429,False,26.0,28.0,0.003236695244707,0.003236695239914,0.0015492992867488,0,0,7,2851,dev3,24.0
tour_dev,tour,development,fast_v10,13102,512,512,512,0.1873951329998817,509,True,0.1454817090130131,0.0145810619032454,0.0075489898004922,0.7142857142857143,False,22.0,28.0,0.0145810619032454,0.0145810618870187,0.0075489897905635,0,0,0,0,dev3,0.0
rgv_g1,rgv,development,unguarded_linear,13102,512,512,512,0.6783534419998887,503,True,0.0800651032651014,0.0,0.0,1.0,True,4.0,4.0,0.0,0.0,0.0,0,0,7,2512,dev3,169.0
rgv_g1,rgv,development,nsga2_guarded,13104,512,512,512,0.4672891489999529,511,True,0.1383803279959816,0.0,0.0,1.0,True,4.0,4.0,0.0,0.0,0.0,0,0,7,3101,dev3,226.0
rgv_g1,rgv,development,random_residual,13104,512,512,512,0.5160001480001029,504,True,0.173728534881073,0.0,0.0,1.0,True,4.0,4.0,0.0,0.0,0.0,0,0,0,0,dev3,232.0
job_dev,job,development,no_uncertainty_linear,13103,512,512,512,0.6392840330001945,508,True,0.087713218198217,0.0024983274526674,0.000891111615625,0.84375,False,27.0,32.0,0.0024983274526674,0.00249832745648,0.0008911116161199,0,0,7,2789,dev3,33.0
rgv_dev,rgv,development,random_residual,13104,512,512,512,0.6179562789998272,506,True,0.1001032149236402,0.0,0.0,1.0,True,4.0,4.0,0.0,0.0,0.0,0,0,0,0,dev3,229.0
job_dev,job,development,unguarded_linear,13102,512,512,512,0.5926502889999483,510,True,0.0902487372173672,0.003939236048134,0.001517486728125,0.8125,False,26.0,32.0,0.003939236048134,0.0039392360524329,0.0015174867293024,0,0,7,2792,dev3,50.0
rgv_g1,rgv,development,nsga2_typed,13103,512,512,512,0.1986672739999448,509,True,0.071179705997787,0.0024096081034937,0.0012675506999999,0.5,False,5.0,4.0,0.0024096081034937,0.0024096081073941,0.0012675507020281,0,0,0,0,dev3,0.0
job_dev,job,development,fast_v10,13103,512,512,512,0.2818588150000778,508,True,0.1006445775540698,0.0055402078131411,0.002084690921875,0.78125,False,25.0,32.0,0.0055402078131411,0.0055402078062737,0.0020846909163584,0,0,0,0,dev3,0.0
rgv_dev,rgv,development,random_residual,13102,512,512,512,0.7236557710000397,490,True,0.1899633559455618,0.0081341092577206,0.0042372881249999,0.75,False,3.0,4.0,0.0081341092577206,0.0081341092780609,0.0042372881355932,0,0,0,0,dev3,181.0
rgv_dev,rgv,development,unguarded_linear,13104,512,512,512,0.9245323190000364,495,True,0.0960916201128263,0.0081341092577206,0.0042372881249999,0.75,False,3.0,4.0,0.0081341092577206,0.0081341092780609,0.0042372881355932,0,0,7,1924,dev3,97.0
tour_dev,tour,development,random_residual,13101,512,512,512,0.4069543189998512,506,True,0.1197592762409125,0.0196194411099463,0.00986964005,0.6428571428571429,False,19.0,28.0,0.0196194411099463,0.0196194411149944,0.0098696400553878,0,0,0,0,dev3,289.0
tour_dev,tour,development,scalar_linear,13104,512,512,512,0.5937926740000421,508,True,0.1108305645969537,0.0095614631606888,0.0043364890785714,0.8214285714285714,False,24.0,28.0,0.0095614631606888,0.0095614631450137,0.0043364890713558,0,0,7,2690,dev3,277.0
tour_dev,tour,development,nsga2_typed,13103,512,512,512,0.1936555239999506,511,True,0.1349683547425884,0.0145137573263968,0.0072360436829985,0.5714285714285714,False,20.0,28.0,0.0145137573263968,0.0145137573254484,0.0072360436825484,0,0,0,0,dev3,0.0
rgv_dev,rgv,development,scalar_linear,13104,512,512,512,0.95587324600001,482,True,0.0940044219853325,0.0081341092577206,0.0042372881249999,0.75,False,3.0,4.0,0.0081341092577206,0.0081341092780609,0.0042372881355932,0,0,7,1810,dev3,159.0
job_dev,job,development,scalar_linear,13104,512,512,512,0.54436957300004,509,True,0.0961102831961659,0.0023322704319269,0.000703892425,0.90625,False,29.0,32.0,0.0023322704319269,0.0023322704358058,0.0007038924260769,0,0,7,2847,dev3,306.0
tour_dev,tour,development,scalar_linear,13103,512,512,512,0.6070279919999848,510,True,0.0926958957239012,0.0084364859304505,0.0045444677090337,0.75,False,22.0,28.0,0.0084364859304505,0.0084364859352059,0.0045444677125173,0,0,7,2654,dev3,273.0
tour_dev,tour,development,nsga2_typed,13101,512,512,512,0.1771993249999468,507,True,0.1589657772715901,0.0146816981018802,0.0067721734029643,0.6785714285714286,False,20.0,28.0,0.0146816981018802,0.014681698093314,0.0067721734021142,0,0,0,0,dev3,0.0
tour_dev,tour,development,nsga2_guarded,13103,512,512,512,0.5047277860001032,511,True,0.1112820248156178,0.0001609520945664,0.0002535338035714,0.9285714285714286,False,26.0,28.0,0.0001609520945664,0.000160952096282,0.0002535338025819,0,0,7,2871,dev3,62.0
tour_dev,tour,development,nsga2_guarded,13101,512,512,512,0.5601699349999762,510,True,0.1279595667653426,0.0002844192662249,0.0005797032892857,0.8928571428571429,False,25.0,28.0,0.0002844192662249,0.0002844192675965,0.0005797032878779,0,0,7,2894,dev3,67.0
tour_dev,tour,development,fast_v10,13101,512,512,512,0.2195990159998473,506,True,0.1429504990514961,0.0319715192316183,0.0188696472589163,0.5714285714285714,False,22.0,28.0,0.0319715192316183,0.031971519225492,0.0188696472624195,0,0,0,0,dev3,0.0
tour_dev,tour,development,no_uncertainty_linear,13103,512,512,512,0.573384009999927,512,True,0.094966330610073,0.0006392493296294,0.0011422851058318,0.8571428571428571,False,25.0,28.0,0.0006392493296294,0.000639249333528,0.0011422851103513,0,0,7,2958,dev3,41.0
rgv_dev,rgv,development,raw_linear,13103,512,512,512,0.7206740250001076,494,True,0.0291861859400717,0.0081341092577206,0.0042372881249999,0.75,False,3.0,4.0,0.0081341092577206,0.0081341092780609,0.0042372881355932,0,0,7,1784,dev3,49.0
rgv_dev,rgv,development,no_uncertainty_linear,13101,512,512,512,0.7975553139999647,495,True,0.1810393912789208,0.0081341092577206,0.0042372881249999,0.75,False,3.0,4.0,0.0081341092577206,0.0081341092780609,0.0042372881355932,0,0,7,2126,dev3,77.0
rgv_g1,rgv,development,nsga2_guarded,13102,512,512,512,0.5094270060001236,510,True,0.1085571527638582,0.0,0.0,1.0,True,4.0,4.0,0.0,0.0,0.0,0,0,7,3191,dev3,241.0
tour_dev,tour,development,guarded_linear,13101,512,512,512,0.6017566870000337,508,True,0.1103155435260406,0.0007551293853396,0.0013175280357142,0.8571428571428571,False,25.0,28.0,0.0007551293853396,0.0007551293877104,0.0013175280355984,0,0,7,2868,dev3,48.0
job_dev,job,development,guarded_linear,13103,512,512,512,0.6377407390000371,511,True,0.0848735018178585,0.001446509958053,0.000535492571875,0.90625,False,29.0,32.0,0.001446509958053,0.0014465099564024,0.0005354925699389,0,0,7,2662,dev3,35.0
rgv_g1,rgv,development,raw_linear,13101,512,512,512,0.4712903960000858,509,True,0.0820508761916633,0.0,0.0,1.0,True,4.0,4.0,0.0,0.0,0.0,0,0,7,2682,dev3,201.0
rgv_g1,rgv,development,unguarded_linear,13101,512,512,512,0.7311402459999954,503,True,0.0805987152952643,0.0,0.0,1.0,True,4.0,4.0,0.0,0.0,0.0,0,0,7,2496,dev3,166.0
rgv_dev,rgv,development,no_uncertainty_linear,13103,512,512,512,0.9357147990001522,491,True,0.0291861859400717,0.0081341092577206,0.0042372881249999,0.75,False,3.0,4.0,0.0081341092577206,0.0081341092780609,0.0042372881355932,0,0,7,1870,dev3,45.0
rgv_dev,rgv,development,nsga2_typed,13104,512,512,512,0.2417879920001269,510,True,0.3365064311066537,0.0164829017676958,0.011071623825,0.5,False,3.0,4.0,0.0164829017676958,0.0164829017921996,0.0110716238381629,0,0,0,0,dev3,0.0
rgv_g1,rgv,development,nsga2_guarded,13103,512,512,512,0.5593112660001225,511,True,0.0690536771794314,0.0,0.0,1.0,True,4.0,4.0,0.0,0.0,0.0,0,0,7,2972,dev3,232.0
tour_dev,tour,development,guarded_linear,13104,512,512,512,0.6098028119999981,509,True,0.0971142977072909,0.0002844192662249,0.0005797032892857,0.8928571428571429,False,25.0,28.0,0.0002844192662249,0.0002844192675965,0.0005797032878779,0,0,7,2827,dev3,36.0
job_h3,job,holdout,fast_v10,13502,1024,1024,1024,0.8716921949999232,991,True,0.107830413297817,0.0003623646267583,0.000135680847826,0.9565217391304348,False,22.0,23.0,0.0003623646267583,0.0003623646309846,0.0001356808494088,0,0,0,0,confirm,0.0
tour_h4,tour,holdout,nsga2_guarded,13510,1024,1024,1024,1.6911789580001368,1005,True,0.1363159759986744,0.0068418536496536,0.0036548829021458,0.8333333333333334,False,23.0,24.0,0.0068418536496536,0.006841853649845,0.0035086875863505,0,0,15,5572,confirm,71.0
job_h4,job,holdout,guarded_linear,13510,1024,1024,1024,2.2040101620000314,992,True,0.0974914196765101,0.0021936938274613,0.001784893020198,0.8214285714285714,False,24.0,28.0,0.0021936938274613,0.0021936938340563,0.0017848930224921,0,0,15,5331,confirm,42.0
job_h3,job,holdout,scalar_linear,13502,1024,1024,1024,2.379796895000027,996,True,0.1023018655706998,0.0003623646267583,0.000135680847826,0.9565217391304348,False,22.0,23.0,0.0003623646267583,0.0003623646309846,0.0001356808494088,0,0,15,4794,confirm,479.0
tour_h3,tour,holdout,random_residual,13510,1024,1024,1024,1.7419204249999891,968,True,0.0842007717445153,0.0015199456388592,0.0011156907821896,0.9411764705882352,False,17.0,17.0,0.0015199456388592,0.0015199456359826,0.0011156907824308,0,0,0,0,confirm,398.0
rgv_h1,rgv,holdout,raw_linear,13503,1024,1024,1024,1.5271454969999922,1005,True,0.0892126405053328,0.0019816942477348,0.000540054,0.8571428571428571,False,7.0,7.0,0.0019816942477348,0.0019816942677134,0.0005400540054005,0,0,15,4870,confirm,118.0
job_h4,job,holdout,random_residual,13509,1024,1024,1024,1.1175931699999635,1002,True,0.1511325279743279,0.007114351006215,0.0049034803927316,0.75,False,27.0,28.0,0.007114351006215,0.0071143510035306,0.0049034803913703,0,0,0,0,confirm,598.0
job_h4,job,holdout,guarded_linear,13501,1024,1024,1024,1.4721825429999171,1003,True,0.1183324032558833,0.0014355068927832,0.0015770300523409,0.8571428571428571,False,25.0,28.0,0.0014355068927832,0.0014355068936416,0.001577030053062,0,0,15,5534,confirm,57.0
rgv_h4,rgv,holdout,random_residual,13503,1024,1024,1024,1.0952030379999087,1014,True,0.1630373310516874,0.0003784420394762,0.0005351235666666,0.9166666666666666,False,12.0,12.0,0.0003784420394762,0.0003784420378461,0.0005351235648958,0,0,0,0,confirm,572.0
tour_h4,tour,holdout,random_residual,13507,1024,1024,1024,1.4138954920001652,1003,True,0.0951308137912077,0.0076543699663595,0.0040783981876636,0.8333333333333334,False,22.0,24.0,0.0076543699663595,0.0076543699660794,0.0039152622602449,0,0,0,0,confirm,529.0
rgv_h3,rgv,holdout,guarded_linear,13507,1024,1024,1024,2.344089009000072,986,True,0.0952054010795378,0.0,0.0,1.0,True,4.0,4.0,0.0,0.0,0.0,0,0,15,4340,confirm,152.0
tour_h1,tour,holdout,guarded_linear,13512,1024,1024,1024,2.2945125420001204,964,True,0.0637542658827854,0.0004954870521802,0.0008728172842105,0.8947368421052632,False,17.0,19.0,0.0004954870521802,0.0004954870546022,0.0008728172871358,0,0,15,4230,confirm,23.0
tour_h4,tour,holdout,scalar_linear,13510,1024,1024,1024,1.4676915740001275,1003,True,0.1280642005359203,0.0,0.0,1.0,True,24.0,24.0,0.0,0.0,2.220446049250313e-18,0,0,15,5298,confirm,530.0
rgv_h1,rgv,holdout,unguarded_linear,13511,1024,1024,1024,1.6235153249999712,996,True,0.0821986111470432,0.0085356649822784,0.0023625334847666,0.7142857142857143,False,8.0,7.0,0.0085356649822784,0.0085356649921128,0.0023625334909014,0,0,15,5151,confirm,292.0
rgv_h2,rgv,holdout,random_residual,13506,1024,1024,1024,1.3684466059999068,992,True,0.1078034315884887,0.0,0.0,1.0,True,5.0,5.0,0.0,0.0,0.0,0,0,0,0,confirm,480.0
rgv_h1,rgv,holdout,nsga2_typed,13502,1024,1024,1024,0.5079417899999044,1014,True,0.1341719360416564,0.0022086229568539,0.0024963720857143,0.5714285714285714,False,8.0,7.0,0.0022086229568539,0.0022086229763746,0.0024963720861881,0,0,0,0,confirm,0.0
tour_h3,tour,holdout,nsga2_typed,13512,1024,1024,1024,0.6686194300000352,984,True,0.1271166072277977,0.0010439807624482,0.0005611720294117,0.9411764705882352,False,16.0,17.0,0.0010439807624482,0.0010439807659043,0.0005611720312772,0,0,0,0,confirm,0.0
job_h1,job,holdout,no_uncertainty_linear,13509,1024,1024,1024,2.6041575310000558,882,True,0.0676244829096513,0.004748272546794,0.0031656740235294,0.8823529411764706,False,15.0,17.0,0.004748272546794,0.0047482725435619,0.003165674023424,0,0,15,2920,confirm,10.0
job_h4,job,holdout,no_uncertainty_linear,13505,1024,1024,1024,1.554087854000045,1006,True,0.084587423409082,0.0009081838042791,0.0010666202059123,0.8928571428571429,False,26.0,28.0,0.0009081838042791,0.0009081838040901,0.0010666202059482,0,0,15,5557,confirm,39.0
job_h4,job,holdout,guarded_linear,13506,1024,1024,1024,1.5315711339999325,995,True,0.0912070968332434,1.2358259734623114e-05,7.01011714285747e-05,0.9642857142857144,False,27.0,28.0,1.2358259734623114e-05,1.2358259674154405e-05,7.010117159754668e-05,0,0,15,5272,confirm,51.0
rgv_h3,rgv,holdout,raw_linear,13505,1024,1024,1024,1.6516517679999652,978,True,0.1449250486151778,0.0,0.0,1.0,True,4.0,4.0,0.0,0.0,0.0,0,0,15,4735,confirm,180.0
job_h1,job,holdout,no_uncertainty_linear,13505,1024,1024,1024,2.428709153,855,True,0.0625301108805715,0.004748272546794,0.0031656740235294,0.8823529411764706,False,15.0,17.0,0.004748272546794,0.0047482725435619,0.003165674023424,0,0,15,2711,confirm,12.0
rgv_h2,rgv,holdout,nsga2_guarded,13506,1024,1024,1024,1.3475388930000918,1016,True,0.0704980964786477,0.0,0.0,1.0,True,5.0,5.0,0.0,0.0,0.0,0,0,15,6400,confirm,279.0
job_h2,job,holdout,nsga2_guarded,13503,1024,1024,1024,1.513280975000043,996,True,0.1202735071406166,8.386807419515513e-06,8.005305862068943e-05,0.9310344827586208,False,27.0,29.0,8.386807419515513e-06,8.386807655327175e-06,8.005305940602124e-05,0,0,15,5596,confirm,77.0
rgv_h3,rgv,holdout,nsga2_typed,13512,1024,1024,1024,0.3958311510000385,1014,True,0.1132280581319928,0.0,0.0,1.0,True,4.0,4.0,0.0,0.0,0.0,0,0,0,0,confirm,0.0
rgv_h4,rgv,holdout,unguarded_linear,13507,1024,1024,1024,1.910022236000032,997,True,0.1110985409736591,0.0,0.0,1.0,True,12.0,12.0,0.0,0.0,0.0,0,0,15,5227,confirm,248.0
tour_h4,tour,holdout,scalar_linear,13502,1024,1024,1024,1.2983882070000163,1007,True,0.1026084859015369,0.0068418536496536,0.0036548829021458,0.8333333333333334,False,23.0,24.0,0.0068418536496536,0.006841853649845,0.0035086875863505,0,0,15,5504,confirm,569.0
tour_h1,tour,holdout,nsga2_guarded,13501,1024,1024,1024,1.526115665999896,986,True,0.1204564873194082,0.00020617925274,0.0001968325210526,0.9473684210526316,False,18.0,19.0,0.00020617925274,0.0002061792546505,0.0001968325225927,0,0,15,5109,confirm,55.0
rgv_h4,rgv,holdout,nsga2_typed,13507,1024,1024,1024,0.5360242849999395,1010,True,0.0956894706354285,0.0001949549903903,0.0002756697166666,0.9166666666666666,False,11.0,12.0,0.0001949549903903,0.0001949549891935,0.0002756697152494,0,0,0,0,confirm,0.0
job_h4,job,holdout,fast_v10,13502,1024,1024,1024,0.5943825429999379,998,True,0.1539136315560358,0.0065584557779907,0.0042370410630551,0.75,False,25.0,28.0,0.0065584557779907,0.0065584557830573,0.0042370410622668,0,0,0,0,confirm,0.0
tour_h4,tour,holdout,nsga2_guarded,13512,1024,1024,1024,1.5690368529999432,1013,True,0.0961145327782926,0.0005316761174288,0.0005446624333333,0.9583333333333334,False,23.0,24.0,0.0005316761174288,0.000531676118617,0.0005228759373336,0,0,15,6061,confirm,79.0
rgv_h3,rgv,holdout,nsga2_guarded,13506,1024,1024,1024,1.2095695689999957,1016,True,0.0886257008803289,0.0,0.0,1.0,True,4.0,4.0,0.0,0.0,0.0,0,0,15,5984,confirm,222.0
job_h3,job,holdout,nsga2_typed,13504,1024,1024,1024,0.6383910150000247,983,True,0.1420028274570823,0.0040703969551606,0.0024270628074337,0.782608695652174,False,22.0,23.0,0.0040703969551606,0.0040703969456045,0.0024270627982367,0,0,0,0,confirm,0.0
rgv_h3,rgv,holdout,unguarded_linear,13502,1024,1024,1024,1.7268019789999016,987,True,0.1288476942234384,0.0,0.0,1.0,True,4.0,4.0,0.0,0.0,0.0,0,0,15,5035,confirm,190.0
job_h2,job,holdout,scalar_linear,13502,1024,1024,1024,1.5014660290000847,992,True,0.0933900386578056,7.939082173807336e-06,7.486323793103451e-05,0.9655172413793104,False,28.0,29.0,7.939082173807336e-06,7.9390825540302e-06,7.486324034994274e-05,0,0,15,5183,confirm,531.0
tour_h4,tour,holdout,random_residual,13508,1024,1024,1024,0.9137212770001496,1014,True,0.1611096601924965,0.0076305683650529,0.0044007194980218,0.7916666666666666,False,23.0,24.0,0.0076305683650529,0.0076305683649196,0.0042246907193105,0,0,0,0,confirm,590.0
rgv_h1,rgv,holdout,fast_v10,13511,1024,1024,1024,0.6019452099999398,1008,True,0.1004580589632988,0.0,0.0,1.0,True,7.0,7.0,0.0,0.0,0.0,0,0,0,0,confirm,0.0
job_h3,job,holdout,scalar_linear,13501,1024,1024,1024,1.719448514000078,991,True,0.0919578994851033,0.0,0.0,1.0,True,23.0,23.0,0.0,0.0,0.0,0,0,15,5115,confirm,518.0
rgv_h1,rgv,holdout,scalar_linear,13507,1024,1024,1024,1.608836730999883,998,True,0.1016826876330835,0.0025007094745765,0.0005400540142857,0.8571428571428571,False,6.0,7.0,0.0025007094745765,0.0025007094330669,0.0005400540054005,0,0,15,5217,confirm,491.0
rgv_h3,rgv,holdout,unguarded_linear,13509,1024,1024,1024,1.686498118000145,991,True,0.1229672858399398,0.0,0.0,1.0,True,4.0,4.0,0.0,0.0,0.0,0,0,15,4854,confirm,181.0
tour_h4,tour,holdout,raw_linear,13511,1024,1024,1024,1.1021068160000596,1013,True,0.1113058527860894,0.0019635502927717,0.0018278756147939,0.9166666666666666,False,25.0,24.0,0.0019635502927717,0.0019635502901482,0.0017547605894271,0,0,15,5925,confirm,39.0
rgv_h1,rgv,holdout,no_uncertainty_linear,13510,1024,1024,1024,1.6748543589999372,1004,True,0.090321647883425,0.0025007094745765,0.0005400540142857,0.8571428571428571,False,6.0,7.0,0.0025007094745765,0.0025007094330669,0.0005400540054005,0,0,15,5253,confirm,165.0
job_h4,job,holdout,no_uncertainty_linear,13502,1024,1024,1024,1.6964981260000511,1000,True,0.0972387497640556,0.0014355068927832,0.0015770300523409,0.8571428571428571,False,25.0,28.0,0.0014355068927832,0.0014355068936416,0.001577030053062,0,0,15,5430,confirm,44.0
rgv_h2,rgv,holdout,nsga2_guarded,13507,1024,1024,1024,1.187844891000168,1021,True,0.108991935767565,0.0035162613478292,0.00111731844,0.8,False,4.0,5.0,0.0035162613478292,0.0035162613351353,0.0011173184357541,0,0,15,6427,confirm,306.0
job_h2,job,holdout,unguarded_linear,13503,1024,1024,1024,1.571102848999999,995,True,0.114677457282313,0.0034994876899296,0.0018786786068965,0.7931034482758621,False,24.0,29.0,0.0034994876899296,0.0034994876884377,0.0018786786090592,0,0,15,5451,confirm,76.0
rgv_h2,rgv,holdout,raw_linear,13502,1024,1024,1024,1.5102094220001163,996,True,0.14179037353461,0.0,0.0,1.0,True,5.0,5.0,0.0,0.0,0.0,0,0,15,4817,confirm,93.0
job_h4,job,holdout,nsga2_typed,13507,1024,1024,1024,0.5560122979998141,1004,True,0.1577222810705667,0.0079651869227446,0.0047660708928571,0.7142857142857143,False,21.0,28.0,0.0079651869227446,0.0079651869296663,0.0047660708944379,0,0,0,0,confirm,0.0
rgv_h2,rgv,holdout,nsga2_typed,13507,1024,1024,1024,0.4449446240000725,1022,True,0.1159608831889536,0.0014559519576639,0.0005405405399999,0.8,False,5.0,5.0,0.0014559519576639,0.0014559519590794,0.0005405405405405,0,0,0,0,confirm,0.0
job_h2,job,holdout,unguarded_linear,13509,1024,1024,1024,1.4737139119999938,1000,True,0.1093388454657535,0.0066064217744086,0.0033820971901844,0.8275862068965517,False,26.0,29.0,0.0066064217744086,0.0066064217699161,0.0033820971863748,0,0,15,5433,confirm,68.0
tour_h2,tour,holdout,no_uncertainty_linear,13511,1024,1024,1024,1.46681284400006,1002,True,0.0884546884542349,0.0,0.0,1.0,True,20.0,20.0,0.0,0.0,2.6433881538694198e-18,0,0,15,5666,confirm,33.0
rgv_h1,rgv,holdout,guarded_linear,13506,1024,1024,1024,1.8723596659999655,989,True,0.056763969689009,0.0025007094745765,0.0005400540142857,0.8571428571428571,False,6.0,7.0,0.0025007094745765,0.0025007094330669,0.0005400540054005,0,0,15,4738,confirm,170.0
tour_h3,tour,holdout,random_residual,13507,1024,1024,1024,1.540061794999929,973,True,0.0987081302067536,0.0015199456388592,0.0011156907821896,0.9411764705882352,False,17.0,17.0,0.0015199456388592,0.0015199456359826,0.0011156907824308,0,0,0,0,confirm,392.0
job_h3,job,holdout,raw_linear,13507,1024,1024,1024,1.2193611130001043,1001,True,0.0929967924747145,0.0013983821712593,0.0009407126913043,0.8695652173913043,False,21.0,23.0,0.0013983821712593,0.0013983821730188,0.0009407126904961,0,0,15,5626,confirm,15.0
job_h3,job,holdout,no_uncertainty_linear,13507,1024,1024,1024,1.6319531619999452,983,True,0.08656004358295,0.0007509637921502,0.0004110968467386,0.9130434782608696,False,22.0,23.0,0.0007509637921502,0.0007509637872225,0.0004110968437084,0,0,15,4841,confirm,35.0
rgv_h1,rgv,holdout,raw_linear,13506,1024,1024,1024,1.365351167999961,994,True,0.064953175192045,0.0019816942477348,0.000540054,0.8571428571428571,False,7.0,7.0,0.0019816942477348,0.0019816942677134,0.0005400540054005,0,0,15,4684,confirm,121.0
rgv_h2,rgv,holdout,no_uncertainty_linear,13505,1024,1024,1024,1.707953408999856,996,True,0.0940622276337535,0.0015520997357438,0.0005586592199999,0.8,False,5.0,5.0,0.0015520997357438,0.0015520997299621,0.000558659217877,0,0,15,5011,confirm,164.0
tour_h4,tour,holdout,fast_v10,13502,1024,1024,1024,0.5605075350001698,1001,True,0.0990588223898532,0.0076543699663595,0.0040783981876636,0.8333333333333334,False,22.0,24.0,0.0076543699663595,0.0076543699660794,0.0039152622602449,0,0,0,0,confirm,0.0
job_h4,job,holdout,random_residual,13504,1024,1024,1024,1.0393388390000382,1004,True,0.137573429888336,0.0130309694397818,0.007024832427077,0.7142857142857143,False,26.0,28.0,0.0130309694397818,0.0130309694355123,0.0070248324233412,0,0,0,0,confirm,558.0
tour_h2,tour,holdout,guarded_linear,13507,1024,1024,1024,1.4738481350000256,1004,True,0.0948493107780323,0.0,0.0,1.0,True,20.0,20.0,0.0,0.0,2.6433881538694198e-18,0,0,15,5579,confirm,40.0
tour_h4,tour,holdout,nsga2_guarded,13509,1024,1024,1024,1.4168468490001942,1004,True,0.1313362348487636,0.0008734845746699,0.0005483080243836,0.9166666666666666,False,23.0,24.0,0.0008734845746699,0.0008734845659997,0.0005263756995441,0,0,15,5829,confirm,58.0
tour_h3,tour,holdout,scalar_linear,13508,1024,1024,1024,1.9956280480000717,935,True,0.0903773923697762,0.0035968100375773,0.0019918900352941,0.8823529411764706,False,16.0,17.0,0.0035968100375773,0.0035968100349853,0.0019918900338019,0,0,15,3439,confirm,291.0
rgv_h4,rgv,holdout,fast_v10,13507,1024,1024,1024,0.710827886000061,996,True,0.1109305356440779,0.0001949549903903,0.0002756697166666,0.9166666666666666,False,11.0,12.0,0.0001949549903903,0.0001949549891935,0.0002756697152494,0,0,0,0,confirm,0.0
rgv_h2,rgv,holdout,raw_linear,13510,1024,1024,1024,1.4194290840000576,982,True,0.1142196666760718,0.0035162613478292,0.00111731844,0.8,False,4.0,5.0,0.0035162613478292,0.0035162613351353,0.0011173184357541,0,0,15,4357,confirm,70.0
job_h4,job,holdout,nsga2_typed,13506,1024,1024,1024,0.4763116219999119,1010,True,0.1302046378945094,0.0074567325634134,0.0046820041,0.6785714285714286,False,20.0,28.0,0.0074567325634134,0.0074567325644701,0.0046820040928623,0,0,0,0,confirm,0.0
tour_h4,tour,holdout,fast_v10,13506,1024,1024,1024,0.5605671289999918,994,True,0.1451919372336975,0.009982188536293,0.0060051485104792,0.75,False,21.0,24.0,0.009982188536293,0.0099821885326206,0.0057649425662273,0,0,0,0,confirm,0.0
rgv_h3,rgv,holdout,guarded_linear,13501,1024,1024,1024,1.7742577819999497,971,True,0.0774179603572938,0.0,0.0,1.0,True,4.0,4.0,0.0,0.0,0.0,0,0,15,4776,confirm,212.0
job_h1,job,holdout,unguarded_linear,13511,1024,1024,1024,2.2664875479999864,889,True,0.0971859900230843,0.004748272546794,0.0031656740235294,0.8823529411764706,False,15.0,17.0,0.004748272546794,0.0047482725435619,0.003165674023424,0,0,15,2867,confirm,13.0
rgv_h3,rgv,holdout,nsga2_guarded,13510,1024,1024,1024,1.2181879279999066,1019,True,0.1594576038351549,0.0,0.0,1.0,True,4.0,4.0,0.0,0.0,0.0,0,0,15,6212,confirm,268.0
tour_h1,tour,holdout,raw_linear,13501,1024,1024,1024,1.753971526999976,969,True,0.1268097516754233,0.000516779638529,0.0009265511473684,0.8421052631578947,False,16.0,19.0,0.000516779638529,0.0005167796401188,0.0009265511480223,0,0,15,4263,confirm,23.0
rgv_h1,rgv,holdout,scalar_linear,13509,1024,1024,1024,1.3173530469998695,1019,True,0.1166299648813133,0.0,0.0,1.0,True,7.0,7.0,0.0,0.0,0.0,0,0,15,6151,confirm,607.0
rgv_h3,rgv,holdout,unguarded_linear,13503,1024,1024,1024,1.928613523999957,1000,True,0.0732921386674555,0.0,0.0,1.0,True,4.0,4.0,0.0,0.0,0.0,0,0,15,4473,confirm,180.0
job_h1,job,holdout,raw_linear,13511,1024,1024,1024,2.154965559999937,883,True,0.0915833529110797,0.0026567328552364,0.0020157991647058,0.8823529411764706,False,16.0,17.0,0.0026567328552364,0.0026567328587187,0.0020157991663639,0,0,15,3225,confirm,25.0
job_h2,job,holdout,fast_v10,13510,1024,1024,1024,0.6779258359999858,983,True,0.1487406455835682,0.0102184668326912,0.0047863029275862,0.7241379310344828,False,22.0,29.0,0.0102184668326912,0.0102184668370076,0.0047863029275868,0,0,0,0,confirm,0.0
rgv_h2,rgv,holdout,no_uncertainty_linear,13512,1024,1024,1024,1.7865509110001767,989,True,0.0750867782902657,0.0035162613478292,0.00111731844,0.8,False,4.0,5.0,0.0035162613478292,0.0035162613351353,0.0011173184357541,0,0,15,5060,confirm,162.0
rgv_h2,rgv,holdout,raw_linear,13508,1024,1024,1024,1.4854975349999222,997,True,0.092539286168618,0.0,0.0,1.0,True,5.0,5.0,0.0,0.0,0.0,0,0,15,5106,confirm,113.0
tour_h1,tour,holdout,no_uncertainty_linear,13510,1024,1024,1024,1.925750778000065,973,True,0.0924407608070982,0.00020617925274,0.0001968325210526,0.9473684210526316,False,18.0,19.0,0.00020617925274,0.0002061792546505,0.0001968325225927,0,0,15,4384,confirm,31.0
tour_h2,tour,holdout,scalar_linear,13501,1024,1024,1024,1.6182356809999874,996,True,0.0885217599747003,0.0,0.0,1.0,True,20.0,20.0,0.0,0.0,2.6433881538694198e-18,0,0,15,5498,confirm,565.0
job_h4,job,holdout,raw_linear,13511,1024,1024,1024,1.3564072379999743,1001,True,0.1280961097064926,0.0168922330042217,0.0083454226877913,0.75,False,25.0,28.0,0.0168922330042217,0.0168922330016557,0.0083454226862639,0,0,15,5220,confirm,11.0
tour_h1,tour,holdout,fast_v10,13505,1024,1024,1024,0.8170849699999962,954,True,0.1185358312754614,0.000205067463522,0.0004791522421052,0.9473684210526316,False,18.0,19.0,0.000205067463522,0.000205067463398,0.0004791522419502,0,0,0,0,confirm,0.0
job_h1,job,holdout,no_uncertainty_linear,13503,1024,1024,1024,2.514662360000102,882,True,0.0606257167734122,0.004748272546794,0.0031656740235294,0.8823529411764706,False,15.0,17.0,0.004748272546794,0.0047482725435619,0.003165674023424,0,0,15,2732,confirm,9.0
rgv_h4,rgv,holdout,random_residual,13510,1024,1024,1024,1.267188584999985,1006,True,0.1499326860651733,0.0478299130323165,0.0043532338333333,0.8333333333333334,False,10.0,12.0,0.0478299130323165,0.0478299130105104,0.0043532338308457,0,0,0,0,confirm,539.0
rgv_h4,rgv,holdout,nsga2_typed,13510,1024,1024,1024,0.4616673969999283,1012,True,0.123047991675478,0.0003784420394762,0.0005351235666666,0.9166666666666666,False,12.0,12.0,0.0003784420394762,0.0003784420378461,0.0005351235648958,0,0,0,0,confirm,0.0
tour_h1,tour,holdout,scalar_linear,13510,1024,1024,1024,1.981313787999852,954,True,0.1152096262893788,0.000516779638529,0.0009265511473684,0.8421052631578947,False,16.0,19.0,0.000516779638529,0.0005167796401188,0.0009265511480223,0,0,15,3886,confirm,355.0
job_h1,job,holdout,fast_v10,13512,1024,1024,1024,1.180405164999911,857,True,0.1099581225754377,0.0137341183546597,0.0077052480011501,0.7058823529411765,False,14.0,17.0,0.0137341183546597,0.0137341183560678,0.0077052480029633,0,0,0,0,confirm,0.0
job_h1,job,holdout,scalar_linear,13512,1024,1024,1024,2.445438233999994,855,True,0.1072937642681169,0.011084124460108,0.0056936720717384,0.7647058823529411,False,14.0,17.0,0.011084124460108,0.0110841244574324,0.0056936720715158,0,0,15,2610,confirm,169.0
job_h2,job,holdout,fast_v10,13512,1024,1024,1024,0.6526651410001705,985,True,0.1165400348756259,0.027413225884487,0.0108438869100505,0.6206896551724138,False,23.0,29.0,0.027413225884487,0.0274132258888318,0.0108438869099073,0,0,0,0,confirm,0.0
job_h4,job,holdout,unguarded_linear,13503,1024,1024,1024,1.4692405930002224,1001,True,0.1035867986702561,0.002166798780489,0.0018474390880551,0.8214285714285714,False,24.0,28.0,0.002166798780489,0.0021667987864183,0.0018474390896872,0,0,15,5527,confirm,45.0
job_h1,job,holdout,fast_v10,13510,1024,1024,1024,1.1947090470000603,876,True,0.098468456356745,0.004748272546794,0.0031656740235294,0.8823529411764706,False,15.0,17.0,0.004748272546794,0.0047482725435619,0.003165674023424,0,0,0,0,confirm,0.0
rgv_h4,rgv,holdout,random_residual,13511,1024,1024,1024,1.3147998739998457,1008,True,0.0799264423352015,0.0,0.0,1.0,True,12.0,12.0,0.0,0.0,0.0,0,0,0,0,confirm,546.0
tour_h4,tour,holdout,guarded_linear,13508,1024,1024,1024,1.6339391819999491,1005,True,0.120005726392822,0.0068418536496536,0.0036548829021458,0.8333333333333334,False,23.0,24.0,0.0068418536496536,0.006841853649845,0.0035086875863505,0,0,15,5735,confirm,59.0
tour_h4,tour,holdout,nsga2_typed,13510,1024,1024,1024,0.5764473360000011,999,True,0.1876945265196569,0.0076543699663595,0.0040783981876636,0.8333333333333334,False,22.0,24.0,0.0076543699663595,0.0076543699660794,0.0039152622602449,0,0,0,0,confirm,0.0
rgv_h4,rgv,holdout,unguarded_linear,13510,1024,1024,1024,1.5708644500000446,1015,True,0.1503809105311826,0.0478299130323165,0.0043532338333333,0.8333333333333334,False,10.0,12.0,0.0478299130323165,0.0478299130105104,0.0043532338308457,0,0,15,5736,confirm,215.0
rgv_h1,rgv,holdout,unguarded_linear,13508,1024,1024,1024,2.0468485450001026,1002,True,0.0634748807048226,0.0044824037223114,0.0010801080142857,0.7142857142857143,False,6.0,7.0,0.0044824037223114,0.0044824037007804,0.001080108010801,0,0,15,5020,confirm,165.0
job_h2,job,holdout,nsga2_typed,13507,1024,1024,1024,0.7437822560000313,986,True,0.1563038197546916,0.015023036947736,0.006876600410442,0.7241379310344828,False,25.0,29.0,0.015023036947736,0.0150230369441435,0.0068766004037059,0,0,0,0,confirm,0.0
job_h2,job,holdout,fast_v10,13505,1024,1024,1024,0.5474923560000207,978,True,0.1452073868298288,0.0199456075518234,0.0081933442843689,0.6206896551724138,False,21.0,29.0,0.0199456075518234,0.0199456075606039,0.0081933442885129,0,0,0,0,confirm,0.0
job_h3,job,holdout,no_uncertainty_linear,13503,1024,1024,1024,1.7813567870000495,976,True,0.0821076639694924,0.0003623646267583,0.000135680847826,0.9565217391304348,False,22.0,23.0,0.0003623646267583,0.0003623646309846,0.0001356808494088,0,0,15,5018,confirm,30.0
job_h2,job,holdout,nsga2_typed,13506,1024,1024,1024,0.5332566990000487,1001,True,0.1793175457510028,0.014881090286746,0.0056809556573546,0.7586206896551724,False,25.0,29.0,0.014881090286746,0.0148810902831061,0.005680955652476,0,0,0,0,confirm,0.0
rgv_h4,rgv,holdout,guarded_linear,13511,1024,1024,1024,1.6442718719999905,1007,True,0.0902775201456569,0.0003784420394762,0.0005351235666666,0.9166666666666666,False,12.0,12.0,0.0003784420394762,0.0003784420378461,0.0005351235648958,0,0,15,5310,confirm,238.0
tour_h2,tour,holdout,no_uncertainty_linear,13506,1024,1024,1024,1.583072656000013,1009,True,0.1045454493024624,0.0,0.0,1.0,True,20.0,20.0,0.0,0.0,2.6433881538694198e-18,0,0,15,5408,confirm,32.0
rgv_h3,rgv,holdout,scalar_linear,13502,1024,1024,1024,1.6960597919999143,998,True,0.1622611282596223,0.0,0.0,1.0,True,4.0,4.0,0.0,0.0,0.0,0,0,15,5180,confirm,486.0
rgv_h4,rgv,holdout,fast_v10,13512,1024,1024,1024,0.7035573600001044,1008,True,0.0524123300323651,0.0014982864311507,0.0006324187583333,0.9166666666666666,False,11.0,12.0,0.0014982864311507,0.0014982864316546,0.0006324187585133,0,0,0,0,confirm,0.0
tour_h1,tour,holdout,fast_v10,13504,1024,1024,1024,0.7969375329998911,973,True,0.1172038012773479,0.00020617925274,0.0001968325210526,0.9473684210526316,False,18.0,19.0,0.00020617925274,0.0002061792546505,0.0001968325225927,0,0,0,0,confirm,0.0
tour_h1,tour,holdout,unguarded_linear,13508,1024,1024,1024,1.9333173370000625,971,True,0.0829526530205592,0.0004954870521802,0.0008728172842105,0.8947368421052632,False,17.0,19.0,0.0004954870521802,0.0004954870546022,0.0008728172871358,0,0,15,4223,confirm,36.0
job_h4,job,holdout,nsga2_guarded,13503,1024,1024,1024,1.4626739839998208,993,True,0.1138704616183164,0.010419138029288,0.0061692549479364,0.75,False,26.0,28.0,0.010419138029288,0.0104191380218708,0.0061692549419548,0,0,15,5720,confirm,76.0
job_h1,job,holdout,unguarded_linear,13512,1024,1024,1024,2.6769414499999584,854,True,0.1103878009516593,0.0157224129972354,0.0086864005835031,0.6470588235294118,False,13.0,17.0,0.0157224129972354,0.0157224129954384,0.0086864005837198,0,0,15,2680,confirm,17.0
tour_h4,tour,holdout,fast_v10,13501,1024,1024,1024,0.5698610229999304,1007,True,0.1684748827343278,0.0072092793293493,0.0039819754729792,0.75,False,21.0,24.0,0.0072092793293493,0.0072092793254265,0.0038226964548044,0,0,0,0,confirm,0.0
job_h3,job,holdout,guarded_linear,13505,1024,1024,1024,1.80387024200013,983,True,0.0792823331640645,0.0003623646267583,0.000135680847826,0.9565217391304348,False,22.0,23.0,0.0003623646267583,0.0003623646309846,0.0001356808494088,0,0,15,4829,confirm,37.0
tour_h4,tour,holdout,no_uncertainty_linear,13510,1024,1024,1024,1.6282203160001243,1003,True,0.1206332346382847,0.0068418536496536,0.0036548829021458,0.8333333333333334,False,23.0,24.0,0.0068418536496536,0.006841853649845,0.0035086875863505,0,0,15,5594,confirm,55.0
tour_h1,tour,holdout,random_residual,13506,1024,1024,1024,1.7096224370000073,980,True,0.1782597469220034,0.000516779638529,0.0009265511473684,0.8421052631578947,False,16.0,19.0,0.000516779638529,0.0005167796401188,0.0009265511480223,0,0,0,0,confirm,422.0
job_h2,job,holdout,raw_linear,13511,1024,1024,1024,1.4732422399999905,991,True,0.1281222127687099,0.0267334000592562,0.0106055843789565,0.6551724137931034,False,22.0,29.0,0.0267334000592562,0.0267334000508777,0.0106055843729331,0,0,15,5108,confirm,28.0
rgv_h4,rgv,holdout,raw_linear,13502,1024,1024,1024,1.1447645399998692,1010,True,0.1094828228151905,0.0014982864311507,0.0006324187583333,0.9166666666666666,False,12.0,12.0,0.0014982864311507,0.0014982864316546,0.0006324187585133,0,0,15,4282,confirm,82.0
rgv_h1,rgv,holdout,raw_linear,13504,1024,1024,1024,1.1657435700001315,1011,True,0.0962976244221693,0.0,0.0,1.0,True,7.0,7.0,0.0,0.0,0.0,0,0,15,6001,confirm,84.0
job_h4,job,holdout,fast_v10,13501,1024,1024,1024,0.6380467460001,1000,True,0.1727780630636939,0.0113581302732771,0.0071125285270771,0.6071428571428571,False,23.0,28.0,0.0113581302732771,0.0113581302706899,0.0071125285225367,0,0,0,0,confirm,0.0
job_h2,job,holdout,guarded_linear,13503,1024,1024,1024,1.5012749049999456,995,True,0.114677457282313,0.0034994876899296,0.0018786786068965,0.7931034482758621,False,24.0,29.0,0.0034994876899296,0.0034994876884377,0.0018786786090592,0,0,15,5451,confirm,76.0
tour_h3,tour,holdout,fast_v10,13508,1024,1024,1024,1.03051110399997,936,True,0.0930142693712405,9.35798432435786e-06,6.120582352941341e-05,0.9411764705882352,False,16.0,17.0,9.35798432435786e-06,9.35798359623038e-06,6.120581935836102e-05,0,0,0,0,confirm,0.0
rgv_h1,rgv,holdout,no_uncertainty_linear,13511,1024,1024,1024,1.6375893760000508,1011,True,0.0820125745470961,0.0019816942477348,0.000540054,0.8571428571428571,False,7.0,7.0,0.0019816942477348,0.0019816942677134,0.0005400540054005,0,0,15,5596,confirm,245.0
tour_h2,tour,holdout,no_uncertainty_linear,13503,1024,1024,1024,1.681772522999836,1004,True,0.1062713421726785,0.0,0.0,1.0,True,20.0,20.0,0.0,0.0,2.6433881538694198e-18,0,0,15,5384,confirm,28.0
job_h1,job,holdout,nsga2_guarded,13509,1024,1024,1024,2.169849202000023,938,True,0.1253212080743267,0.0,0.0,1.0,True,17.0,17.0,0.0,0.0,0.0,0,0,15,4195,confirm,40.0
job_h2,job,holdout,guarded_linear,13502,1024,1024,1024,1.700572437000119,992,True,0.0760058145176779,3.092182119770471e-05,0.0001545926793103,0.9310344827586208,False,27.0,29.0,3.092182119770471e-05,3.092182194686694e-05,0.0001545926829888,0,0,15,5263,confirm,60.0
tour_h4,tour,holdout,guarded_linear,13507,1024,1024,1024,1.5321996940001554,1014,True,0.0676751289599112,0.0,0.0,1.0,True,24.0,24.0,0.0,0.0,2.220446049250313e-18,0,0,15,5935,confirm,49.0
tour_h2,tour,holdout,raw_linear,13507,1024,1024,1024,1.1785204129998874,1002,True,0.1027407507135317,0.0,0.0,1.0,True,20.0,20.0,0.0,0.0,2.6433881538694198e-18,0,0,15,5380,confirm,29.0
rgv_h4,rgv,holdout,raw_linear,13508,1024,1024,1024,1.6361329169999408,984,True,0.0554611680705057,0.0094880006106022,0.0076678051749999,0.5833333333333334,False,7.0,12.0,0.0094880006106022,0.0094880006064248,0.0076678051656486,0,0,15,4146,confirm,135.0
tour_h1,tour,holdout,guarded_linear,13502,1024,1024,1024,1.7732647589998578,997,True,0.1000270578557908,0.0,0.0,1.0,True,19.0,19.0,0.0,0.0,0.0,0,0,15,5029,confirm,43.0
rgv_h4,rgv,holdout,no_uncertainty_linear,13503,1024,1024,1024,2.092096007000009,994,True,0.1485155926486168,0.0001949549903903,0.0002756697166666,0.9166666666666666,False,11.0,12.0,0.0001949549903903,0.0001949549891935,0.0002756697152494,0,0,15,4537,confirm,165.0
tour_h2,tour,holdout,nsga2_typed,13511,1024,1024,1024,0.5856785680000485,995,True,0.1660787018813335,5.5676765458854645e-06,3.58694100000001e-05,0.95,False,19.0,20.0,5.5676765458854645e-06,5.567676064716224e-06,3.416134000703259e-05,0,0,0,0,confirm,0.0
tour_h2,tour,holdout,unguarded_linear,13511,1024,1024,1024,1.3643111619999218,1004,True,0.0964557361243876,0.0,0.0,1.0,True,20.0,20.0,0.0,0.0,2.6433881538694198e-18,0,0,15,5469,confirm,35.0
rgv_h2,rgv,holdout,raw_linear,13505,1024,1024,1024,1.7383404590000282,974,True,0.0931054199470217,0.0,0.0,1.0,True,5.0,5.0,0.0,0.0,0.0,0,0,15,4778,confirm,127.0
job_h2,job,holdout,guarded_linear,13508,1024,1024,1024,1.546053886999971,989,True,0.1395668386841691,0.0007375079693663,0.0010219937724137,0.8275862068965517,False,24.0,29.0,0.0007375079693663,0.0007375079663834,0.0010219937713443,0,0,15,5164,confirm,61.0
rgv_h1,rgv,holdout,scalar_linear,13510,1024,1024,1024,2.0153660389999004,991,True,0.1114201760629088,0.0025007094745765,0.0005400540142857,0.8571428571428571,False,6.0,7.0,0.0025007094745765,0.0025007094330669,0.0005400540054005,0,0,15,4844,confirm,441.0
tour_h1,tour,holdout,unguarded_linear,13507,1024,1024,1024,1.968495442999938,988,True,0.0944761516415439,0.0,0.0,1.0,True,19.0,19.0,0.0,0.0,0.0,0,0,15,4591,confirm,34.0
tour_h4,tour,holdout,fast_v10,13511,1024,1024,1024,0.4791112269999757,1008,True,0.1137017572328807,0.0053378180612399,0.0030781010896824,0.7916666666666666,False,23.0,24.0,0.0053378180612399,0.0053378180617442,0.0029549770447714,0,0,0,0,confirm,0.0
rgv_h1,rgv,holdout,guarded_linear,13512,1024,1024,1024,1.5335181929999635,1018,True,0.0778116747802844,0.0019816942477348,0.000540054,0.8571428571428571,False,7.0,7.0,0.0019816942477348,0.0019816942677134,0.0005400540054005,0,0,15,5861,confirm,270.0
job_h2,job,holdout,raw_linear,13506,1024,1024,1024,1.1917382719998386,1011,True,0.1187392688694615,0.0012009349219463,0.0013342703551724,0.8620689655172413,False,27.0,29.0,0.0012009349219463,0.0012009349233418,0.0013342703583402,0,0,15,5770,confirm,41.0
rgv_h4,rgv,holdout,raw_linear,13506,1024,1024,1024,1.5913896619999832,976,True,0.1100851190611648,0.0094880006106022,0.0076678051749999,0.5833333333333334,False,7.0,12.0,0.0094880006106022,0.0094880006064248,0.0076678051656486,0,0,15,3970,confirm,119.0
tour_h4,tour,holdout,random_residual,13502,1024,1024,1024,0.9117138870001328,1015,True,0.1083511954338348,0.0099894829925222,0.0050031551011669,0.7916666666666666,False,22.0,24.0,0.0099894829925222,0.0099894829923954,0.004803028898973,0,0,0,0,confirm,581.0
tour_h2,tour,holdout,nsga2_typed,13501,1024,1024,1024,0.4722436540000672,1007,True,0.15512877234316,0.0027450305573512,0.003261958595,0.75,False,16.0,20.0,0.0027450305573512,0.0027450305598188,0.0031066272309758,0,0,0,0,confirm,0.0
tour_h4,tour,holdout,no_uncertainty_linear,13507,1024,1024,1024,1.4245099079998909,1014,True,0.0741593858114883,0.0,0.0,1.0,True,24.0,24.0,0.0,0.0,2.220446049250313e-18,0,0,15,5906,confirm,52.0
tour_h2,tour,holdout,guarded_linear,13512,1024,1024,1024,1.3740504879999662,1005,True,0.1013088569238298,0.0,0.0,1.0,True,20.0,20.0,0.0,0.0,2.6433881538694198e-18,0,0,15,5576,confirm,40.0
job_h4,job,holdout,scalar_linear,13501,1024,1024,1024,1.4236002600000577,1004,True,0.1266835993789175,0.0023432023613388,0.0022245841059123,0.8571428571428571,False,25.0,28.0,0.0023432023613388,0.0023432023585985,0.0022245841045557,0,0,15,5727,confirm,574.0
tour_h3,tour,holdout,fast_v10,13512,1024,1024,1024,0.9374286949998804,938,True,0.1125150969711437,9.35798432435786e-06,6.120582352941341e-05,0.9411764705882352,False,16.0,17.0,9.35798432435786e-06,9.35798359623038e-06,6.120581935836102e-05,0,0,0,0,confirm,0.0
tour_h3,tour,holdout,random_residual,13503,1024,1024,1024,1.6513397189999068,952,True,0.1377378939331792,0.0,0.0,1.0,True,17.0,17.0,0.0,0.0,0.0,0,0,0,0,confirm,372.0
tour_h3,tour,holdout,unguarded_linear,13502,1024,1024,1024,1.9147000600000863,959,True,0.0691242666729503,9.35798432435786e-06,6.120582352941341e-05,0.9411764705882352,False,16.0,17.0,9.35798432435786e-06,9.35798359623038e-06,6.120581935836102e-05,0,0,15,4314,confirm,39.0
tour_h1,tour,holdout,nsga2_typed,13502,1024,1024,1024,0.529643755999814,1003,True,0.1874688126750877,0.0004954870521802,0.0008728172842105,0.8947368421052632,False,17.0,19.0,0.0004954870521802,0.0004954870546022,0.0008728172871358,0,0,0,0,confirm,0.0
tour_h1,tour,holdout,nsga2_typed,13506,1024,1024,1024,0.5551518899999337,1007,True,0.1836996399192814,0.0004954870521802,0.0008728172842105,0.8947368421052632,False,17.0,19.0,0.0004954870521802,0.0004954870546022,0.0008728172871358,0,0,0,0,confirm,0.0
rgv_h1,rgv,holdout,unguarded_linear,13506,1024,1024,1024,1.983116174000088,989,True,0.056763969689009,0.0025007094745765,0.0005400540142857,0.8571428571428571,False,6.0,7.0,0.0025007094745765,0.0025007094330669,0.0005400540054005,0,0,15,4738,confirm,170.0
job_h4,job,holdout,fast_v10,13507,1024,1024,1024,0.6077498500001184,997,True,0.1432305447630083,0.0044529162336822,0.0035245873892857,0.7142857142857143,False,20.0,28.0,0.0044529162336822,0.0044529162358971,0.0035245873846167,0,0,0,0,confirm,0.0
job_h4,job,holdout,unguarded_linear,13509,1024,1024,1024,1.478403963999881,998,True,0.11348197483115,0.0017299164243192,0.0014201880464285,0.8214285714285714,False,23.0,28.0,0.0017299164243192,0.0017299164286755,0.0014201880444318,0,0,15,5434,confirm,53.0
job_h3,job,holdout,raw_linear,13508,1024,1024,1024,1.6373137180000867,973,True,0.0997513329138058,0.0003623646267583,0.000135680847826,0.9565217391304348,False,22.0,23.0,0.0003623646267583,0.0003623646309846,0.0001356808494088,0,0,15,4715,confirm,16.0
job_h2,job,holdout,random_residual,13506,1024,1024,1024,1.1358589129999928,986,True,0.1525554597601773,0.0013259514890329,0.0013530802793712,0.8275862068965517,False,26.0,29.0,0.0013259514890329,0.0013259514867009,0.0013530802783956,0,0,0,0,confirm,537.0
tour_h3,tour,holdout,random_residual,13511,1024,1024,1024,2.038047407000022,943,True,0.0745345076244272,0.0,0.0,1.0,True,17.0,17.0,0.0,0.0,0.0,0,0,0,0,confirm,354.0
rgv_h1,rgv,holdout,nsga2_typed,13510,1024,1024,1024,0.3805142729997897,1016,True,0.1509486406696112,0.0025007094745765,0.0005400540142857,0.8571428571428571,False,6.0,7.0,0.0025007094745765,0.0025007094330669,0.0005400540054005,0,0,0,0,confirm,0.0
tour_h2,tour,holdout,random_residual,13502,1024,1024,1024,1.0667614439998945,999,True,0.1118143382824383,0.0001031751284101,4.3553725e-05,0.95,False,19.0,20.0,0.0001031751284101,0.0001031751313887,4.1479739292835765e-05,0,0,0,0,confirm,508.0
job_h1,job,holdout,scalar_linear,13501,1024,1024,1024,2.6907267740000407,871,True,0.05820417681907,0.004748272546794,0.0031656740235294,0.8823529411764706,False,15.0,17.0,0.004748272546794,0.0047482725435619,0.003165674023424,0,0,15,2706,confirm,174.0
tour_h3,tour,holdout,scalar_linear,13503,1024,1024,1024,2.1794582300001366,918,True,0.1169606068681177,0.0010439807624482,0.0005611720294117,0.9411764705882352,False,16.0,17.0,0.0010439807624482,0.0010439807659043,0.0005611720312772,0,0,15,3488,confirm,297.0
rgv_h3,rgv,holdout,fast_v10,13501,1024,1024,1024,0.731742899999972,988,True,0.0755870872636132,0.0,0.0,1.0,True,4.0,4.0,0.0,0.0,0.0,0,0,0,0,confirm,0.0
tour_h3,tour,holdout,nsga2_typed,13507,1024,1024,1024,0.6365597869998965,994,True,0.1296118037963645,0.0039482141928044,0.0020925543470588,0.8823529411764706,False,16.0,17.0,0.0039482141928044,0.0039482141897238,0.0020925543454412,0,0,0,0,confirm,0.0
tour_h4,tour,holdout,no_uncertainty_linear,13503,1024,1024,1024,1.3973477170000024,1002,True,0.1025172732725218,0.0068418536496536,0.0036548829021458,0.8333333333333334,False,23.0,24.0,0.0068418536496536,0.006841853649845,0.0035086875863505,0,0,15,5730,confirm,41.0
rgv_h1,rgv,holdout,raw_linear,13507,1024,1024,1024,1.43615415499994,997,True,0.0940545128024333,0.0025007094745765,0.0005400540142857,0.8571428571428571,False,6.0,7.0,0.0025007094745765,0.0025007094330669,0.0005400540054005,0,0,15,4724,confirm,71.0
tour_h2,tour,holdout,unguarded_linear,13501,1024,1024,1024,1.5677657199998976,1004,True,0.0931925389337189,0.0,0.0,1.0,True,20.0,20.0,0.0,0.0,2.6433881538694198e-18,0,0,15,5549,confirm,22.0
tour_h3,tour,holdout,raw_linear,13503,1024,1024,1024,1.7224948619998486,951,True,0.1227427574804703,0.0010439807624482,0.0005611720294117,0.9411764705882352,False,17.0,17.0,0.0010439807624482,0.0010439807659043,0.0005611720312772,0,0,15,4191,confirm,54.0
rgv_h4,rgv,holdout,nsga2_typed,13504,1024,1024,1024,0.5617616910001288,1008,True,0.0967489076733093,0.0001949549903903,0.0002756697166666,0.9166666666666666,False,11.0,12.0,0.0001949549903903,0.0001949549891935,0.0002756697152494,0,0,0,0,confirm,0.0
job_h2,job,holdout,random_residual,13504,1024,1024,1024,1.3349065780000728,987,True,0.1376517832705507,0.0229636956725105,0.0084613987737839,0.6896551724137931,False,22.0,29.0,0.0229636956725105,0.0229636956601286,0.0084613987665232,0,0,0,0,confirm,489.0
job_h1,job,holdout,no_uncertainty_linear,13511,1024,1024,1024,2.7483560329999364,870,True,0.0957267713906088,0.004748272546794,0.0031656740235294,0.8823529411764706,False,15.0,17.0,0.004748272546794,0.0047482725435619,0.003165674023424,0,0,15,2838,confirm,11.0
rgv_h1,rgv,holdout,unguarded_linear,13510,1024,1024,1024,2.1126630100000057,985,True,0.0900900008546632,0.0025007094745765,0.0005400540142857,0.8571428571428571,False,6.0,7.0,0.0025007094745765,0.0025007094330669,0.0005400540054005,0,0,15,4953,confirm,166.0
rgv_h1,rgv,holdout,scalar_linear,13505,1024,1024,1024,1.8201381280000533,1002,True,0.0708218661472848,0.0,0.0,1.0,True,7.0,7.0,0.0,0.0,0.0,0,0,15,5173,confirm,522.0
job_h4,job,holdout,unguarded_linear,13501,1024,1024,1024,1.4394988340000054,1003,True,0.1183324032558833,0.0014355068927832,0.0015770300523409,0.8571428571428571,False,25.0,28.0,0.0014355068927832,0.0014355068936416,0.001577030053062,0,0,15,5534,confirm,57.0
tour_h1,tour,holdout,scalar_linear,13502,1024,1024,1024,1.9187061679999715,971,True,0.1106836718306275,0.001673801330323,0.0007392683052631,0.9473684210526316,False,18.0,19.0,0.001673801330323,0.0016738013252025,0.0007392683030071,0,0,15,4311,confirm,406.0
rgv_h1,rgv,holdout,random_residual,13501,1024,1024,1024,1.5846580209999956,990,True,0.0447649456814466,0.0082570594847032,0.0021087823142857,0.7142857142857143,False,5.0,7.0,0.0082570594847032,0.0082570594488059,0.002108782306802,0,0,0,0,confirm,411.0
tour_h4,tour,holdout,random_residual,13505,1024,1024,1024,1.024239568999974,1001,True,0.1191446140696125,0.0068418536496536,0.0036548829021458,0.8333333333333334,False,23.0,24.0,0.0068418536496536,0.006841853649845,0.0035086875863505,0,0,0,0,confirm,574.0
job_h1,job,holdout,unguarded_linear,13507,1024,1024,1024,2.380731525999863,881,True,0.0874995343398491,0.004748272546794,0.0031656740235294,0.8823529411764706,False,15.0,17.0,0.004748272546794,0.0047482725435619,0.003165674023424,0,0,15,2853,confirm,11.0
job_h3,job,holdout,nsga2_typed,13505,1024,1024,1024,0.6139138749999802,985,True,0.1581020763045099,0.0030701443328891,0.0030282966391304,0.8260869565217391,False,19.0,23.0,0.0030701443328891,0.0030701443358436,0.003028296640055,0,0,0,0,confirm,0.0
rgv_h3,rgv,holdout,guarded_linear,13503,1024,1024,1024,1.8941734249999629,1000,True,0.0732921386674555,0.0,0.0,1.0,True,4.0,4.0,0.0,0.0,0.0,0,0,15,4473,confirm,180.0
job_h1,job,holdout,nsga2_guarded,13501,1024,1024,1024,2.160524993000081,907,True,0.1057710949588362,0.004748272546794,0.0031656740235294,0.8823529411764706,False,15.0,17.0,0.004748272546794,0.0047482725435619,0.003165674023424,0,0,15,3581,confirm,35.0
rgv_h1,rgv,holdout,nsga2_typed,13501,1024,1024,1024,0.4230515360000026,1013,True,0.0801249321316655,0.0154513736011526,0.0058381038388515,0.5714285714285714,False,5.0,7.0,0.0154513736011526,0.0154513735590307,0.0058381038277119,0,0,0,0,confirm,0.0
tour_h1,tour,holdout,nsga2_guarded,13502,1024,1024,1024,1.5390541679998933,992,True,0.1421083175585133,0.00020617925274,0.0001968325210526,0.9473684210526316,False,18.0,19.0,0.00020617925274,0.0002061792546505,0.0001968325225927,0,0,15,5507,confirm,60.0
job_h2,job,holdout,no_uncertainty_linear,13505,1024,1024,1024,1.4802894080000897,996,True,0.0944491690745183,7.939082173807336e-06,7.486323793103451e-05,0.9655172413793104,False,28.0,29.0,7.939082173807336e-06,7.9390825540302e-06,7.486324034994274e-05,0,0,15,5228,confirm,45.0
tour_h2,tour,holdout,raw_linear,13504,1024,1024,1024,1.3262612410001111,1004,True,0.1297615107801176,0.0,0.0,1.0,True,20.0,20.0,0.0,0.0,2.6433881538694198e-18,0,0,15,5513,confirm,18.0
tour_h3,tour,holdout,fast_v10,13510,1024,1024,1024,1.0590318500001104,977,True,0.082364415904966,0.0,0.0,1.0,True,17.0,17.0,0.0,0.0,0.0,0,0,0,0,confirm,0.0
tour_h3,tour,holdout,guarded_linear,13510,1024,1024,1024,2.086721622999903,964,True,0.0688746027381423,0.0,0.0,1.0,True,17.0,17.0,0.0,0.0,0.0,0,0,15,4408,confirm,47.0
tour_h3,tour,holdout,no_uncertainty_linear,13501,1024,1024,1024,2.502948408999828,950,True,0.1076898052373417,0.0,0.0,1.0,True,17.0,17.0,0.0,0.0,0.0,0,0,15,4314,confirm,45.0
tour_h3,tour,holdout,random_residual,13504,1024,1024,1024,1.478834703000075,983,True,0.1284394024901663,0.0039482141928044,0.0020925543470588,0.8823529411764706,False,16.0,17.0,0.0039482141928044,0.0039482141897238,0.0020925543454412,0,0,0,0,confirm,442.0
job_h1,job,holdout,scalar_linear,13503,1024,1024,1024,2.735972452000169,840,True,0.0665302384005916,0.004748272546794,0.0031656740235294,0.8823529411764706,False,15.0,17.0,0.004748272546794,0.0047482725435619,0.003165674023424,0,0,15,2752,confirm,198.0
rgv_h4,rgv,holdout,raw_linear,13511,1024,1024,1024,1.1912813630001438,1011,True,0.0864841547748866,0.0031445093015413,0.0017026658916666,0.8333333333333334,False,11.0,12.0,0.0031445093015413,0.0031445092962853,0.0017026658883051,0,0,15,3993,confirm,146.0
tour_h2,tour,holdout,no_uncertainty_linear,13505,1024,1024,1024,1.5881461500000569,1000,True,0.0882887237262181,0.0,0.0,1.0,True,20.0,20.0,0.0,0.0,2.6433881538694198e-18,0,0,15,5161,confirm,28.0
rgv_h1,rgv,holdout,random_residual,13508,1024,1024,1024,1.403452512000058,1001,True,0.0718498981464048,0.0044824037223114,0.0010801080142857,0.7142857142857143,False,6.0,7.0,0.0044824037223114,0.0044824037007804,0.001080108010801,0,0,0,0,confirm,494.0
rgv_h4,rgv,holdout,unguarded_linear,13509,1024,1024,1024,1.3392589459999726,1019,True,0.2018017797296651,0.0295242129529402,0.0039364618916666,0.6666666666666666,False,8.0,12.0,0.0295242129529402,0.0295242129222703,0.0039364618820666,0,0,15,6388,confirm,225.0
job_h4,job,holdout,no_uncertainty_linear,13508,1024,1024,1024,1.426558630000045,1000,True,0.1039520932146905,0.0028333403716214,0.0024745423821428,0.8214285714285714,False,23.0,28.0,0.0028333403716214,0.0028333403700739,0.0024745423821651,0,0,15,5427,confirm,42.0
job_h4,job,holdout,nsga2_guarded,13504,1024,1024,1024,1.5209097930001008,988,True,0.1263607106121502,0.0027823917134525,0.0022753792535714,0.7857142857142857,False,23.0,28.0,0.0027823917134525,0.0027823917174102,0.0022753792521936,0,0,15,5599,confirm,72.0
job_h2,job,holdout,fast_v10,13506,1024,1024,1024,0.6787074400001529,978,True,0.1500947009427299,0.0142566630520015,0.0052726384315507,0.7586206896551724,False,24.0,29.0,0.0142566630520015,0.0142566630493242,0.0052726384273465,0,0,0,0,confirm,0.0
job_h3,job,holdout,random_residual,13508,1024,1024,1024,1.5637521529999958,967,True,0.1007728472369709,0.0022777079069357,0.0023235416782608,0.8260869565217391,False,19.0,23.0,0.0022777079069357,0.0022777079075202,0.0023235416770585,0,0,0,0,confirm,388.0
tour_h2,tour,holdout,nsga2_typed,13503,1024,1024,1024,0.5541074929999468,990,True,0.19050461035592,0.0,0.0,1.0,True,20.0,20.0,0.0,0.0,0.0,0,0,0,0,confirm,0.0
job_h2,job,holdout,nsga2_guarded,13512,1024,1024,1024,1.4316371459999573,1008,True,0.1072252588890148,0.0039438502916496,0.0018922727034482,0.8620689655172413,False,27.0,29.0,0.0039438502916496,0.003943850293843,0.0018922727021189,0,0,15,5774,confirm,87.0
tour_h3,tour,holdout,raw_linear,13505,1024,1024,1024,2.026225765999925,955,True,0.0859089808912375,9.35798432435786e-06,6.120582352941341e-05,0.9411764705882352,False,16.0,17.0,9.35798432435786e-06,9.35798359623038e-06,6.120581935836102e-05,0,0,15,3936,confirm,21.0
rgv_h4,rgv,holdout,guarded_linear,13506,1024,1024,1024,2.2725185560000227,970,True,0.0935702525711719,0.0094880006106022,0.0076678051749999,0.5833333333333334,False,7.0,12.0,0.0094880006106022,0.0094880006064248,0.0076678051656486,0,0,15,4279,confirm,156.0
tour_h2,tour,holdout,guarded_linear,13502,1024,1024,1024,1.5056065769999805,999,True,0.0868952427939016,0.0,0.0,1.0,True,20.0,20.0,0.0,0.0,2.6433881538694198e-18,0,0,15,5593,confirm,33.0
rgv_h1,rgv,holdout,guarded_linear,13504,1024,1024,1024,1.8053888459999143,1004,True,0.0856524211867248,0.0025007094745765,0.0005400540142857,0.8571428571428571,False,6.0,7.0,0.0025007094745765,0.0025007094330669,0.0005400540054005,0,0,15,5132,confirm,190.0
rgv_h2,rgv,holdout,nsga2_typed,13505,1024,1024,1024,0.4465591299999687,1017,True,0.1288301641862776,0.0015520997357438,0.0005586592199999,0.8,False,5.0,5.0,0.0015520997357438,0.0015520997299621,0.000558659217877,0,0,0,0,confirm,0.0
tour_h2,tour,holdout,nsga2_typed,13508,1024,1024,1024,0.55915638700003,999,True,0.1600290241342459,0.0003122609485672,0.000815698435,0.85,False,17.0,20.0,0.0003122609485672,0.0003122609442302,0.0007768556457432,0,0,0,0,confirm,0.0
rgv_h3,rgv,holdout,nsga2_typed,13506,1024,1024,1024,0.5391122270000324,1013,True,0.1057901361652099,0.0,0.0,1.0,True,4.0,4.0,0.0,0.0,0.0,0,0,0,0,confirm,0.0
job_h2,job,holdout,scalar_linear,13503,1024,1024,1024,1.4243638760001431,999,True,0.1441139500519586,0.01571328440033,0.0057546538418955,0.7586206896551724,False,26.0,29.0,0.01571328440033,0.0157132843969706,0.0057546538389774,0,0,15,5532,confirm,564.0
rgv_h1,rgv,holdout,random_residual,13506,1024,1024,1024,1.5943847089999963,1006,True,0.0654775827443646,0.0025007094745765,0.0005400540142857,0.8571428571428571,False,6.0,7.0,0.0025007094745765,0.0025007094330669,0.0005400540054005,0,0,0,0,confirm,501.0
rgv_h1,rgv,holdout,random_residual,13504,1024,1024,1024,1.2450829969998267,985,True,0.0915525676201643,0.0025007094745765,0.0005400540142857,0.8571428571428571,False,6.0,7.0,0.0025007094745765,0.0025007094330669,0.0005400540054005,0,0,0,0,confirm,490.0
rgv_h3,rgv,holdout,guarded_linear,13502,1024,1024,1024,1.8340767219999636,987,True,0.1288476942234384,0.0,0.0,1.0,True,4.0,4.0,0.0,0.0,0.0,0,0,15,5035,confirm,190.0
rgv_h3,rgv,holdout,unguarded_linear,13501,1024,1024,1024,2.105778825000016,971,True,0.0774179603572938,0.0,0.0,1.0,True,4.0,4.0,0.0,0.0,0.0,0,0,15,4776,confirm,212.0
job_h2,job,holdout,fast_v10,13504,1024,1024,1024,0.5766727249999803,997,True,0.1358223796624586,0.021109945397848,0.0101015690671275,0.6896551724137931,False,25.0,29.0,0.021109945397848,0.021109945396527,0.0101015690644928,0,0,0,0,confirm,0.0
job_h3,job,holdout,scalar_linear,13512,1024,1024,1024,1.8093084560000532,981,True,0.0985744940587472,5.861053768012878e-05,0.0001518577554343,0.9565217391304348,False,23.0,23.0,5.861053768012878e-05,5.861053681831795e-05,0.0001518577539259,0,0,15,5068,confirm,514.0
tour_h1,tour,holdout,fast_v10,13511,1024,1024,1024,0.7742471869999008,981,True,0.1111382844700285,0.0004954870521802,0.0008728172842105,0.8947368421052632,False,17.0,19.0,0.0004954870521802,0.0004954870546022,0.0008728172871358,0,0,0,0,confirm,0.0
tour_h3,tour,holdout,no_uncertainty_linear,13503,1024,1024,1024,1.8511300449999908,982,True,0.1124423361639916,0.0,0.0,1.0,True,17.0,17.0,0.0,0.0,0.0,0,0,15,4693,confirm,29.0
tour_h3,tour,holdout,nsga2_typed,13511,1024,1024,1024,0.6247374929998841,999,True,0.1276915948424241,0.0025639264013076,0.0016768628116014,0.8823529411764706,False,17.0,17.0,0.0025639264013076,0.0025639264018869,0.001676862813708,0,0,0,0,confirm,0.0
job_h1,job,holdout,nsga2_guarded,13503,1024,1024,1024,2.258154803000025,940,True,0.1481330676963075,0.0,0.0,1.0,True,17.0,17.0,0.0,0.0,0.0,0,0,15,4298,confirm,64.0
tour_h3,tour,holdout,raw_linear,13512,1024,1024,1024,2.0664266599999337,959,True,0.0891622039429025,9.35798432435786e-06,6.120582352941341e-05,0.9411764705882352,False,16.0,17.0,9.35798432435786e-06,9.35798359623038e-06,6.120581935836102e-05,0,0,15,4065,confirm,38.0
job_h3,job,holdout,nsga2_guarded,13511,1024,1024,1024,1.6003714569999374,993,True,0.1110618530678642,0.0,0.0,1.0,True,23.0,23.0,0.0,0.0,0.0,0,0,15,5268,confirm,69.0
job_h1,job,holdout,random_residual,13509,1024,1024,1024,2.1024384679999457,863,True,0.0694611986789715,0.004748272546794,0.0031656740235294,0.8823529411764706,False,15.0,17.0,0.004748272546794,0.0047482725435619,0.003165674023424,0,0,0,0,confirm,201.0
job_h3,job,holdout,random_residual,13502,1024,1024,1024,1.3764214840000475,985,True,0.0961099418040546,0.0,0.0,1.0,True,23.0,23.0,0.0,0.0,0.0,0,0,0,0,confirm,493.0
tour_h4,tour,holdout,guarded_linear,13502,1024,1024,1024,1.3095413680000547,1011,True,0.082516822705245,0.0,0.0,1.0,True,24.0,24.0,0.0,0.0,2.220446049250313e-18,0,0,15,6030,confirm,62.0
tour_h3,tour,holdout,nsga2_guarded,13502,1024,1024,1024,1.655935867999915,974,True,0.1023367526531547,0.0,0.0,1.0,True,17.0,17.0,0.0,0.0,0.0,0,0,15,5016,confirm,67.0
rgv_h1,rgv,holdout,scalar_linear,13506,1024,1024,1024,1.7743238030000157,994,True,0.0603355130115867,0.0025007094745765,0.0005400540142857,0.8571428571428571,False,6.0,7.0,0.0025007094745765,0.0025007094330669,0.0005400540054005,0,0,15,4936,confirm,470.0
job_h4,job,holdout,unguarded_linear,13511,1024,1024,1024,1.6989858469999035,987,True,0.1102696775207492,0.0027652946164064,0.0025431750059123,0.75,False,22.0,28.0,0.0027652946164064,0.0027652946206849,0.0025431750036885,0,0,15,5110,confirm,56.0
tour_h1,tour,holdout,unguarded_linear,13501,1024,1024,1024,1.9351144079998903,987,True,0.1014131796078114,0.00020617925274,0.0001968325210526,0.9473684210526316,False,18.0,19.0,0.00020617925274,0.0002061792546505,0.0001968325225927,0,0,15,4736,confirm,34.0
job_h2,job,holdout,raw_linear,13512,1024,1024,1024,1.519776729999876,990,True,0.1059372792720809,0.0095680587244167,0.0052270125653848,0.7241379310344828,False,24.0,29.0,0.0095680587244167,0.0095680587223608,0.0052270125629581,0,0,15,5269,confirm,31.0
rgv_h4,rgv,holdout,scalar_linear,13502,1024,1024,1024,1.8124682570000916,1010,True,0.1123620213078317,0.0014982864311507,0.0006324187583333,0.9166666666666666,False,11.0,12.0,0.0014982864311507,0.0014982864316546,0.0006324187585133,0,0,15,5424,confirm,529.0
tour_h4,tour,holdout,guarded_linear,13506,1024,1024,1024,1.5837623200000053,990,True,0.131811533571523,0.0068418536496536,0.0036548829021458,0.8333333333333334,False,23.0,24.0,0.0068418536496536,0.006841853649845,0.0035086875863505,0,0,15,5400,confirm,55.0
tour_h2,tour,holdout,fast_v10,13509,1024,1024,1024,0.6093725169998834,983,True,0.1600624412007732,0.0029936754430819,0.0029588075330477,0.8,False,18.0,20.0,0.0029936754430819,0.0029936754493991,0.0028179119400658,0,0,0,0,confirm,0.0
rgv_h4,rgv,holdout,nsga2_guarded,13504,1024,1024,1024,1.314343221000172,1021,True,0.1112317124347662,0.0,0.0,1.0,True,12.0,12.0,0.0,0.0,0.0,0,0,15,6357,confirm,256.0
rgv_h4,rgv,holdout,nsga2_typed,13508,1024,1024,1024,0.4910633269998925,1004,True,0.0555322119345938,0.0,0.0,1.0,True,12.0,12.0,0.0,0.0,0.0,0,0,0,0,confirm,0.0
rgv_h4,rgv,holdout,nsga2_guarded,13506,1024,1024,1024,1.426564897999924,1010,True,0.0892317586557515,0.000243693737498,0.0005513394333333,0.8333333333333334,False,10.0,12.0,0.000243693737498,0.0002436937364917,0.0005513394304988,0,0,15,5869,confirm,226.0
job_h2,job,holdout,nsga2_guarded,13505,1024,1024,1024,1.50660221499993,997,True,0.1103777567322247,0.0015066353518114,0.0013317648344827,0.8620689655172413,False,25.0,29.0,0.0015066353518114,0.0015066353554338,0.0013317648395083,0,0,15,5281,confirm,80.0
rgv_h2,rgv,holdout,scalar_linear,13509,1024,1024,1024,1.5698539739998978,1016,True,0.1630106182587696,0.0035162613478292,0.00111731844,0.8,False,4.0,5.0,0.0035162613478292,0.0035162613351353,0.0011173184357541,0,0,15,5643,confirm,572.0
rgv_h3,rgv,holdout,nsga2_typed,13511,1024,1024,1024,0.3732621370002107,1019,True,0.1698325513845301,0.0,0.0,1.0,True,4.0,4.0,0.0,0.0,0.0,0,0,0,0,confirm,0.0
job_h4,job,holdout,scalar_linear,13512,1024,1024,1024,1.4055156950000764,994,True,0.144013055324838,0.0009081838042791,0.0010666202059123,0.8928571428571429,False,26.0,28.0,0.0009081838042791,0.0009081838040901,0.0010666202059482,0,0,15,5549,confirm,549.0
tour_h2,tour,holdout,unguarded_linear,13509,1024,1024,1024,1.4964482819998466,1006,True,0.1090948515612045,0.0,0.0,1.0,True,20.0,20.0,0.0,0.0,2.6433881538694198e-18,0,0,15,5489,confirm,36.0
rgv_h1,rgv,holdout,unguarded_linear,13505,1024,1024,1024,1.441786241999807,1010,True,0.0821862761262903,0.0019816942477348,0.000540054,0.8571428571428571,False,7.0,7.0,0.0019816942477348,0.0019816942677134,0.0005400540054005,0,0,15,5541,confirm,290.0
tour_h1,tour,holdout,fast_v10,13508,1024,1024,1024,0.8201307799999995,976,True,0.0860889722449657,0.000516779638529,0.0009265511473684,0.8421052631578947,False,16.0,19.0,0.000516779638529,0.0005167796401188,0.0009265511480223,0,0,0,0,confirm,0.0
job_h3,job,holdout,nsga2_guarded,13505,1024,1024,1024,1.4724674719998347,988,True,0.1165674603672611,0.0003623646267583,0.000135680847826,0.9565217391304348,False,22.0,23.0,0.0003623646267583,0.0003623646309846,0.0001356808494088,0,0,15,5365,confirm,68.0
job_h4,job,holdout,fast_v10,13509,1024,1024,1024,0.4277852830000483,1010,True,0.1510265604666869,0.0143647456131984,0.0088907183194836,0.7142857142857143,False,25.0,28.0,0.0143647456131984,0.0143647456100191,0.0088907183154111,0,0,0,0,confirm,0.0
job_h1,job,holdout,guarded_linear,13503,1024,1024,1024,2.297392150000178,882,True,0.0606257167734122,0.004748272546794,0.0031656740235294,0.8823529411764706,False,15.0,17.0,0.004748272546794,0.0047482725435619,0.003165674023424,0,0,15,2732,confirm,9.0
tour_h2,tour,holdout,no_uncertainty_linear,13510,1024,1024,1024,1.4996869730000526,1003,True,0.0951209892477674,0.0,0.0,1.0,True,20.0,20.0,0.0,0.0,2.6433881538694198e-18,0,0,15,5486,confirm,21.0
rgv_h3,rgv,holdout,unguarded_linear,13511,1024,1024,1024,1.7113975899999332,987,True,0.0701516827270894,0.0,0.0,1.0,True,4.0,4.0,0.0,0.0,0.0,0,0,15,4992,confirm,200.0
rgv_h1,rgv,holdout,fast_v10,13504,1024,1024,1024,0.597309290000112,1013,True,0.0882594051132869,0.0019816942477348,0.000540054,0.8571428571428571,False,7.0,7.0,0.0019816942477348,0.0019816942677134,0.0005400540054005,0,0,0,0,confirm,0.0
tour_h4,tour,holdout,scalar_linear,13505,1024,1024,1024,1.561744102000148,1005,True,0.1165836908197544,0.0068418536496536,0.0036548829021458,0.8333333333333334,False,23.0,24.0,0.0068418536496536,0.006841853649845,0.0035086875863505,0,0,15,5418,confirm,542.0
tour_h2,tour,holdout,nsga2_guarded,13510,1024,1024,1024,1.592081558000018,985,True,0.1085398390105496,0.0,0.0,1.0,True,20.0,20.0,0.0,0.0,0.0,0,0,15,5338,confirm,43.0
tour_h2,tour,holdout,scalar_linear,13512,1024,1024,1024,1.5380678019998868,994,True,0.1178600140949136,0.0,0.0,1.0,True,20.0,20.0,0.0,0.0,2.6433881538694198e-18,0,0,15,5105,confirm,514.0
job_h1,job,holdout,unguarded_linear,13508,1024,1024,1024,2.248179630000095,862,True,0.0613892514715271,0.004748272546794,0.0031656740235294,0.8823529411764706,False,15.0,17.0,0.004748272546794,0.0047482725435619,0.003165674023424,0,0,15,2800,confirm,20.0
rgv_h2,rgv,holdout,fast_v10,13505,1024,1024,1024,0.7695381109999744,984,True,0.0930386659282258,0.0015520997357438,0.0005586592199999,0.8,False,5.0,5.0,0.0015520997357438,0.0015520997299621,0.000558659217877,0,0,0,0,confirm,0.0
tour_h4,tour,holdout,raw_linear,13502,1024,1024,1024,1.1514315470001293,1003,True,0.1091355563369788,0.0068418536496536,0.0036548829021458,0.8333333333333334,False,23.0,24.0,0.0068418536496536,0.006841853649845,0.0035086875863505,0,0,15,5879,confirm,24.0
job_h3,job,holdout,random_residual,13507,1024,1024,1024,1.348577695999893,990,True,0.0772547547503172,0.0,0.0,1.0,True,23.0,23.0,0.0,0.0,0.0,0,0,0,0,confirm,507.0
tour_h4,tour,holdout,nsga2_typed,13511,1024,1024,1024,0.4819290870000259,1006,True,0.1488017295384816,0.0078335537439862,0.0057918100980846,0.7083333333333334,False,20.0,24.0,0.0078335537439862,0.0078335537434445,0.0055601376939803,0,0,0,0,confirm,0.0
tour_h4,tour,holdout,nsga2_typed,13508,1024,1024,1024,0.5187845389998529,1009,True,0.1577070246153796,0.0035434937413946,0.0025812166137073,0.7916666666666666,False,22.0,24.0,0.0035434937413946,0.0035434937365454,0.0024779679479473,0,0,0,0,confirm,0.0
tour_h2,tour,holdout,unguarded_linear,13502,1024,1024,1024,1.4298221389999526,999,True,0.0868952427939016,0.0,0.0,1.0,True,20.0,20.0,0.0,0.0,2.6433881538694198e-18,0,0,15,5593,confirm,33.0
rgv_h4,rgv,holdout,guarded_linear,13503,1024,1024,1024,1.8678307570000925,980,True,0.1582603604227611,0.0094880006106022,0.0076678051749999,0.5833333333333334,False,7.0,12.0,0.0094880006106022,0.0094880006064248,0.0076678051656486,0,0,15,4397,confirm,161.0
tour_h2,tour,holdout,fast_v10,13507,1024,1024,1024,0.5633169169998382,996,True,0.133190498525126,0.0001031751284101,4.3553725e-05,0.95,False,19.0,20.0,0.0001031751284101,0.0001031751313887,4.1479739292835765e-05,0,0,0,0,confirm,0.0
job_h2,job,holdout,nsga2_guarded,13504,1024,1024,1024,1.484358456000109,991,True,0.1043727350575598,0.0002677080884576,0.0004486457448275,0.9310344827586208,False,28.0,29.0,0.0002677080884576,0.0002677080878406,0.0004486457451563,0,0,15,5510,confirm,78.0
rgv_h1,rgv,holdout,fast_v10,13508,1024,1024,1024,0.6968026289998761,1011,True,0.089818158237424,0.0044824037223114,0.0010801080142857,0.7142857142857143,False,6.0,7.0,0.0044824037223114,0.0044824037007804,0.001080108010801,0,0,0,0,confirm,0.0
tour_h4,tour,holdout,random_residual,13509,1024,1024,1024,1.1696756110000024,1009,True,0.152854349724031,0.0068418536496536,0.0036548829021458,0.8333333333333334,False,23.0,24.0,0.0068418536496536,0.006841853649845,0.0035086875863505,0,0,0,0,confirm,560.0
job_h1,job,holdout,no_uncertainty_linear,13510,1024,1024,1024,2.7877963139999338,887,True,0.0918336030754026,0.004748272546794,0.0031656740235294,0.8823529411764706,False,15.0,17.0,0.004748272546794,0.0047482725435619,0.003165674023424,0,0,15,2756,confirm,15.0
job_h2,job,holdout,scalar_linear,13504,1024,1024,1024,1.5655104400000257,1002,True,0.1183841169072446,0.0020112928993456,0.0006165871896551,0.9310344827586208,False,27.0,29.0,0.0020112928993456,0.0020112928951666,0.0006165871908447,0,0,15,5707,confirm,570.0
tour_h4,tour,holdout,scalar_linear,13503,1024,1024,1024,1.6409581010000238,1004,True,0.1149737869767505,0.0076543699663595,0.0040783981876636,0.8333333333333334,False,22.0,24.0,0.0076543699663595,0.0076543699660794,0.0039152622602449,0,0,15,5598,confirm,565.0
tour_h3,tour,holdout,fast_v10,13509,1024,1024,1024,0.9308682699997916,976,True,0.1246798356503516,0.0010533387467726,0.0006223778529411,0.8823529411764706,False,15.0,17.0,0.0010533387467726,0.0010533387495005,0.0006223778506356,0,0,0,0,confirm,0.0
rgv_h1,rgv,holdout,nsga2_typed,13504,1024,1024,1024,0.4647558570000001,1017,True,0.1132556698297553,0.0025007094745765,0.0005400540142857,0.8571428571428571,False,6.0,7.0,0.0025007094745765,0.0025007094330669,0.0005400540054005,0,0,0,0,confirm,0.0
tour_h2,tour,holdout,nsga2_guarded,13508,1024,1024,1024,1.6883947009998792,993,True,0.1197576904775209,0.0,0.0,1.0,True,20.0,20.0,0.0,0.0,0.0,0,0,15,5588,confirm,68.0
job_h2,job,holdout,guarded_linear,13511,1024,1024,1024,1.3740293319999637,1005,True,0.1072716109101556,0.0042090034413857,0.0019043394586206,0.896551724137931,False,27.0,29.0,0.0042090034413857,0.0042090034465466,0.0019043394609236,0,0,15,5665,confirm,59.0
rgv_h4,rgv,holdout,raw_linear,13507,1024,1024,1024,1.4289167709998765,989,True,0.1138233236447578,0.0,0.0,1.0,True,12.0,12.0,0.0,0.0,0.0,0,0,15,4722,confirm,159.0
job_h1,job,holdout,guarded_linear,13512,1024,1024,1024,2.8950467119998398,854,True,0.1103878009516593,0.0157224129972354,0.0086864005835031,0.6470588235294118,False,13.0,17.0,0.0157224129972354,0.0157224129954384,0.0086864005837198,0,0,15,2680,confirm,17.0
rgv_h2,rgv,holdout,random_residual,13508,1024,1024,1024,1.447146904999954,993,True,0.1293699652193095,0.0,0.0,1.0,True,5.0,5.0,0.0,0.0,0.0,0,0,0,0,confirm,437.0
tour_h1,tour,holdout,fast_v10,13502,1024,1024,1024,0.869174275999967,982,True,0.1314617921185968,0.0004954870521802,0.0008728172842105,0.8947368421052632,False,17.0,19.0,0.0004954870521802,0.0004954870546022,0.0008728172871358,0,0,0,0,confirm,0.0
tour_h2,tour,holdout,nsga2_guarded,13507,1024,1024,1024,1.622642598999846,1005,True,0.1161567174939126,0.0001031751284101,4.3553725e-05,0.95,False,19.0,20.0,0.0001031751284101,0.0001031751313887,4.147973929283312e-05,0,0,15,5455,confirm,72.0
rgv_h4,rgv,holdout,raw_linear,13510,1024,1024,1024,1.1859081009999954,1011,True,0.1513855021191088,0.0292661842879432,0.0027632319083333,0.8333333333333334,False,10.0,12.0,0.0292661842879432,0.0292661842601025,0.0027632319043041,0,0,15,3300,confirm,101.0
rgv_h4,rgv,holdout,scalar_linear,13505,1024,1024,1024,1.6849977199999555,1008,True,0.092511704306469,0.0004529836553873,0.0014488996999999,0.75,False,9.0,12.0,0.0004529836553873,0.0004529836513614,0.0014488996930118,0,0,15,5496,confirm,550.0
tour_h1,tour,holdout,random_residual,13509,1024,1024,1024,1.488017083999921,969,True,0.1562066812726072,0.000516779638529,0.0009265511473684,0.8421052631578947,False,16.0,19.0,0.000516779638529,0.0005167796401188,0.0009265511480223,0,0,0,0,confirm,456.0
rgv_h3,rgv,holdout,scalar_linear,13508,1024,1024,1024,2.3306940550000945,985,True,0.0801006980232653,0.0,0.0,1.0,True,4.0,4.0,0.0,0.0,0.0,0,0,15,4194,confirm,390.0
job_h4,job,holdout,random_residual,13506,1024,1024,1024,1.1062538159999349,1003,True,0.113613648982674,0.013015802159383,0.0065434866576058,0.75,False,27.0,28.0,0.013015802159383,0.0130158021654152,0.0065434866600695,0,0,0,0,confirm,531.0
tour_h1,tour,holdout,random_residual,13504,1024,1024,1024,1.6486257610001758,961,True,0.1279509250114152,0.0004954870521802,0.0008728172842105,0.8947368421052632,False,17.0,19.0,0.0004954870521802,0.0004954870546022,0.0008728172871358,0,0,0,0,confirm,386.0
rgv_h2,rgv,holdout,scalar_linear,13504,1024,1024,1024,2.182396011000037,979,True,0.0993764522721839,0.0,0.0,1.0,True,5.0,5.0,0.0,0.0,0.0,0,0,15,4379,confirm,412.0
tour_h1,tour,holdout,scalar_linear,13501,1024,1024,1024,2.1070300070000485,956,True,0.1063988155083818,0.000516779638529,0.0009265511473684,0.8421052631578947,False,16.0,19.0,0.000516779638529,0.0005167796401188,0.0009265511480223,0,0,15,3981,confirm,385.0
tour_h3,tour,holdout,unguarded_linear,13512,1024,1024,1024,1.8203451250001308,955,True,0.0877419417567905,9.35798432435786e-06,6.120582352941341e-05,0.9411764705882352,False,16.0,17.0,9.35798432435786e-06,9.35798359623038e-06,6.120581935836102e-05,0,0,15,4274,confirm,28.0
job_h2,job,holdout,no_uncertainty_linear,13509,1024,1024,1024,1.275797492000038,1010,True,0.1037589995098312,0.0076172377692186,0.002132482475862,0.896551724137931,False,27.0,29.0,0.0076172377692186,0.007617237770837,0.0021324824786293,0,0,15,5727,confirm,62.0
rgv_h4,rgv,holdout,nsga2_guarded,13510,1024,1024,1024,1.2157215980000728,1016,True,0.122648907334159,0.0003784420394762,0.0005351235666666,0.9166666666666666,False,12.0,12.0,0.0003784420394762,0.0003784420378461,0.0005351235648958,0,0,15,6157,confirm,252.0
job_h1,job,holdout,raw_linear,13501,1024,1024,1024,2.153718124000079,879,True,0.0642380395044601,0.004748272546794,0.0031656740235294,0.8823529411764706,False,15.0,17.0,0.004748272546794,0.0047482725435619,0.003165674023424,0,0,15,2772,confirm,11.0
job_h3,job,holdout,unguarded_linear,13502,1024,1024,1024,1.518288386000222,987,True,0.0751863070258206,0.0003623646267583,0.000135680847826,0.9565217391304348,False,22.0,23.0,0.0003623646267583,0.0003623646309846,0.0001356808494088,0,0,15,5044,confirm,34.0
rgv_h4,rgv,holdout,fast_v10,13505,1024,1024,1024,0.60745472099984,995,True,0.0962820191255663,0.0004529836553873,0.0014488996999999,0.75,False,9.0,12.0,0.0004529836553873,0.0004529836513614,0.0014488996930118,0,0,0,0,confirm,0.0
job_h1,job,holdout,nsga2_typed,13508,1024,1024,1024,0.9273374409999632,904,True,0.1369868888099578,0.004748272546794,0.0031656740235294,0.8823529411764706,False,15.0,17.0,0.004748272546794,0.0047482725435619,0.003165674023424,0,0,0,0,confirm,0.0
rgv_h2,rgv,holdout,fast_v10,13509,1024,1024,1024,0.759719283999857,971,True,0.1506028465160839,0.0,0.0,1.0,True,5.0,5.0,0.0,0.0,0.0,0,0,0,0,confirm,0.0
job_h4,job,holdout,scalar_linear,13508,1024,1024,1024,1.2297544709999784,1006,True,0.1177816732458429,1.2358259734623114e-05,7.01011714285747e-05,0.9642857142857144,False,27.0,28.0,1.2358259734623114e-05,1.2358259674154405e-05,7.010117159754668e-05,0,0,15,5749,confirm,571.0
job_h1,job,holdout,random_residual,13511,1024,1024,1024,1.9884342650000235,871,True,0.0964860402927861,0.004748272546794,0.0031656740235294,0.8823529411764706,False,15.0,17.0,0.004748272546794,0.0047482725435619,0.003165674023424,0,0,0,0,confirm,201.0
job_h1,job,holdout,no_uncertainty_linear,13501,1024,1024,1024,2.605140293999966,874,True,0.0585922615876711,0.004748272546794,0.0031656740235294,0.8823529411764706,False,15.0,17.0,0.004748272546794,0.0047482725435619,0.003165674023424,0,0,15,2792,confirm,16.0
job_h1,job,holdout,random_residual,13502,1024,1024,1024,2.1645110019999265,879,True,0.0873270870091172,0.004748272546794,0.0031656740235294,0.8823529411764706,False,15.0,17.0,0.004748272546794,0.0047482725435619,0.003165674023424,0,0,0,0,confirm,189.0
rgv_h3,rgv,holdout,scalar_linear,13512,1024,1024,1024,1.8783360529998845,999,True,0.0755807300568987,0.0,0.0,1.0,True,4.0,4.0,0.0,0.0,0.0,0,0,15,4916,confirm,457.0
job_h3,job,holdout,nsga2_typed,13509,1024,1024,1024,0.6514607389999583,982,True,0.1146254020552711,0.0012744134486319,0.0013019882565217,0.9130434782608696,False,21.0,23.0,0.0012744134486319,0.0012744134522864,0.0013019882584882,0,0,0,0,confirm,0.0
job_h2,job,holdout,fast_v10,13509,1024,1024,1024,0.5335329490001186,1003,True,0.1320853852185205,0.0044357246455438,0.0026894399793103,0.7586206896551724,False,23.0,29.0,0.0044357246455438,0.004435724646095,0.0026894399818932,0,0,0,0,confirm,0.0
rgv_h2,rgv,holdout,no_uncertainty_linear,13510,1024,1024,1024,1.8148912940000628,988,True,0.0957934369454198,0.0035162613478292,0.00111731844,0.8,False,4.0,5.0,0.0035162613478292,0.0035162613351353,0.0011173184357541,0,0,15,4876,confirm,164.0
tour_h1,tour,holdout,fast_v10,13507,1024,1024,1024,0.7731005850000656,974,True,0.116330652660116,0.001673801330323,0.0007392683052631,0.9473684210526316,False,19.0,19.0,0.001673801330323,0.0016738013252025,0.0007392683030071,0,0,0,0,confirm,0.0
tour_h3,tour,holdout,nsga2_guarded,13504,1024,1024,1024,1.742421246000049,988,True,0.1294856155481391,0.0,0.0,1.0,True,17.0,17.0,0.0,0.0,0.0,0,0,15,5158,confirm,64.0
tour_h3,tour,holdout,random_residual,13502,1024,1024,1024,1.3937235169998985,977,True,0.0917616253662158,0.0043635537470058,0.0026540936527779,0.8823529411764706,False,17.0,17.0,0.0043635537470058,0.0043635537373476,0.0026540936492528,0,0,0,0,confirm,480.0
job_h4,job,holdout,random_residual,13508,1024,1024,1024,0.933432547999928,1006,True,0.1427018168981618,0.0086295923566554,0.0051012631892857,0.7142857142857143,False,20.0,28.0,0.0086295923566554,0.008629592356776,0.0051012631875587,0,0,0,0,confirm,572.0
tour_h4,tour,holdout,no_uncertainty_linear,13511,1024,1024,1024,1.3662708150000071,1016,True,0.094827514470198,0.0,0.0,1.0,True,24.0,24.0,0.0,0.0,2.220446049250313e-18,0,0,15,5958,confirm,59.0
job_h3,job,holdout,raw_linear,13505,1024,1024,1024,1.6541166789997988,987,True,0.0938282170253647,0.0003623646267583,0.000135680847826,0.9565217391304348,False,22.0,23.0,0.0003623646267583,0.0003623646309846,0.0001356808494088,0,0,15,4888,confirm,18.0
rgv_h2,rgv,holdout,nsga2_typed,13501,1024,1024,1024,0.4295375279998552,1013,True,0.0694113323339487,0.0,0.0,1.0,True,5.0,5.0,0.0,0.0,0.0,0,0,0,0,confirm,0.0
tour_h4,tour,holdout,nsga2_guarded,13507,1024,1024,1024,1.6912969180000346,993,True,0.1022547957508231,0.0068418536496536,0.0036548829021458,0.8333333333333334,False,23.0,24.0,0.0068418536496536,0.006841853649845,0.0035086875863505,0,0,15,5630,confirm,66.0
job_h3,job,holdout,unguarded_linear,13505,1024,1024,1024,1.728088421999928,983,True,0.0792823331640645,0.0003623646267583,0.000135680847826,0.9565217391304348,False,22.0,23.0,0.0003623646267583,0.0003623646309846,0.0001356808494088,0,0,15,4829,confirm,37.0
rgv_h2,rgv,holdout,fast_v10,13510,1024,1024,1024,0.7459727039999962,1003,True,0.0985842731594869,0.0035162613478292,0.00111731844,0.8,False,4.0,5.0,0.0035162613478292,0.0035162613351353,0.0011173184357541,0,0,0,0,confirm,0.0
rgv_h2,rgv,holdout,unguarded_linear,13504,1024,1024,1024,2.2178134809998937,964,True,0.0993917574200413,0.0,0.0,1.0,True,5.0,5.0,0.0,0.0,0.0,0,0,15,4342,confirm,199.0
tour_h2,tour,holdout,random_residual,13508,1024,1024,1024,1.14942314599989,1003,True,0.1528869570581216,0.0034983705639209,0.0018793410965456,0.95,False,21.0,20.0,0.0034983705639209,0.0034983705551068,0.0017898486597007,0,0,0,0,confirm,534.0
tour_h2,tour,holdout,raw_linear,13510,1024,1024,1024,1.499783462999858,985,True,0.1003677119111472,2.903049485745648e-05,2.816107999999984e-05,0.95,False,19.0,20.0,2.903049485745648e-05,2.903049158356909e-05,2.6820073163238845e-05,0,0,15,4859,confirm,15.0
rgv_h2,rgv,holdout,unguarded_linear,13502,1024,1024,1024,1.755770531999815,975,True,0.1169522255554534,0.0,0.0,1.0,True,5.0,5.0,0.0,0.0,0.0,0,0,15,4906,confirm,228.0
rgv_h3,rgv,holdout,guarded_linear,13510,1024,1024,1024,1.7035282710000956,1003,True,0.1085745890051707,0.0,0.0,1.0,True,4.0,4.0,0.0,0.0,0.0,0,0,15,5108,confirm,220.0
rgv_h2,rgv,holdout,scalar_linear,13502,1024,1024,1024,1.764876410999932,995,True,0.1208559820301877,0.0020438269063094,0.0010991997599999,0.6,False,4.0,5.0,0.0020438269063094,0.0020438269010475,0.0010991997584176,0,0,15,4983,confirm,469.0
job_h4,job,holdout,unguarded_linear,13504,1024,1024,1024,1.4814849950000737,997,True,0.1205596354211939,0.0032695869876101,0.0030886664403445,0.75,False,23.0,28.0,0.0032695869876101,0.0032695869922217,0.0030886664416687,0,0,15,5417,confirm,63.0
job_h3,job,holdout,unguarded_linear,13507,1024,1024,1024,1.6976964069999667,977,True,0.0725348849764484,0.0003623646267583,0.000135680847826,0.9565217391304348,False,22.0,23.0,0.0003623646267583,0.0003623646309846,0.0001356808494088,0,0,15,4771,confirm,35.0
rgv_h2,rgv,holdout,scalar_linear,13512,1024,1024,1024,2.0059182380000493,1002,True,0.0755734037340574,0.0,0.0,1.0,True,5.0,5.0,0.0,0.0,0.0,0,0,15,4758,confirm,441.0
job_h3,job,holdout,random_residual,13511,1024,1024,1024,1.6270668770000611,966,True,0.0827735139861934,0.0022087491773913,0.0024682956652173,0.8695652173913043,False,20.0,23.0,0.0022087491773913,0.0022087491823143,0.0024682956675677,0,0,0,0,confirm,443.0
rgv_h2,rgv,holdout,raw_linear,13501,1024,1024,1024,1.4904193590000432,997,True,0.0509462902939365,0.0,0.0,1.0,True,5.0,5.0,0.0,0.0,0.0,0,0,15,5426,confirm,116.0
tour_h3,tour,holdout,guarded_linear,13508,1024,1024,1024,2.198794382999949,955,True,0.0872030005268069,0.0,0.0,1.0,True,17.0,17.0,0.0,0.0,0.0,0,0,15,4333,confirm,36.0
rgv_h4,rgv,holdout,raw_linear,13501,1024,1024,1024,1.4086657619998275,1009,True,0.0397134494275025,0.0,0.0,1.0,True,12.0,12.0,0.0,0.0,0.0,0,0,15,4155,confirm,150.0
job_h2,job,holdout,raw_linear,13505,1024,1024,1024,1.5083317490000354,973,True,0.1280030712514441,0.0077532490734193,0.0035112899275862,0.7931034482758621,False,25.0,29.0,0.0077532490734193,0.0077532490750855,0.0035112899289549,0,0,15,5099,confirm,49.0
tour_h2,tour,holdout,raw_linear,13502,1024,1024,1024,1.2544633690001774,1011,True,0.0991778953053491,0.0,0.0,1.0,True,20.0,20.0,0.0,0.0,2.6433881538694198e-18,0,0,15,5656,confirm,24.0
rgv_h2,rgv,holdout,guarded_linear,13508,1024,1024,1024,2.084104878000062,995,True,0.0863138161224251,0.0050683610835731,0.0016759776599999,0.6,False,4.0,5.0,0.0050683610835731,0.0050683610650977,0.0016759776536312,0,0,15,4695,confirm,182.0
job_h3,job,holdout,random_residual,13512,1024,1024,1024,1.4563856739998755,977,True,0.1184001861794188,0.0012744134486319,0.0013019882565217,0.9130434782608696,False,21.0,23.0,0.0012744134486319,0.0012744134522864,0.0013019882584882,0,0,0,0,confirm,423.0
rgv_h4,rgv,holdout,scalar_linear,13507,1024,1024,1024,2.023095332999901,985,True,0.1110933803988905,0.0003784420394762,0.0005351235666666,0.9166666666666666,False,12.0,12.0,0.0003784420394762,0.0003784420378461,0.0005351235648958,0,0,15,4812,confirm,455.0
tour_h2,tour,holdout,random_residual,13507,1024,1024,1024,1.103876821000085,995,True,0.1168956589470015,0.0,0.0,1.0,True,20.0,20.0,0.0,0.0,2.6433881538694198e-18,0,0,0,0,confirm,554.0
tour_h4,tour,holdout,nsga2_typed,13507,1024,1024,1024,0.4658492199998818,1004,True,0.1239636935749515,0.0001373713603588,0.0002540691791666,0.9583333333333334,False,23.0,24.0,0.0001373713603588,0.0001373713614528,0.0002439064140402,0,0,0,0,confirm,0.0
rgv_h1,rgv,holdout,guarded_linear,13508,1024,1024,1024,1.8704553100001249,1002,True,0.0634748807048226,0.0044824037223114,0.0010801080142857,0.7142857142857143,False,6.0,7.0,0.0044824037223114,0.0044824037007804,0.001080108010801,0,0,15,5020,confirm,165.0
job_h4,job,holdout,nsga2_typed,13512,1024,1024,1024,0.5659403269999075,984,True,0.1885100348608268,0.0097163844965615,0.005990898102077,0.6785714285714286,False,22.0,28.0,0.0097163844965615,0.009716384500185,0.0059908981017291,0,0,0,0,confirm,0.0
tour_h1,tour,holdout,random_residual,13508,1024,1024,1024,1.607033709999996,960,True,0.108578187577161,0.002190580968852,0.0016658194526315,0.7894736842105263,False,15.0,19.0,0.002190580968852,0.0021905809653214,0.0016658194510294,0,0,0,0,confirm,381.0
tour_h4,tour,holdout,guarded_linear,13512,1024,1024,1024,1.55171499700009,1008,True,0.0855696110975777,0.0068418536496536,0.0036548829021458,0.8333333333333334,False,23.0,24.0,0.0068418536496536,0.006841853649845,0.0035086875863505,0,0,15,5435,confirm,58.0
rgv_h3,rgv,holdout,random_residual,13502,1024,1024,1024,1.376237374000084,991,True,0.1692413319349224,0.0,0.0,1.0,True,4.0,4.0,0.0,0.0,0.0,0,0,0,0,confirm,484.0
job_h2,job,holdout,no_uncertainty_linear,13511,1024,1024,1024,1.612119754999867,997,True,0.0982115647879215,0.0040181780462339,0.0018160336034482,0.8275862068965517,False,25.0,29.0,0.0040181780462339,0.0040181780430849,0.0018160336063219,0,0,15,5702,confirm,49.0
job_h1,job,holdout,unguarded_linear,13510,1024,1024,1024,2.658422781000126,865,True,0.0917400206725204,0.004748272546794,0.0031656740235294,0.8823529411764706,False,15.0,17.0,0.004748272546794,0.0047482725435619,0.003165674023424,0,0,15,2779,confirm,18.0
job_h2,job,holdout,no_uncertainty_linear,13508,1024,1024,1024,1.8681849619999864,1001,True,0.1324872447014765,0.0039090682116402,0.0018799453862068,0.896551724137931,False,29.0,29.0,0.0039090682116402,0.0039090682162407,0.001879945388013,0,0,15,5552,confirm,54.0
job_h2,job,holdout,nsga2_typed,13511,1024,1024,1024,0.688607538000042,992,True,0.1653211452117567,0.0056469106756805,0.0016782726965517,0.8620689655172413,False,25.0,29.0,0.0056469106756805,0.005646910679062,0.0016782726993574,0,0,0,0,confirm,0.0
tour_h2,tour,holdout,guarded_linear,13504,1024,1024,1024,1.5212342129998433,1004,True,0.125454035477645,0.0,0.0,1.0,True,20.0,20.0,0.0,0.0,2.6433881538694198e-18,0,0,15,5503,confirm,52.0
rgv_h1,rgv,holdout,no_uncertainty_linear,13507,1024,1024,1024,1.667836929000032,996,True,0.1176638610851418,0.0044824037223114,0.0010801080142857,0.7142857142857143,False,6.0,7.0,0.0044824037223114,0.0044824037007804,0.001080108010801,0,0,15,5312,confirm,175.0
tour_h4,tour,holdout,nsga2_guarded,13508,1024,1024,1024,1.4614772340000854,1011,True,0.1206778284103986,0.0068418536496536,0.0036548829021458,0.8333333333333334,False,23.0,24.0,0.0068418536496536,0.006841853649845,0.0035086875863505,0,0,15,5992,confirm,59.0
job_h4,job,holdout,unguarded_linear,13502,1024,1024,1024,1.5153694520001864,1002,True,0.1025493585771166,0.0016663707389573,0.0012744831737694,0.8571428571428571,False,25.0,28.0,0.0016663707389573,0.0016663707445049,0.0012744831753783,0,0,15,5523,confirm,61.0
tour_h2,tour,holdout,fast_v10,13505,1024,1024,1024,0.5080664879999404,1006,True,0.1198992679668734,0.0048216110343738,0.0028196586499999,0.9,False,19.0,20.0,0.0048216110343738,0.0048216110378301,0.0026853891921763,0,0,0,0,confirm,0.0
rgv_h3,rgv,holdout,nsga2_typed,13505,1024,1024,1024,0.4142843980000634,1013,True,0.1482435060935046,0.0,0.0,1.0,True,4.0,4.0,0.0,0.0,0.0,0,0,0,0,confirm,0.0
job_h2,job,holdout,raw_linear,13508,1024,1024,1024,1.7020289439999488,983,True,0.1256291219503304,0.0068277887814089,0.0026979336448275,0.8620689655172413,False,25.0,29.0,0.0068277887814089,0.0068277887815049,0.0026979336465929,0,0,15,5074,confirm,32.0
rgv_h2,rgv,holdout,raw_linear,13506,1024,1024,1024,1.770557886000006,982,True,0.1166937646453484,0.0,0.0,1.0,True,5.0,5.0,0.0,0.0,0.0,0,0,15,4481,confirm,138.0
tour_h4,tour,holdout,nsga2_guarded,13501,1024,1024,1024,1.6162266920000548,1010,True,0.1694713409705121,0.0002157859210086,7.302339166666666e-05,0.9583333333333334,False,24.0,24.0,0.0002157859210086,0.0002157859228499,7.010245441361036e-05,0,0,15,6027,confirm,91.0
job_h2,job,holdout,nsga2_guarded,13506,1024,1024,1024,1.7989395770000556,1004,True,0.1195943447658891,3.092182119770471e-05,0.0001545926793103,0.9310344827586208,False,27.0,29.0,3.092182119770471e-05,3.092182194686694e-05,0.0001545926829888,0,0,15,5642,confirm,80.0
rgv_h4,rgv,holdout,unguarded_linear,13501,1024,1024,1024,1.6539688670000032,1012,True,0.0364964627448427,0.0,0.0,1.0,True,12.0,12.0,0.0,0.0,0.0,0,0,15,5760,confirm,232.0
job_h3,job,holdout,scalar_linear,13507,1024,1024,1024,2.040013541999997,973,True,0.0863555806681834,0.0012237597822561,0.0006956818217391,0.9130434782608696,False,21.0,23.0,0.0012237597822561,0.0012237597845138,0.0006956818218961,0,0,15,4495,confirm,437.0
job_h4,job,holdout,nsga2_guarded,13501,1024,1024,1024,1.5748514050001177,993,True,0.1355751568359044,0.0028507819014339,0.00223746145,0.8571428571428571,False,25.0,28.0,0.0028507819014339,0.0028507818979643,0.0022374614495078,0,0,15,5275,confirm,80.0
rgv_h1,rgv,holdout,no_uncertainty_linear,13508,1024,1024,1024,1.6349944950000008,1003,True,0.0644225889130103,0.0025007094745765,0.0005400540142857,0.8571428571428571,False,6.0,7.0,0.0025007094745765,0.0025007094330669,0.0005400540054005,0,0,15,5271,confirm,184.0
rgv_h4,rgv,holdout,nsga2_typed,13512,1024,1024,1024,0.3894228770000154,1013,True,0.0682828129331686,0.0003784420394762,0.0005351235666666,0.9166666666666666,False,12.0,12.0,0.0003784420394762,0.0003784420378461,0.0005351235648958,0,0,0,0,confirm,0.0
job_h2,job,holdout,random_residual,13512,1024,1024,1024,1.1213616849997834,995,True,0.0971674424524692,0.0193422314500414,0.0075693457505215,0.6551724137931034,False,26.0,29.0,0.0193422314500414,0.0193422314472056,0.0075693457472534,0,0,0,0,confirm,538.0
tour_h3,tour,holdout,scalar_linear,13501,1024,1024,1024,2.252832359000194,916,True,0.1176990979372885,0.0010533387467726,0.0006223778529411,0.8823529411764706,False,15.0,17.0,0.0010533387467726,0.0010533387495005,0.0006223778506356,0,0,15,3479,confirm,300.0
rgv_h2,rgv,holdout,guarded_linear,13506,1024,1024,1024,1.9996171370000864,972,True,0.1023903120861099,0.0035162613478292,0.00111731844,0.8,False,4.0,5.0,0.0035162613478292,0.0035162613351353,0.0011173184357541,0,0,15,4459,confirm,138.0
rgv_h4,rgv,holdout,nsga2_typed,13506,1024,1024,1024,0.5797499119998974,1003,True,0.1027775753206813,0.0094880006106022,0.0076678051749999,0.5833333333333334,False,7.0,12.0,0.0094880006106022,0.0094880006064248,0.0076678051656486,0,0,0,0,confirm,0.0
job_h1,job,holdout,nsga2_guarded,13504,1024,1024,1024,2.249117551999916,899,True,0.0869066049643764,0.002810071334563,0.0022092407647058,0.9411764705882352,False,16.0,17.0,0.002810071334563,0.0028100713361765,0.0022092407670061,0,0,15,3601,confirm,37.0
tour_h1,tour,holdout,unguarded_linear,13512,1024,1024,1024,2.0101248539999688,964,True,0.0637542658827854,0.0004954870521802,0.0008728172842105,0.8947368421052632,False,17.0,19.0,0.0004954870521802,0.0004954870546022,0.0008728172871358,0,0,15,4230,confirm,23.0
job_h2,job,holdout,no_uncertainty_linear,13507,1024,1024,1024,1.585540845999958,997,True,0.1050979536692736,0.0058159985730793,0.002132482475862,0.896551724137931,False,28.0,29.0,0.0058159985730793,0.0058159985759817,0.0021324824786293,0,0,15,5346,confirm,34.0
job_h2,job,holdout,random_residual,13507,1024,1024,1024,1.0472632729999989,998,True,0.1426581646512145,0.0255795125918208,0.0127077092083275,0.6206896551724138,False,21.0,29.0,0.0255795125918208,0.0255795125921062,0.0127077092069598,0,0,0,0,confirm,514.0
job_h1,job,holdout,scalar_linear,13502,1024,1024,1024,2.271182834000001,871,True,0.0867439658623566,0.004748272546794,0.0031656740235294,0.8823529411764706,False,15.0,17.0,0.004748272546794,0.0047482725435619,0.003165674023424,0,0,15,2757,confirm,188.0
tour_h2,tour,holdout,scalar_linear,13507,1024,1024,1024,1.3017294539999966,1013,True,0.1057188093811389,0.0,0.0,1.0,True,20.0,20.0,0.0,0.0,2.6433881538694198e-18,0,0,15,5643,confirm,557.0
tour_h1,tour,holdout,raw_linear,13506,1024,1024,1024,1.6448516549999113,975,True,0.1593087882697668,0.0004954870521802,0.0008728172842105,0.8947368421052632,False,17.0,19.0,0.0004954870521802,0.0004954870546022,0.0008728172871358,0,0,15,4186,confirm,27.0
tour_h2,tour,holdout,fast_v10,13501,1024,1024,1024,0.5966903550001916,1009,True,0.123983331949032,0.0,0.0,1.0,True,20.0,20.0,0.0,0.0,2.6433881538694198e-18,0,0,0,0,confirm,0.0
job_h1,job,holdout,nsga2_guarded,13510,1024,1024,1024,2.1349852330001795,898,True,0.1181101309950433,0.004748272546794,0.0031656740235294,0.8823529411764706,False,15.0,17.0,0.004748272546794,0.0047482725435619,0.003165674023424,0,0,15,3521,confirm,35.0
tour_h1,tour,holdout,fast_v10,13503,1024,1024,1024,0.584996584999999,1002,True,0.1431849946296141,0.0,0.0,1.0,True,19.0,19.0,0.0,0.0,0.0,0,0,0,0,confirm,0.0
tour_h4,tour,holdout,fast_v10,13512,1024,1024,1024,0.6593171510000957,1004,True,0.1138145706027264,0.0068418536496536,0.0036548829021458,0.8333333333333334,False,23.0,24.0,0.0068418536496536,0.006841853649845,0.0035086875863505,0,0,0,0,confirm,0.0
job_h4,job,holdout,guarded_linear,13512,1024,1024,1024,1.5659017529999346,1002,True,0.1311301228481512,0.0030872579815252,0.0025516606785714,0.75,False,22.0,28.0,0.0030872579815252,0.0030872579856347,0.0025516606770258,0,0,15,5440,confirm,60.0
tour_h3,tour,holdout,fast_v10,13506,1024,1024,1024,0.9953033990000222,936,True,0.0638626522834165,9.35798432435786e-06,6.120582352941341e-05,0.9411764705882352,False,16.0,17.0,9.35798432435786e-06,9.35798359623038e-06,6.120581935836102e-05,0,0,0,0,confirm,0.0
rgv_h1,rgv,holdout,scalar_linear,13512,1024,1024,1024,1.818158779999976,1002,True,0.0807900579308642,0.0085356649822784,0.0023625334847666,0.7142857142857143,False,8.0,7.0,0.0085356649822784,0.0085356649921128,0.0023625334909014,0,0,15,5337,confirm,531.0
job_h2,job,holdout,guarded_linear,13501,1024,1024,1024,1.7210092400000576,1000,True,0.1156229171687948,0.0034238114830989,0.0016391666655172,0.896551724137931,False,26.0,29.0,0.0034238114830989,0.0034238114805249,0.0016391666643754,0,0,15,5685,confirm,62.0
job_h2,job,holdout,unguarded_linear,13507,1024,1024,1024,1.657153560999859,992,True,0.1105747196488981,3.136954644341288e-05,0.0001597824999999,0.896551724137931,False,26.0,29.0,3.136954644341288e-05,3.136954704816391e-05,0.0001597825020449,0,0,15,5192,confirm,56.0
job_h2,job,holdout,nsga2_guarded,13507,1024,1024,1024,1.612826909999967,994,True,0.1344287844924445,3.136954644341288e-05,0.0001597824999999,0.896551724137931,False,26.0,29.0,3.136954644341288e-05,3.136954704816391e-05,0.0001597825020449,0,0,15,5662,confirm,92.0
rgv_h4,rgv,holdout,unguarded_linear,13504,1024,1024,1024,1.623231290999911,1005,True,0.1161328235132043,0.0003784420394762,0.0005351235666666,0.9166666666666666,False,12.0,12.0,0.0003784420394762,0.0003784420378461,0.0005351235648958,0,0,15,5302,confirm,237.0
rgv_h3,rgv,holdout,random_residual,13505,1024,1024,1024,1.284208789000104,1000,True,0.1394324293169945,0.0,0.0,1.0,True,4.0,4.0,0.0,0.0,0.0,0,0,0,0,confirm,497.0
tour_h3,tour,holdout,raw_linear,13507,1024,1024,1024,1.815317627000013,948,True,0.1033390112280358,0.0,0.0,1.0,True,17.0,17.0,0.0,0.0,0.0,0,0,15,4000,confirm,38.0
job_h1,job,holdout,raw_linear,13502,1024,1024,1024,2.180481383999904,872,True,0.087276386792761,0.004748272546794,0.0031656740235294,0.8823529411764706,False,15.0,17.0,0.004748272546794,0.0047482725435619,0.003165674023424,0,0,15,2825,confirm,12.0
rgv_h4,rgv,holdout,nsga2_guarded,13511,1024,1024,1024,1.2375200640001367,1015,True,0.1638053677092833,0.0014982864311507,0.0006324187583333,0.9166666666666666,False,12.0,12.0,0.0014982864311507,0.0014982864316546,0.0006324187585133,0,0,15,6237,confirm,263.0
tour_h4,tour,holdout,random_residual,13511,1024,1024,1024,0.9261545039998964,1012,True,0.1130303694234487,0.0020713616030334,0.0020426805922725,0.7916666666666666,False,20.0,24.0,0.0020713616030334,0.0020713615960233,0.0019609733663455,0,0,0,0,confirm,587.0
rgv_h2,rgv,holdout,nsga2_typed,13512,1024,1024,1024,0.4432879569999386,1012,True,0.1190892176811872,0.0,0.0,1.0,True,5.0,5.0,0.0,0.0,0.0,0,0,0,0,confirm,0.0
tour_h2,tour,holdout,unguarded_linear,13504,1024,1024,1024,1.4712592690000292,1004,True,0.125454035477645,0.0,0.0,1.0,True,20.0,20.0,0.0,0.0,2.6433881538694198e-18,0,0,15,5503,confirm,52.0
tour_h4,tour,holdout,scalar_linear,13509,1024,1024,1024,1.5656961889999366,1004,True,0.1511382762392654,0.0076543699663595,0.0040783981876636,0.8333333333333334,False,22.0,24.0,0.0076543699663595,0.0076543699660794,0.0039152622602449,0,0,15,4944,confirm,495.0
rgv_h4,rgv,holdout,unguarded_linear,13505,1024,1024,1024,1.5204155219998938,1010,True,0.0926615329495841,0.0019512700865381,0.0020813184583333,0.6666666666666666,False,8.0,12.0,0.0019512700865381,0.001951270083016,0.0020813184515252,0,0,15,5636,confirm,228.0
rgv_h4,rgv,holdout,random_residual,13501,1024,1024,1024,1.3303121989999909,1011,True,0.0439692021496346,0.0,0.0,1.0,True,12.0,12.0,0.0,0.0,0.0,0,0,0,0,confirm,550.0
job_h3,job,holdout,fast_v10,13506,1024,1024,1024,0.8063018910002029,974,True,0.0866198223711363,0.0022087491773913,0.0024682956652173,0.8695652173913043,False,20.0,23.0,0.0022087491773913,0.0022087491823143,0.0024682956675677,0,0,0,0,confirm,0.0
job_h3,job,holdout,scalar_linear,13509,1024,1024,1024,1.875191173000076,974,True,0.0846919000663645,0.0003623646267583,0.000135680847826,0.9565217391304348,False,22.0,23.0,0.0003623646267583,0.0003623646309846,0.0001356808494088,0,0,15,4635,confirm,449.0
rgv_h2,rgv,holdout,unguarded_linear,13510,1024,1024,1024,2.120357552000087,975,True,0.0945749111078096,0.0,0.0,1.0,True,5.0,5.0,0.0,0.0,0.0,0,0,15,4763,confirm,215.0
rgv_h1,rgv,holdout,raw_linear,13509,1024,1024,1024,1.3098197519998394,1014,True,0.1005285866146875,0.0,0.0,1.0,True,7.0,7.0,0.0,0.0,0.0,0,0,15,5590,confirm,147.0
job_h2,job,holdout,unguarded_linear,13501,1024,1024,1024,1.3832330660000025,1000,True,0.1156229171687948,0.0034238114830989,0.0016391666655172,0.896551724137931,False,26.0,29.0,0.0034238114830989,0.0034238114805249,0.0016391666643754,0,0,15,5685,confirm,62.0
tour_h3,tour,holdout,nsga2_typed,13505,1024,1024,1024,0.735366858000134,969,True,0.113991726914614,0.0015199456388592,0.0011156907821896,0.9411764705882352,False,17.0,17.0,0.0015199456388592,0.0015199456359826,0.0011156907824308,0,0,0,0,confirm,0.0
tour_h4,tour,holdout,nsga2_typed,13512,1024,1024,1024,0.4348071289998643,1009,True,0.1269485282319664,0.0061788909485606,0.0037695787119263,0.8333333333333334,False,25.0,24.0,0.0061788909485606,0.0061788909442918,0.0036187955599088,0,0,0,0,confirm,0.0
job_h1,job,holdout,guarded_linear,13509,1024,1024,1024,2.328329918999998,891,True,0.0670023979642463,0.004748272546794,0.0031656740235294,0.8823529411764706,False,15.0,17.0,0.004748272546794,0.0047482725435619,0.003165674023424,0,0,15,2777,confirm,20.0
job_h3,job,holdout,nsga2_typed,13510,1024,1024,1024,0.613590707999947,979,True,0.1289937212350582,0.0064005984918295,0.0029143484695652,0.8695652173913043,False,21.0,23.0,0.0064005984918295,0.0064005984975158,0.0029143484704116,0,0,0,0,confirm,0.0
job_h4,job,holdout,guarded_linear,13503,1024,1024,1024,1.4184767379999812,1001,True,0.1035867986702561,0.002166798780489,0.0018474390880551,0.8214285714285714,False,24.0,28.0,0.002166798780489,0.0021667987864183,0.0018474390896872,0,0,15,5527,confirm,45.0
job_h2,job,holdout,scalar_linear,13506,1024,1024,1024,1.281146157000194,1007,True,0.1072240706378429,0.0,0.0,1.0,True,29.0,29.0,0.0,0.0,0.0,0,0,15,5884,confirm,570.0
job_h1,job,holdout,fast_v10,13511,1024,1024,1024,1.0963061899999502,867,True,0.0886079342623156,0.004748272546794,0.0031656740235294,0.8823529411764706,False,15.0,17.0,0.004748272546794,0.0047482725435619,0.003165674023424,0,0,0,0,confirm,0.0
tour_h2,tour,holdout,scalar_linear,13505,1024,1024,1024,1.5007396510000035,999,True,0.1090555739061577,0.0,0.0,1.0,True,20.0,20.0,0.0,0.0,2.6433881538694198e-18,0,0,15,5173,confirm,514.0
tour_h3,tour,holdout,random_residual,13506,1024,1024,1024,1.7819774370000232,946,True,0.0626332902557758,0.0010533387467726,0.0006223778529411,0.8823529411764706,False,15.0,17.0,0.0010533387467726,0.0010533387495005,0.0006223778506356,0,0,0,0,confirm,349.0
rgv_h3,rgv,holdout,nsga2_typed,13503,1024,1024,1024,0.5709896790001494,1012,True,0.1268706055800177,0.0,0.0,1.0,True,4.0,4.0,0.0,0.0,0.0,0,0,0,0,confirm,0.0
tour_h2,tour,holdout,guarded_linear,13503,1024,1024,1024,1.563903420000088,1001,True,0.1034912859976356,0.0,0.0,1.0,True,20.0,20.0,0.0,0.0,2.6433881538694198e-18,0,0,15,5328,confirm,28.0
rgv_h3,rgv,holdout,no_uncertainty_linear,13512,1024,1024,1024,1.8572180959999969,978,True,0.0854216729584751,0.0,0.0,1.0,True,4.0,4.0,0.0,0.0,0.0,0,0,15,4791,confirm,152.0
rgv_h1,rgv,holdout,nsga2_guarded,13512,1024,1024,1024,0.992395690000194,1023,True,0.0697355741368725,0.0,0.0,1.0,True,7.0,7.0,0.0,0.0,0.0,0,0,15,6792,confirm,318.0
rgv_h2,rgv,holdout,no_uncertainty_linear,13504,1024,1024,1024,1.9511162669998607,973,True,0.1003903206997283,0.0,0.0,1.0,True,5.0,5.0,0.0,0.0,0.0,0,0,15,4503,confirm,198.0
rgv_h4,rgv,holdout,no_uncertainty_linear,13502,1024,1024,1024,1.595850004000113,1014,True,0.1151737883128094,0.0,0.0,1.0,True,12.0,12.0,0.0,0.0,0.0,0,0,15,5556,confirm,219.0
tour_h4,tour,holdout,raw_linear,13504,1024,1024,1024,1.206820523000033,1004,True,0.1434517770409636,0.0080818910835982,0.004890892179533,0.75,False,24.0,24.0,0.0080818910835982,0.0080818910862446,0.0046952564948427,0,0,15,5762,confirm,14.0
tour_h4,tour,holdout,raw_linear,13503,1024,1024,1024,1.150886620999927,1001,True,0.123963120252153,0.0015909751237968,0.0009432493785503,0.9166666666666666,False,23.0,24.0,0.0015909751237968,0.0015909751196307,0.0009055194001756,0,0,15,5632,confirm,26.0
rgv_h2,rgv,holdout,no_uncertainty_linear,13509,1024,1024,1024,1.6014287970001533,1003,True,0.1243078439833889,0.0,0.0,1.0,True,5.0,5.0,0.0,0.0,0.0,0,0,15,5243,confirm,173.0
tour_h1,tour,holdout,guarded_linear,13505,1024,1024,1024,1.5889733139999862,994,True,0.0882837277878278,0.0,0.0,1.0,True,19.0,19.0,0.0,0.0,0.0,0,0,15,5178,confirm,34.0
rgv_h2,rgv,holdout,nsga2_guarded,13511,1024,1024,1024,0.9557154990000072,1023,True,0.1121211728897863,0.0004917271705655,0.00054054054,0.8,False,4.0,5.0,0.0004917271705655,0.0004917271710853,0.0005405405405405,0,0,15,6717,confirm,322.0
rgv_h1,rgv,holdout,random_residual,13509,1024,1024,1024,1.0560659459999897,1015,True,0.0996516531975811,0.0,0.0,1.0,True,7.0,7.0,0.0,0.0,0.0,0,0,0,0,confirm,594.0
rgv_h3,rgv,holdout,raw_linear,13508,1024,1024,1024,1.7475055089998932,985,True,0.0922302322932298,0.0,0.0,1.0,True,4.0,4.0,0.0,0.0,0.0,0,0,15,4807,confirm,231.0
job_h2,job,holdout,random_residual,13508,1024,1024,1024,1.1361957719998372,1001,True,0.1605314731758679,0.0086890423922212,0.0038689066034482,0.7586206896551724,False,22.0,29.0,0.0086890423922212,0.0086890423837943,0.0038689065979859,0,0,0,0,confirm,554.0
job_h3,job,holdout,raw_linear,13509,1024,1024,1024,1.7929983580002045,969,True,0.0924829887271605,0.0003623646267583,0.000135680847826,0.9565217391304348,False,22.0,23.0,0.0003623646267583,0.0003623646309846,0.0001356808494088,0,0,15,4419,confirm,16.0
tour_h2,tour,holdout,unguarded_linear,13512,1024,1024,1024,1.590866988000016,1005,True,0.1013088569238298,0.0,0.0,1.0,True,20.0,20.0,0.0,0.0,2.6433881538694198e-18,0,0,15,5576,confirm,40.0
job_h4,job,holdout,fast_v10,13511,1024,1024,1024,0.6388938360000793,984,True,0.1660537752917593,0.005209664955286,0.0036355255428571,0.7142857142857143,False,22.0,28.0,0.005209664955286,0.0052096649591465,0.0036355255426553,0,0,0,0,confirm,0.0
tour_h2,tour,holdout,no_uncertainty_linear,13501,1024,1024,1024,1.552039767999986,1010,True,0.0918608294567741,0.0,0.0,1.0,True,20.0,20.0,0.0,0.0,2.6433881538694198e-18,0,0,15,5576,confirm,23.0
rgv_h4,rgv,holdout,nsga2_guarded,13512,1024,1024,1024,1.2524933370000326,1022,True,0.0630842234658192,0.0014982864311507,0.0006324187583333,0.9166666666666666,False,11.0,12.0,0.0014982864311507,0.0014982864316546,0.0006324187585133,0,0,15,6018,confirm,248.0
job_h4,job,holdout,random_residual,13511,1024,1024,1024,0.9283863999999084,1001,True,0.1408969782547397,0.004160345876863,0.0032716515392857,0.75,False,21.0,28.0,0.004160345876863,0.0041603458791825,0.0032716515348048,0,0,0,0,confirm,570.0
tour_h3,tour,holdout,no_uncertainty_linear,13508,1024,1024,1024,2.170275532000005,963,True,0.0865530287891086,0.0,0.0,1.0,True,17.0,17.0,0.0,0.0,0.0,0,0,15,4303,confirm,30.0
rgv_h2,rgv,holdout,guarded_linear,13504,1024,1024,1024,2.279309409000007,964,True,0.0993917574200413,0.0,0.0,1.0,True,5.0,5.0,0.0,0.0,0.0,0,0,15,4342,confirm,199.0
job_h2,job,holdout,nsga2_guarded,13511,1024,1024,1024,1.4346097710001686,995,True,0.1378807489825214,0.0014123087537915,0.0010974427137931,0.9310344827586208,False,28.0,29.0,0.0014123087537915,0.0014123087555193,0.0010974427138805,0,0,15,5723,confirm,95.0
job_h4,job,holdout,raw_linear,13506,1024,1024,1024,1.2516949900000327,1004,True,0.1164626881060732,0.0119433349898996,0.0065876426820103,0.75,False,24.0,28.0,0.0119433349898996,0.0119433349928367,0.0065876426833669,0,0,15,5524,confirm,50.0
rgv_h3,rgv,holdout,raw_linear,13501,1024,1024,1024,1.5588739400000122,988,True,0.0824528613809069,0.0,0.0,1.0,True,4.0,4.0,0.0,0.0,0.0,0,0,15,4367,confirm,176.0
rgv_h4,rgv,holdout,unguarded_linear,13512,1024,1024,1024,1.4258058000000349,1012,True,0.0406106150819253,0.0,0.0,1.0,True,12.0,12.0,0.0,0.0,0.0,0,0,15,5673,confirm,214.0
rgv_h2,rgv,holdout,random_residual,13501,1024,1024,1024,1.2371882959998857,999,True,0.0343887022938904,0.0,0.0,1.0,True,5.0,5.0,0.0,0.0,0.0,0,0,0,0,confirm,491.0
rgv_h3,rgv,holdout,fast_v10,13506,1024,1024,1024,0.6831694329998754,999,True,0.1301636342934003,0.0,0.0,1.0,True,4.0,4.0,0.0,0.0,0.0,0,0,0,0,confirm,0.0
rgv_h2,rgv,holdout,random_residual,13510,1024,1024,1024,1.4530407209999794,985,True,0.1033844015605398,0.0,0.0,1.0,True,5.0,5.0,0.0,0.0,0.0,0,0,0,0,confirm,443.0
tour_h2,tour,holdout,scalar_linear,13508,1024,1024,1024,1.4231300669998743,1008,True,0.1208663200428666,0.0,0.0,1.0,True,20.0,20.0,0.0,0.0,2.6433881538694198e-18,0,0,15,5315,confirm,521.0
tour_h3,tour,holdout,raw_linear,13504,1024,1024,1024,1.6508570349999443,973,True,0.1097444170014761,0.0,0.0,1.0,True,17.0,17.0,0.0,0.0,0.0,0,0,15,4176,confirm,23.0
rgv_h2,rgv,holdout,random_residual,13502,1024,1024,1024,1.5136090150001564,992,True,0.1384754338721197,0.0,0.0,1.0,True,5.0,5.0,0.0,0.0,0.0,0,0,0,0,confirm,507.0
job_h3,job,holdout,raw_linear,13511,1024,1024,1024,1.7429881559999103,951,True,0.0910085264027851,0.0012744134486319,0.0013019882565217,0.9130434782608696,False,21.0,23.0,0.0012744134486319,0.0012744134522864,0.0013019882584882,0,0,15,4324,confirm,8.0
job_h4,job,holdout,scalar_linear,13506,1024,1024,1024,1.6352332139999817,1005,True,0.0955800066590881,0.0005396813482387,0.0005805110178571,0.9285714285714286,False,26.0,28.0,0.0005396813482387,0.0005396813492254,0.0005805110187113,0,0,15,5751,confirm,571.0
rgv_h4,rgv,holdout,nsga2_typed,13509,1024,1024,1024,0.5357580320001034,1014,True,0.164222542718649,0.0001949549903903,0.0002756697166666,0.9166666666666666,False,11.0,12.0,0.0001949549903903,0.0001949549891935,0.0002756697152494,0,0,0,0,confirm,0.0
job_h3,job,holdout,guarded_linear,13510,1024,1024,1024,1.9378184909999163,983,True,0.1065912203145603,0.0012237597822561,0.0006956818217391,0.9130434782608696,False,21.0,23.0,0.0012237597822561,0.0012237597845138,0.0006956818218961,0,0,15,4825,confirm,58.0
tour_h2,tour,holdout,random_residual,13501,1024,1024,1024,0.9993833720000111,1017,True,0.1063225147115292,0.0,0.0,1.0,True,20.0,20.0,0.0,0.0,2.6433881538694198e-18,0,0,0,0,confirm,542.0
rgv_h4,rgv,holdout,nsga2_typed,13503,1024,1024,1024,0.4936031879999518,1008,True,0.1371799347616977,0.0004529836553873,0.0014488996999999,0.75,False,9.0,12.0,0.0004529836553873,0.0004529836513614,0.0014488996930118,0,0,0,0,confirm,0.0
job_h4,job,holdout,nsga2_guarded,13509,1024,1024,1024,1.2855385230000138,1002,True,0.1390075590604378,0.0016512224050849,0.001585515725,0.8571428571428571,False,24.0,28.0,0.0016512224050849,0.0016512224074753,0.0015855157263993,0,0,15,5939,confirm,80.0
tour_h1,tour,holdout,raw_linear,13503,1024,1024,1024,1.6303100130000985,982,True,0.1188052109503123,0.00020617925274,0.0001968325210526,0.9473684210526316,False,18.0,19.0,0.00020617925274,0.0002061792546505,0.0001968325225927,0,0,15,4583,confirm,30.0
tour_h4,tour,holdout,nsga2_typed,13505,1024,1024,1024,0.4540789570000925,1005,True,0.1680991259072838,0.0068418536496536,0.0036548829021458,0.8333333333333334,False,23.0,24.0,0.0068418536496536,0.006841853649845,0.0035086875863505,0,0,0,0,confirm,0.0
rgv_h1,rgv,holdout,fast_v10,13507,1024,1024,1024,0.5537913609998668,1001,True,0.1247092111005999,0.0,0.0,1.0,True,7.0,7.0,0.0,0.0,0.0,0,0,0,0,confirm,0.0
rgv_h2,rgv,holdout,unguarded_linear,13505,1024,1024,1024,1.6825755049999316,982,True,0.094056733475199,0.0015520997357438,0.0005586592199999,0.8,False,5.0,5.0,0.0015520997357438,0.0015520997299621,0.000558659217877,0,0,15,5007,confirm,208.0
job_h4,job,holdout,nsga2_guarded,13507,1024,1024,1024,1.3298294210001131,1002,True,0.1177272333663209,0.0023817343290994,0.0024322212594837,0.8214285714285714,False,24.0,28.0,0.0023817343290994,0.0023817343312601,0.0024322212608238,0,0,15,5684,confirm,79.0
job_h4,job,holdout,fast_v10,13505,1024,1024,1024,0.6360276369998701,978,True,0.1168975157754087,0.0101108453838561,0.0054595519,0.7142857142857143,False,22.0,28.0,0.0101108453838561,0.010110845379209,0.0054595518936441,0,0,0,0,confirm,0.0
tour_h4,tour,holdout,random_residual,13501,1024,1024,1024,0.9259602720001112,1011,True,0.1912503838013207,0.0068425551234286,0.0036816466396458,0.7916666666666666,False,22.0,24.0,0.0068425551234286,0.0068425551236836,0.0035343807741831,0,0,0,0,confirm,578.0
tour_h1,tour,holdout,nsga2_guarded,13503,1024,1024,1024,1.4289180779999242,1006,True,0.1655998134746683,0.0,0.0,1.0,True,19.0,19.0,0.0,0.0,0.0,0,0,15,5554,confirm,70.0
rgv_h2,rgv,holdout,raw_linear,13507,1024,1024,1024,1.6257652819999748,972,True,0.1065890656105354,0.0,0.0,1.0,True,5.0,5.0,0.0,0.0,0.0,0,0,15,4708,confirm,165.0
rgv_h1,rgv,holdout,random_residual,13510,1024,1024,1024,1.3131645619998835,1008,True,0.0973184666134407,0.0025007094745765,0.0005400540142857,0.8571428571428571,False,6.0,7.0,0.0025007094745765,0.0025007094330669,0.0005400540054005,0,0,0,0,confirm,499.0
tour_h3,tour,holdout,unguarded_linear,13509,1024,1024,1024,2.04041873999995,965,True,0.0974810623994949,9.35798432435786e-06,6.120582352941341e-05,0.9411764705882352,False,16.0,17.0,9.35798432435786e-06,9.35798359623038e-06,6.120581935836102e-05,0,0,15,4291,confirm,44.0
tour_h1,tour,holdout,scalar_linear,13507,1024,1024,1024,2.1289887460000045,958,True,0.1072618316282049,0.0021692883825034,0.0016120855894736,0.8421052631578947,False,16.0,19.0,0.0021692883825034,0.0021692883798048,0.0016120855901429,0,0,15,3932,confirm,345.0
tour_h1,tour,holdout,fast_v10,13512,1024,1024,1024,0.9649697680001736,965,True,0.0801082451715902,0.0004954870521802,0.0008728172842105,0.8947368421052632,False,17.0,19.0,0.0004954870521802,0.0004954870546022,0.0008728172871358,0,0,0,0,confirm,0.0
job_h1,job,holdout,unguarded_linear,13502,1024,1024,1024,2.4343235360001927,874,True,0.0867840538485112,0.004748272546794,0.0031656740235294,0.8823529411764706,False,15.0,17.0,0.004748272546794,0.0047482725435619,0.003165674023424,0,0,15,2775,confirm,13.0
tour_h1,tour,holdout,unguarded_linear,13509,1024,1024,1024,1.9755080620000167,981,True,0.1102439372067121,0.0,0.0,1.0,True,19.0,19.0,0.0,0.0,0.0,0,0,15,4549,confirm,28.0
job_h4,job,holdout,fast_v10,13506,1024,1024,1024,0.74036270900001,998,True,0.1032899709897632,0.0066959538130415,0.0034691269163628,0.7857142857142857,False,26.0,28.0,0.0066959538130415,0.0066959538161389,0.0034691269180642,0,0,0,0,confirm,0.0
rgv_h3,rgv,holdout,scalar_linear,13511,1024,1024,1024,2.046838149999985,985,True,0.0780473229586702,0.0,0.0,1.0,True,4.0,4.0,0.0,0.0,0.0,0,0,15,4713,confirm,443.0
job_h3,job,holdout,nsga2_typed,13503,1024,1024,1024,0.7583870810001372,981,True,0.1112634086591034,0.0021358086041296,0.0018619892304347,0.8695652173913043,False,20.0,23.0,0.0021358086041296,0.0021358086058156,0.0018619892309755,0,0,0,0,confirm,0.0
rgv_h3,rgv,holdout,nsga2_typed,13501,1024,1024,1024,0.4919787129999804,1011,True,0.1288985518371009,0.0,0.0,1.0,True,4.0,4.0,0.0,0.0,0.0,0,0,0,0,confirm,0.0
job_h4,job,holdout,unguarded_linear,13512,1024,1024,1024,1.5135794699999678,1002,True,0.1311301228481512,0.0030872579815252,0.0025516606785714,0.75,False,22.0,28.0,0.0030872579815252,0.0030872579856347,0.0025516606770258,0,0,15,5440,confirm,60.0
rgv_h3,rgv,holdout,nsga2_typed,13502,1024,1024,1024,0.3672440450000067,1014,True,0.1457832703941833,0.0,0.0,1.0,True,4.0,4.0,0.0,0.0,0.0,0,0,0,0,confirm,0.0
rgv_h2,rgv,holdout,scalar_linear,13508,1024,1024,1024,1.9686338129999967,992,True,0.0743498939159297,0.0035162613478292,0.00111731844,0.8,False,4.0,5.0,0.0035162613478292,0.0035162613351353,0.0011173184357541,0,0,15,4558,confirm,425.0
rgv_h2,rgv,holdout,nsga2_typed,13511,1024,1024,1024,0.271286019000172,1019,True,0.1146233695839648,1.3735395878210262e-05,0.00054054054,0.8,False,5.0,5.0,1.3735395878210262e-05,1.3735395840414329e-05,0.0005405405405405,0,0,0,0,confirm,0.0
job_h1,job,holdout,scalar_linear,13507,1024,1024,1024,2.4169995770000696,878,True,0.0924443545563347,0.004748272546794,0.0031656740235294,0.8823529411764706,False,15.0,17.0,0.004748272546794,0.0047482725435619,0.003165674023424,0,0,15,2769,confirm,202.0
tour_h2,tour,holdout,random_residual,13512,1024,1024,1024,1.081074327000124,1005,True,0.132783166865412,0.0,0.0,1.0,True,20.0,20.0,0.0,0.0,2.6433881538694198e-18,0,0,0,0,confirm,527.0
rgv_h4,rgv,holdout,no_uncertainty_linear,13509,1024,1024,1024,1.4563086860000567,1013,True,0.1791734114640391,0.0004529836553873,0.0014488996999999,0.75,False,9.0,12.0,0.0004529836553873,0.0004529836513614,0.0014488996930118,0,0,15,5630,confirm,210.0
job_h3,job,holdout,nsga2_guarded,13503,1024,1024,1024,1.5360236669998812,995,True,0.0871867853483326,0.0,0.0,1.0,True,23.0,23.0,0.0,0.0,0.0,0,0,15,5185,confirm,61.0
tour_h2,tour,holdout,raw_linear,13501,1024,1024,1024,1.3756557009999142,1004,True,0.1091913477608048,0.0001031751284101,4.3553725e-05,0.95,False,19.0,20.0,0.0001031751284101,0.0001031751313887,4.1479739292835765e-05,0,0,15,5231,confirm,25.0
job_h1,job,holdout,guarded_linear,13501,1024,1024,1024,2.508097631000055,876,True,0.0595165271484211,0.0067365671893697,0.0041468266058823,0.8235294117647058,False,14.0,17.0,0.0067365671893697,0.0067365671829325,0.0041468266041806,0,0,15,2838,confirm,18.0
job_h2,job,holdout,no_uncertainty_linear,13512,1024,1024,1024,1.5927280120001797,996,True,0.0990115761509543,0.0048600884038282,0.0023924728551724,0.8620689655172413,False,27.0,29.0,0.0048600884038282,0.0048600884008276,0.0023924728535281,0,0,15,5375,confirm,56.0
rgv_h3,rgv,holdout,no_uncertainty_linear,13510,1024,1024,1024,1.9921377660000417,972,True,0.1025098218680257,0.0,0.0,1.0,True,4.0,4.0,0.0,0.0,0.0,0,0,15,4629,confirm,141.0
tour_h1,tour,holdout,nsga2_typed,13503,1024,1024,1024,0.6261281449999387,994,True,0.1948019415742536,0.0050388137406307,0.0022211116842105,0.8421052631578947,False,18.0,19.0,0.0050388137406307,0.0050388137301356,0.0022211116767022,0,0,0,0,confirm,0.0
job_h2,job,holdout,nsga2_typed,13505,1024,1024,1024,0.6071558730000106,993,True,0.1235613880263937,0.0091554259895336,0.0039902325827586,0.7586206896551724,False,23.0,29.0,0.0091554259895336,0.0091554259929953,0.0039902325857852,0,0,0,0,confirm,0.0
rgv_h3,rgv,holdout,no_uncertainty_linear,13509,1024,1024,1024,1.6401024630001757,993,True,0.1252558772090145,0.0,0.0,1.0,True,4.0,4.0,0.0,0.0,0.0,0,0,15,5336,confirm,202.0
rgv_h4,rgv,holdout,random_residual,13505,1024,1024,1024,1.221685453999953,1009,True,0.1023053255142798,0.0019512700865381,0.0020813184583333,0.6666666666666666,False,8.0,12.0,0.0019512700865381,0.001951270083016,0.0020813184515252,0,0,0,0,confirm,534.0
rgv_h2,rgv,holdout,raw_linear,13511,1024,1024,1024,1.425309354999854,987,True,0.1255476400540366,0.0015520997357438,0.0005586592199999,0.8,False,5.0,5.0,0.0015520997357438,0.0015520997299621,0.000558659217877,0,0,15,5257,confirm,59.0
job_h2,job,holdout,nsga2_guarded,13510,1024,1024,1024,1.50543021999988,991,True,0.1029751563923963,0.0009562095725125,0.0009653540517241,0.896551724137931,False,27.0,29.0,0.0009562095725125,0.0009562095748941,0.0009653540558228,0,0,15,5326,confirm,68.0
tour_h3,tour,holdout,nsga2_typed,13501,1024,1024,1024,0.7262597510000433,971,True,0.1089514396764838,0.0015199456388592,0.0011156907821896,0.9411764705882352,False,17.0,17.0,0.0015199456388592,0.0015199456359826,0.0011156907824308,0,0,0,0,confirm,0.0
tour_h3,tour,holdout,fast_v10,13501,1024,1024,1024,0.7961397890001081,952,True,0.1109335052271624,9.35798432435786e-06,6.120582352941341e-05,0.9411764705882352,False,16.0,17.0,9.35798432435786e-06,9.35798359623038e-06,6.120581935836102e-05,0,0,0,0,confirm,0.0
rgv_h4,rgv,holdout,random_residual,13508,1024,1024,1024,1.4377121509999142,995,True,0.0541964835860728,0.0006479386457778,0.0017245694166666,0.6666666666666666,False,8.0,12.0,0.0006479386457778,0.0006479386405547,0.0017245694082612,0,0,0,0,confirm,477.0
tour_h2,tour,holdout,nsga2_guarded,13512,1024,1024,1024,1.4362649460001649,1005,True,0.1201750604505419,0.0,0.0,1.0,True,20.0,20.0,0.0,0.0,0.0,0,0,15,5986,confirm,60.0
job_h2,job,holdout,no_uncertainty_linear,13502,1024,1024,1024,1.4991268740000123,996,True,0.0654537342210599,0.0049968585000226,0.0025384747620689,0.896551724137931,False,29.0,29.0,0.0049968585000226,0.0049968585036951,0.0025384747613151,0,0,15,5502,confirm,32.0
job_h4,job,holdout,unguarded_linear,13506,1024,1024,1024,1.4451577180000186,995,True,0.0912070968332434,1.2358259734623114e-05,7.01011714285747e-05,0.9642857142857144,False,27.0,28.0,1.2358259734623114e-05,1.2358259674154405e-05,7.010117159754668e-05,0,0,15,5272,confirm,51.0
rgv_h3,rgv,holdout,no_uncertainty_linear,13505,1024,1024,1024,1.9039857660000048,979,True,0.1142579242275362,0.0,0.0,1.0,True,4.0,4.0,0.0,0.0,0.0,0,0,15,4712,confirm,136.0
job_h3,job,holdout,random_residual,13504,1024,1024,1024,1.174505353000086,993,True,0.0966185497727753,5.861053768012878e-05,0.0001518577554343,0.9565217391304348,False,23.0,23.0,5.861053768012878e-05,5.861053681831795e-05,0.0001518577539259,0,0,0,0,confirm,487.0
job_h4,job,holdout,raw_linear,13508,1024,1024,1024,1.1186652169999434,1008,True,0.111024125953732,0.0041275485795279,0.0032582811428571,0.8214285714285714,False,24.0,28.0,0.0041275485795279,0.0041275485770518,0.0032582811437354,0,0,15,5581,confirm,35.0
tour_h3,tour,holdout,nsga2_guarded,13510,1024,1024,1024,1.599056838000024,975,True,0.0955343963379094,0.0,0.0,1.0,True,17.0,17.0,0.0,0.0,0.0,0,0,15,4887,confirm,44.0
job_h4,job,holdout,fast_v10,13512,1024,1024,1024,0.4679888460000256,1003,True,0.1640290745144682,0.0230133708679221,0.0140732268787035,0.5357142857142857,False,28.0,28.0,0.0230133708679221,0.0230133708558061,0.0140732268732794,0,0,0,0,confirm,0.0
job_h2,job,holdout,guarded_linear,13504,1024,1024,1024,1.464646483000024,1000,True,0.1117423391564547,0.0042731323451114,0.0021935263206896,0.8620689655172413,False,29.0,29.0,0.0042731323451114,0.0042731323464856,0.0021935263208022,0,0,15,5366,confirm,62.0
tour_h4,tour,holdout,scalar_linear,13512,1024,1024,1024,1.3717044369998348,1011,True,0.093410053640508,0.0,0.0,1.0,True,24.0,24.0,0.0,0.0,2.220446049250313e-18,0,0,15,5904,confirm,584.0
job_h1,job,holdout,scalar_linear,13508,1024,1024,1024,2.3677853799999866,866,True,0.0562006907796624,0.004748272546794,0.0031656740235294,0.8823529411764706,False,15.0,17.0,0.004748272546794,0.0047482725435619,0.003165674023424,0,0,15,2811,confirm,178.0
rgv_h4,rgv,holdout,fast_v10,13504,1024,1024,1024,0.6010455780001394,1002,True,0.1152670513384892,0.0,0.0,1.0,True,12.0,12.0,0.0,0.0,0.0,0,0,0,0,confirm,0.0
job_h2,job,holdout,unguarded_linear,13508,1024,1024,1024,1.4664181369998914,989,True,0.1395668386841691,0.0007375079693663,0.0010219937724137,0.8275862068965517,False,24.0,29.0,0.0007375079693663,0.0007375079663834,0.0010219937713443,0,0,15,5164,confirm,61.0
job_h3,job,holdout,nsga2_guarded,13512,1024,1024,1024,1.506310185999837,989,True,0.1163319975065671,0.0003623646267583,0.000135680847826,0.9565217391304348,False,22.0,23.0,0.0003623646267583,0.0003623646309846,0.0001356808494088,0,0,15,5119,confirm,77.0
rgv_h4,rgv,holdout,fast_v10,13510,1024,1024,1024,0.5840455029999703,1008,True,0.1496861826802333,0.0478299130323165,0.0043532338333333,0.8333333333333334,False,10.0,12.0,0.0478299130323165,0.0478299130105104,0.0043532338308457,0,0,0,0,confirm,0.0
tour_h3,tour,holdout,scalar_linear,13511,1024,1024,1024,2.218019671000093,930,True,0.0750322677059499,0.0010439807624482,0.0005611720294117,0.9411764705882352,False,16.0,17.0,0.0010439807624482,0.0010439807659043,0.0005611720312772,0,0,15,3776,confirm,329.0
job_h1,job,holdout,random_residual,13506,1024,1024,1024,2.0793729890001487,878,True,0.097935586129892,0.004748272546794,0.0031656740235294,0.8823529411764706,False,15.0,17.0,0.004748272546794,0.0047482725435619,0.003165674023424,0,0,0,0,confirm,213.0
job_h1,job,holdout,raw_linear,13509,1024,1024,1024,1.996973109999999,925,True,0.0701024910688794,0.0,0.0,1.0,True,17.0,17.0,0.0,0.0,0.0,0,0,15,3541,confirm,25.0
rgv_h1,rgv,holdout,nsga2_guarded,13505,1024,1024,1024,0.907527593000168,1023,True,0.1209652468991953,0.0,0.0,1.0,True,7.0,7.0,0.0,0.0,0.0,0,0,15,6682,confirm,303.0
tour_h2,tour,holdout,fast_v10,13511,1024,1024,1024,0.6426172229998883,994,True,0.1271109310373385,0.0001031751284101,4.3553725e-05,0.95,False,19.0,20.0,0.0001031751284101,0.0001031751313887,4.1479739292835765e-05,0,0,0,0,confirm,0.0
tour_h3,tour,holdout,guarded_linear,13501,1024,1024,1024,1.7491903750001256,960,True,0.105673503761681,0.0,0.0,1.0,True,17.0,17.0,0.0,0.0,0.0,0,0,15,4217,confirm,35.0
tour_h2,tour,holdout,fast_v10,13504,1024,1024,1024,0.6139453670000421,998,True,0.1544944870334219,0.0001031751284101,4.3553725e-05,0.95,False,19.0,20.0,0.0001031751284101,0.0001031751313887,4.1479739292835765e-05,0,0,0,0,confirm,0.0
tour_h2,tour,holdout,fast_v10,13510,1024,1024,1024,0.590560140999969,984,True,0.1085754430141092,2.903049485745648e-05,2.816107999999984e-05,0.95,False,19.0,20.0,2.903049485745648e-05,2.903049158356909e-05,2.6820073163238845e-05,0,0,0,0,confirm,0.0
rgv_h1,rgv,holdout,raw_linear,13501,1024,1024,1024,1.245582258000013,1002,True,0.054184733921066,0.0,0.0,1.0,True,7.0,7.0,0.0,0.0,0.0,0,0,15,5468,confirm,106.0
rgv_h4,rgv,holdout,random_residual,13504,1024,1024,1024,1.1738871219999965,1010,True,0.1163805883565453,0.0003784420394762,0.0005351235666666,0.9166666666666666,False,12.0,12.0,0.0003784420394762,0.0003784420378461,0.0005351235648958,0,0,0,0,confirm,542.0
tour_h4,tour,holdout,unguarded_linear,13501,1024,1024,1024,1.3320286670000314,1006,True,0.1427170143072718,0.0068418536496536,0.0036548829021458,0.8333333333333334,False,23.0,24.0,0.0068418536496536,0.006841853649845,0.0035086875863505,0,0,15,5669,confirm,74.0
rgv_h1,rgv,holdout,nsga2_typed,13505,1024,1024,1024,0.3075677209999412,1022,True,0.1579144083687766,0.0025007094745765,0.0005400540142857,0.8571428571428571,False,6.0,7.0,0.0025007094745765,0.0025007094330669,0.0005400540054005,0,0,0,0,confirm,0.0
job_h4,job,holdout,unguarded_linear,13510,1024,1024,1024,1.45725206599991,992,True,0.0974914196765101,0.0021936938274613,0.001784893020198,0.8214285714285714,False,24.0,28.0,0.0021936938274613,0.0021936938340563,0.0017848930224921,0,0,15,5331,confirm,42.0
rgv_h1,rgv,holdout,nsga2_typed,13506,1024,1024,1024,0.5112835069999164,1016,True,0.0732686519059692,0.0,0.0,1.0,True,7.0,7.0,0.0,0.0,0.0,0,0,0,0,confirm,0.0
tour_h4,tour,holdout,nsga2_typed,13503,1024,1024,1024,0.4480873279999287,1008,True,0.1484336151849173,0.0100340278733041,0.0058307267866107,0.75,False,23.0,24.0,0.0100340278733041,0.0100340278642825,0.0055974977094606,0,0,0,0,confirm,0.0
job_h3,job,holdout,guarded_linear,13507,1024,1024,1024,1.6338187150001886,977,True,0.0725348849764484,0.0003623646267583,0.000135680847826,0.9565217391304348,False,22.0,23.0,0.0003623646267583,0.0003623646309846,0.0001356808494088,0,0,15,4771,confirm,35.0
job_h3,job,holdout,no_uncertainty_linear,13502,1024,1024,1024,1.765805908999937,978,True,0.0816717541837519,0.0012237597822561,0.0006956818217391,0.9130434782608696,False,21.0,23.0,0.0012237597822561,0.0012237597845138,0.0006956818218961,0,0,15,4738,confirm,37.0
rgv_h3,rgv,holdout,random_residual,13501,1024,1024,1024,1.1263689249999516,999,True,0.0863434667001293,0.0034328870529253,0.004716981125,0.75,False,4.0,4.0,0.0034328870529253,0.0034328870580157,0.0047169811320754,0,0,0,0,confirm,509.0
job_h1,job,holdout,random_residual,13503,1024,1024,1024,1.9866859960000056,856,True,0.0610516183681504,0.004748272546794,0.0031656740235294,0.8823529411764706,False,15.0,17.0,0.004748272546794,0.0047482725435619,0.003165674023424,0,0,0,0,confirm,208.0
job_h2,job,holdout,nsga2_guarded,13508,1024,1024,1024,1.287307121999902,1000,True,0.119200963018712,3.092182119770471e-05,0.0001545926793103,0.9310344827586208,False,27.0,29.0,3.092182119770471e-05,3.092182194686694e-05,0.0001545926829888,0,0,15,5669,confirm,73.0
rgv_h2,rgv,holdout,fast_v10,13503,1024,1024,1024,0.7632523370000399,997,True,0.0716606996160021,0.0035162613478292,0.00111731844,0.8,False,4.0,5.0,0.0035162613478292,0.0035162613351353,0.0011173184357541,0,0,0,0,confirm,0.0
tour_h3,tour,holdout,unguarded_linear,13504,1024,1024,1024,1.6607421950000116,978,True,0.1009308994383581,0.0,0.0,1.0,True,17.0,17.0,0.0,0.0,0.0,0,0,15,4679,confirm,47.0
job_h3,job,holdout,raw_linear,13502,1024,1024,1024,1.428611725999872,997,True,0.0986045600698134,0.0012237597822561,0.0006956818217391,0.9130434782608696,False,21.0,23.0,0.0012237597822561,0.0012237597845138,0.0006956818218961,0,0,15,4846,confirm,23.0
rgv_h4,rgv,holdout,scalar_linear,13510,1024,1024,1024,1.3837846209999043,1014,True,0.1552696935500105,0.0003784420394762,0.0005351235666666,0.9166666666666666,False,12.0,12.0,0.0003784420394762,0.0003784420378461,0.0005351235648958,0,0,15,5785,confirm,573.0
tour_h4,tour,holdout,raw_linear,13506,1024,1024,1024,1.3452706639998269,990,True,0.1594032712534133,0.0018217309169087,0.001043036507717,0.8333333333333334,False,21.0,24.0,0.0018217309169087,0.0018217309075976,0.0010013150424218,0,0,15,5074,confirm,30.0
tour_h2,tour,holdout,no_uncertainty_linear,13512,1024,1024,1024,1.3971588189999693,995,True,0.1145190382180408,0.0,0.0,1.0,True,20.0,20.0,0.0,0.0,2.6433881538694198e-18,0,0,15,5474,confirm,38.0
job_h1,job,holdout,raw_linear,13506,1024,1024,1024,2.318986112999937,880,True,0.1005514383144097,0.004748272546794,0.0031656740235294,0.8823529411764706,False,15.0,17.0,0.004748272546794,0.0047482725435619,0.003165674023424,0,0,15,2974,confirm,38.0
job_h4,job,holdout,raw_linear,13505,1024,1024,1024,1.138165689000061,1003,True,0.1018605202445239,0.0047169844279998,0.0024771541571428,0.8571428571428571,False,25.0,28.0,0.0047169844279998,0.0047169844298515,0.0024771541598433,0,0,15,5541,confirm,37.0
rgv_h4,rgv,holdout,scalar_linear,13512,1024,1024,1024,1.5852327109998896,1017,True,0.0420632017696944,0.0014982864311507,0.0006324187583333,0.9166666666666666,False,11.0,12.0,0.0014982864311507,0.0014982864316546,0.0006324187585133,0,0,15,5615,confirm,547.0
tour_h1,tour,holdout,scalar_linear,13511,1024,1024,1024,1.9926222970000251,967,True,0.1071781046510835,0.001673801330323,0.0007392683052631,0.9473684210526316,False,18.0,19.0,0.001673801330323,0.0016738013252025,0.0007392683030071,0,0,15,4030,confirm,373.0
job_h1,job,holdout,random_residual,13504,1024,1024,1024,2.10317784200015,864,True,0.0866899041528552,0.004748272546794,0.0031656740235294,0.8823529411764706,False,15.0,17.0,0.004748272546794,0.0047482725435619,0.003165674023424,0,0,0,0,confirm,214.0
job_h2,job,holdout,scalar_linear,13512,1024,1024,1024,1.5595124320000195,1008,True,0.101119401905471,0.0147930069742501,0.004343047634999,0.7586206896551724,False,27.0,29.0,0.0147930069742501,0.0147930069751477,0.0043430476370046,0,0,15,5105,confirm,508.0
rgv_h2,rgv,holdout,no_uncertainty_linear,13501,1024,1024,1024,1.7755799179999483,977,True,0.0342313339056853,0.0,0.0,1.0,True,5.0,5.0,0.0,0.0,0.0,0,0,15,4765,confirm,174.0
tour_h4,tour,holdout,fast_v10,13510,1024,1024,1024,0.7540562829999544,986,True,0.1258458381979314,0.0155776828406934,0.0101780425414264,0.75,False,22.0,24.0,0.0155776828406934,0.0155776828360702,0.0097709208417952,0,0,0,0,confirm,0.0
job_h3,job,holdout,random_residual,13503,1024,1024,1024,1.6518906239998614,953,True,0.0965521067540409,0.0050750070921584,0.0027295130085211,0.8260869565217391,False,22.0,23.0,0.0050750070921584,0.0050750070919814,0.0027295130048814,0,0,0,0,confirm,379.0
job_h2,job,holdout,random_residual,13501,1024,1024,1024,1.3801250490000712,996,True,0.1496762314157504,0.0237036784918469,0.011414361437981,0.6551724137931034,False,26.0,29.0,0.0237036784918469,0.0237036784958576,0.0114143614390397,0,0,0,0,confirm,528.0
job_h1,job,holdout,no_uncertainty_linear,13507,1024,1024,1024,2.420963611999923,863,True,0.0880295331187595,0.004748272546794,0.0031656740235294,0.8823529411764706,False,15.0,17.0,0.004748272546794,0.0047482725435619,0.003165674023424,0,0,15,2830,confirm,10.0
job_h1,job,holdout,random_residual,13507,1024,1024,1024,2.434853338000039,890,True,0.1044744763456993,0.004748272546794,0.0031656740235294,0.8823529411764706,False,15.0,17.0,0.004748272546794,0.0047482725435619,0.003165674023424,0,0,0,0,confirm,233.0
rgv_h2,rgv,holdout,guarded_linear,13501,1024,1024,1024,1.748422464999976,991,True,0.042721378303433,0.0,0.0,1.0,True,5.0,5.0,0.0,0.0,0.0,0,0,15,4998,confirm,250.0
tour_h1,tour,holdout,scalar_linear,13504,1024,1024,1024,2.0909936670000207,950,True,0.1181027581185921,0.000205067463522,0.0004791522421052,0.9473684210526316,False,18.0,19.0,0.000205067463522,0.000205067463398,0.0004791522419502,0,0,15,3921,confirm,357.0
tour_h3,tour,holdout,unguarded_linear,13506,1024,1024,1024,1.960054009000032,960,True,0.0576529055963942,9.35798432435786e-06,6.120582352941341e-05,0.9411764705882352,False,16.0,17.0,9.35798432435786e-06,9.35798359623038e-06,6.120581935836102e-05,0,0,15,4090,confirm,28.0
rgv_h2,rgv,holdout,fast_v10,13512,1024,1024,1024,0.5599425590000919,1010,True,0.0759695718062707,0.0015520997357438,0.0005586592199999,0.8,False,5.0,5.0,0.0015520997357438,0.0015520997299621,0.000558659217877,0,0,0,0,confirm,0.0
tour_h1,tour,holdout,nsga2_typed,13501,1024,1024,1024,0.6348805929999344,988,True,0.1503633751772136,0.0095606136118563,0.0045473339526315,0.8421052631578947,False,18.0,19.0,0.0095606136118563,0.0095606136204428,0.0045473339523618,0,0,0,0,confirm,0.0
tour_h3,tour,holdout,fast_v10,13505,1024,1024,1024,0.7561703629999101,957,True,0.0927772779751939,0.0015199456388592,0.0011156907821896,0.9411764705882352,False,17.0,17.0,0.0015199456388592,0.0015199456359826,0.0011156907824308,0,0,0,0,confirm,0.0
tour_h1,tour,holdout,unguarded_linear,13504,1024,1024,1024,1.84358412000006,984,True,0.1134922166378331,0.0,0.0,1.0,True,19.0,19.0,0.0,0.0,0.0,0,0,15,4550,confirm,32.0
rgv_h2,rgv,holdout,unguarded_linear,13501,1024,1024,1024,1.834271913999828,991,True,0.042721378303433,0.0,0.0,1.0,True,5.0,5.0,0.0,0.0,0.0,0,0,15,4998,confirm,250.0
job_h3,job,holdout,unguarded_linear,13511,1024,1024,1024,1.9446910119997936,994,True,0.0784985867741751,0.0012237597822561,0.0006956818217391,0.9130434782608696,False,21.0,23.0,0.0012237597822561,0.0012237597845138,0.0006956818218961,0,0,15,4676,confirm,42.0
job_h4,job,holdout,raw_linear,13504,1024,1024,1024,1.6575337449999097,973,True,0.1399251127624683,0.0103056549841437,0.0062573373199342,0.6428571428571429,False,23.0,28.0,0.0103056549841437,0.0103056549819553,0.0062573373147749,0,0,15,4844,confirm,27.0
rgv_h3,rgv,holdout,guarded_linear,13512,1024,1024,1024,1.9532512289999888,981,True,0.0762673074667972,0.0,0.0,1.0,True,4.0,4.0,0.0,0.0,0.0,0,0,15,4812,confirm,195.0
job_h4,job,holdout,nsga2_typed,13510,1024,1024,1024,0.6695575659998667,984,True,0.1468029216937943,0.0027652946164064,0.0025431750059123,0.75,False,22.0,28.0,0.0027652946164064,0.0027652946206849,0.0025431750036885,0,0,0,0,confirm,0.0
rgv_h4,rgv,holdout,nsga2_guarded,13502,1024,1024,1024,1.3512976729998627,1020,True,0.0699880383553894,0.0,0.0,1.0,True,12.0,12.0,0.0,0.0,0.0,0,0,15,6350,confirm,277.0
job_h2,job,holdout,raw_linear,13504,1024,1024,1024,1.4368994320000184,1008,True,0.1342460187504567,0.0124636970590641,0.0049578263261129,0.7241379310344828,False,27.0,29.0,0.0124636970590641,0.0124636970641986,0.0049578263291166,0,0,15,5851,confirm,29.0
rgv_h2,rgv,holdout,guarded_linear,13505,1024,1024,1024,1.7492090640000697,982,True,0.094056733475199,0.0015520997357438,0.0005586592199999,0.8,False,5.0,5.0,0.0015520997357438,0.0015520997299621,0.000558659217877,0,0,15,5007,confirm,208.0
job_h4,job,holdout,scalar_linear,13511,1024,1024,1024,1.2682899409999209,1011,True,0.1379624036326923,0.0009081838042791,0.0010666202059123,0.8928571428571429,False,26.0,28.0,0.0009081838042791,0.0009081838040901,0.0010666202059482,0,0,15,5741,confirm,575.0
rgv_h1,rgv,holdout,no_uncertainty_linear,13502,1024,1024,1024,1.536609722999856,1004,True,0.0728391725019811,0.0019816942477348,0.000540054,0.8571428571428571,False,7.0,7.0,0.0019816942477348,0.0019816942677134,0.0005400540054005,0,0,15,5958,confirm,237.0
tour_h2,tour,holdout,nsga2_guarded,13505,1024,1024,1024,1.4987622710000323,1004,True,0.1454421282974762,0.0,0.0,1.0,True,20.0,20.0,0.0,0.0,0.0,0,0,15,5781,confirm,81.0
rgv_h4,rgv,holdout,fast_v10,13511,1024,1024,1024,0.7116853009999886,1003,True,0.0827544938096705,0.0014982864311507,0.0006324187583333,0.9166666666666666,False,12.0,12.0,0.0014982864311507,0.0014982864316546,0.0006324187585133,0,0,0,0,confirm,0.0
job_h3,job,holdout,random_residual,13510,1024,1024,1024,1.204416603999789,992,True,0.1313648310756767,0.0013656590850618,0.0011572342695652,0.8695652173913043,False,20.0,23.0,0.0013656590850618,0.0013656590862184,0.0011572342679791,0,0,0,0,confirm,515.0
job_h3,job,holdout,raw_linear,13504,1024,1024,1024,1.3973063969999655,993,True,0.0953072560930875,0.0,0.0,1.0,True,23.0,23.0,0.0,0.0,0.0,0,0,15,5147,confirm,13.0
job_h3,job,holdout,nsga2_guarded,13502,1024,1024,1024,1.49022099900003,981,True,0.0988556963740546,0.0003623646267583,0.000135680847826,0.9565217391304348,False,22.0,23.0,0.0003623646267583,0.0003623646309846,0.0001356808494088,0,0,15,5083,confirm,57.0
tour_h2,tour,holdout,raw_linear,13511,1024,1024,1024,1.0822489019999466,1008,True,0.1497555326301615,0.0007184492765797,0.000580025445,0.9,False,18.0,20.0,0.0007184492765797,0.0007184492835399,0.0005524051903979,0,0,15,5725,confirm,26.0
rgv_h2,rgv,holdout,no_uncertainty_linear,13502,1024,1024,1024,1.7112534689999848,996,True,0.1163685104786622,0.0,0.0,1.0,True,5.0,5.0,0.0,0.0,0.0,0,0,15,4997,confirm,194.0
tour_h3,tour,holdout,random_residual,13509,1024,1024,1024,1.4728288369999518,976,True,0.1225934825164726,0.0,0.0,1.0,True,17.0,17.0,0.0,0.0,0.0,0,0,0,0,confirm,415.0
job_h1,job,holdout,no_uncertainty_linear,13508,1024,1024,1024,2.666898645000174,867,True,0.0575197799156701,0.004748272546794,0.0031656740235294,0.8823529411764706,False,15.0,17.0,0.004748272546794,0.0047482725435619,0.003165674023424,0,0,15,2854,confirm,18.0
tour_h1,tour,holdout,random_residual,13503,1024,1024,1024,1.482664418000013,998,True,0.1527225187539541,0.000516779638529,0.0009265511473684,0.8421052631578947,False,16.0,19.0,0.000516779638529,0.0005167796401188,0.0009265511480223,0,0,0,0,confirm,488.0
tour_h4,tour,holdout,scalar_linear,13501,1024,1024,1024,1.6261329880001083,1009,True,0.1567363126578274,0.0,0.0,1.0,True,24.0,24.0,0.0,0.0,2.220446049250313e-18,0,0,15,5706,confirm,567.0
job_h2,job,holdout,guarded_linear,13505,1024,1024,1024,1.590450644999919,992,True,0.0934380437547811,3.136954644341288e-05,0.0001597824999999,0.896551724137931,False,26.0,29.0,3.136954644341288e-05,3.136954704816391e-05,0.0001597825020449,0,0,15,5159,confirm,52.0
tour_h3,tour,holdout,nsga2_guarded,13509,1024,1024,1024,1.8788442309999027,976,True,0.1305626919617788,0.0,0.0,1.0,True,17.0,17.0,0.0,0.0,0.0,0,0,15,5093,confirm,61.0
tour_h4,tour,holdout,fast_v10,13508,1024,1024,1024,0.4809218499999588,1011,True,0.1692751110135377,0.003038788637414,0.0030760661707012,0.8333333333333334,False,24.0,24.0,0.003038788637414,0.0030387886375108,0.0029530235244946,0,0,0,0,confirm,0.0
rgv_h1,rgv,holdout,nsga2_guarded,13508,1024,1024,1024,0.9783992920001764,1022,True,0.0863883891662899,0.0,0.0,1.0,True,7.0,7.0,0.0,0.0,0.0,0,0,15,6832,confirm,307.0
job_h3,job,holdout,fast_v10,13503,1024,1024,1024,0.5640618069999164,1005,True,0.0881798014559323,0.0030662175940618,0.0022608550563471,0.9130434782608696,False,23.0,23.0,0.0030662175940618,0.0030662175911386,0.0022608550539511,0,0,0,0,confirm,0.0
tour_h4,tour,holdout,nsga2_typed,13502,1024,1024,1024,0.3897733339999831,1010,True,0.1730778300712492,0.0076550714401345,0.0041051619251636,0.7916666666666666,False,21.0,24.0,0.0076550714401345,0.007655071439918,0.0039409554480775,0,0,0,0,confirm,0.0
rgv_h4,rgv,holdout,guarded_linear,13501,1024,1024,1024,1.4689791599998898,1012,True,0.0364964627448427,0.0,0.0,1.0,True,12.0,12.0,0.0,0.0,0.0,0,0,15,5760,confirm,232.0
rgv_h2,rgv,holdout,no_uncertainty_linear,13508,1024,1024,1024,1.762475471000016,989,True,0.0748329874017078,0.0,0.0,1.0,True,5.0,5.0,0.0,0.0,0.0,0,0,15,4937,confirm,185.0
rgv_h3,rgv,holdout,no_uncertainty_linear,13508,1024,1024,1024,2.0899255780000203,965,True,0.0778121066548772,0.0,0.0,1.0,True,4.0,4.0,0.0,0.0,0.0,0,0,15,4040,confirm,131.0
rgv_h2,rgv,holdout,nsga2_guarded,13512,1024,1024,1024,1.389897393999945,1023,True,0.0934647379005516,0.0004917271705655,0.00054054054,0.8,False,4.0,5.0,0.0004917271705655,0.0004917271710853,0.0005405405405405,0,0,15,6539,confirm,311.0
job_h4,job,holdout,random_residual,13510,1024,1024,1024,1.4917973499998425,972,True,0.1281819725743567,0.0097213731846859,0.0058877013178571,0.6428571428571429,False,21.0,28.0,0.0097213731846859,0.0097213731853667,0.0058877013152455,0,0,0,0,confirm,437.0
job_h4,job,holdout,fast_v10,13510,1024,1024,1024,0.5978425620000962,1001,True,0.1195956113619779,0.0154836194842537,0.0096516987553364,0.6428571428571429,False,21.0,28.0,0.0154836194842537,0.0154836194755825,0.0096516987484068,0,0,0,0,confirm,0.0
job_h2,job,holdout,random_residual,13503,1024,1024,1024,1.2082318800000849,1004,True,0.1389420424194552,0.0178969273683599,0.0068466284083275,0.6896551724137931,False,25.0,29.0,0.0178969273683599,0.0178969273535286,0.0068466283982848,0,0,0,0,confirm,549.0
job_h4,job,holdout,nsga2_typed,13502,1024,1024,1024,0.573552811999889,1000,True,0.2093980626674033,0.0034324916205967,0.0028930200773409,0.75,False,22.0,28.0,0.0034324916205967,0.0034324916283895,0.0028930200800657,0,0,0,0,confirm,0.0
job_h4,job,holdout,nsga2_typed,13509,1024,1024,1024,0.4618710659999578,995,True,0.1727562189485003,0.004021762108179,0.003159459295198,0.7142857142857143,False,23.0,28.0,0.004021762108179,0.0040217621101599,0.0031594592931116,0,0,0,0,confirm,0.0
rgv_h3,rgv,holdout,raw_linear,13512,1024,1024,1024,1.7425069500000063,977,True,0.1113971850370306,0.0,0.0,1.0,True,4.0,4.0,0.0,0.0,0.0,0,0,15,4363,confirm,194.0
tour_h2,tour,holdout,no_uncertainty_linear,13509,1024,1024,1024,1.5590937099998428,1008,True,0.122631411577539,0.0,0.0,1.0,True,20.0,20.0,0.0,0.0,2.6433881538694198e-18,0,0,15,5566,confirm,43.0
job_h2,job,holdout,raw_linear,13507,1024,1024,1024,1.353710473000092,993,True,0.1243513017626551,0.0014961338727578,0.0013369546551724,0.8275862068965517,False,25.0,29.0,0.0014961338727578,0.0014961338758251,0.0013369546585644,0,0,15,5038,confirm,10.0
rgv_h2,rgv,holdout,unguarded_linear,13511,1024,1024,1024,1.9443332809998992,975,True,0.1138966886403225,0.0,0.0,1.0,True,5.0,5.0,0.0,0.0,0.0,0,0,15,4953,confirm,223.0
tour_h3,tour,holdout,guarded_linear,13505,1024,1024,1024,1.866575946000012,939,True,0.0859305091957846,0.0,0.0,1.0,True,17.0,17.0,0.0,0.0,0.0,0,0,15,4030,confirm,29.0
rgv_h3,rgv,holdout,random_residual,13509,1024,1024,1024,1.2326644459999443,992,True,0.1362411157958148,0.0,0.0,1.0,True,4.0,4.0,0.0,0.0,0.0,0,0,0,0,confirm,501.0
rgv_h4,rgv,holdout,random_residual,13502,1024,1024,1024,1.1031021730000248,1013,True,0.1154146724102935,0.0,0.0,1.0,True,12.0,12.0,0.0,0.0,0.0,0,0,0,0,confirm,572.0
rgv_h4,rgv,holdout,nsga2_guarded,13503,1024,1024,1024,1.438640912999972,1011,True,0.1161370666480336,0.0006479386457778,0.0017245694166666,0.6666666666666666,False,8.0,12.0,0.0006479386457778,0.0006479386405547,0.0017245694082612,0,0,15,5664,confirm,220.0
tour_h1,tour,holdout,nsga2_typed,13510,1024,1024,1024,0.6104330849998405,995,True,0.1314846883119699,0.0,0.0,1.0,True,19.0,19.0,0.0,0.0,0.0,0,0,0,0,confirm,0.0
tour_h4,tour,holdout,nsga2_guarded,13503,1024,1024,1024,1.2834865639999862,1010,True,0.1129789728217965,0.0068418536496536,0.0036548829021458,0.8333333333333334,False,23.0,24.0,0.0068418536496536,0.006841853649845,0.0035086875863505,0,0,15,5563,confirm,72.0
rgv_h2,rgv,holdout,nsga2_guarded,13503,1024,1024,1024,1.166955223000059,1021,True,0.0824659430977013,0.0,0.0,1.0,True,5.0,5.0,0.0,0.0,0.0,0,0,15,6388,confirm,277.0
job_h4,job,holdout,random_residual,13512,1024,1024,1024,1.163115225999945,995,True,0.1682989288343274,0.0145288649746159,0.0078759181829836,0.6785714285714286,False,23.0,28.0,0.0145288649746159,0.0145288649737528,0.0078759181844301,0,0,0,0,confirm,533.0
job_h1,job,holdout,guarded_linear,13508,1024,1024,1024,2.385184812000034,862,True,0.0613892514715271,0.004748272546794,0.0031656740235294,0.8823529411764706,False,15.0,17.0,0.004748272546794,0.0047482725435619,0.003165674023424,0,0,15,2800,confirm,20.0
job_h4,job,holdout,guarded_linear,13504,1024,1024,1024,1.4866570819999652,997,True,0.1205596354211939,0.0032695869876101,0.0030886664403445,0.75,False,23.0,28.0,0.0032695869876101,0.0032695869922217,0.0030886664416687,0,0,15,5417,confirm,63.0
tour_h4,tour,holdout,random_residual,13506,1024,1024,1024,1.5656665020001128,1001,True,0.1561514322560753,0.0081906400204532,0.0047356843521458,0.7916666666666666,False,22.0,24.0,0.0081906400204532,0.0081906400194358,0.0045462569765719,0,0,0,0,confirm,527.0
job_h4,job,holdout,guarded_linear,13505,1024,1024,1024,2.044842325000218,995,True,0.0925240054319171,0.0020347826923919,0.0016964694714285,0.7857142857142857,False,22.0,28.0,0.0020347826923919,0.0020347826969001,0.001696469469264,0,0,15,5255,confirm,45.0
tour_h1,tour,holdout,fast_v10,13509,1024,1024,1024,0.8715603240000291,988,True,0.1320687780348225,0.0,0.0,1.0,True,19.0,19.0,0.0,0.0,0.0,0,0,0,0,confirm,0.0
tour_h2,tour,holdout,unguarded_linear,13507,1024,1024,1024,1.9780763850001224,1004,True,0.0948493107780323,0.0,0.0,1.0,True,20.0,20.0,0.0,0.0,2.6433881538694198e-18,0,0,15,5579,confirm,40.0
rgv_h2,rgv,holdout,guarded_linear,13510,1024,1024,1024,2.412148092000052,975,True,0.0945749111078096,0.0,0.0,1.0,True,5.0,5.0,0.0,0.0,0.0,0,0,15,4763,confirm,215.0
tour_h2,tour,holdout,raw_linear,13503,1024,1024,1024,1.440468538999994,995,True,0.1325517639477686,0.0007797774375816,0.000636347605,0.85,False,17.0,20.0,0.0007797774375816,0.000779777437611,0.0006060453367244,0,0,15,5041,confirm,36.0
job_h3,job,holdout,random_residual,13509,1024,1024,1024,1.333993988999964,980,True,0.0882973988357334,0.0009120488218735,0.0011663074086956,0.9565217391304348,False,22.0,23.0,0.0009120488218735,0.0009120488213018,0.0011663074090794,0,0,0,0,confirm,478.0
tour_h1,tour,holdout,unguarded_linear,13506,1024,1024,1024,1.5428544359999703,995,True,0.1227142123303107,0.0,0.0,1.0,True,19.0,19.0,0.0,0.0,0.0,0,0,15,5033,confirm,33.0
job_h3,job,holdout,guarded_linear,13504,1024,1024,1024,1.7195725569999922,982,True,0.0842569868306334,0.0012237597822561,0.0006956818217391,0.9130434782608696,False,21.0,23.0,0.0012237597822561,0.0012237597845138,0.0006956818218961,0,0,15,4624,confirm,36.0
rgv_h4,rgv,holdout,random_residual,13509,1024,1024,1024,0.9529326789997868,1022,True,0.2079750867829436,0.0019512700865381,0.0020813184583333,0.6666666666666666,False,8.0,12.0,0.0019512700865381,0.001951270083016,0.0020813184515252,0,0,0,0,confirm,585.0
job_h4,job,holdout,guarded_linear,13507,1024,1024,1024,1.6084637050000763,1001,True,0.1078337054623619,0.0017557522602659,0.0011911233357142,0.8214285714285714,False,23.0,28.0,0.0017557522602659,0.0017557522669861,0.0011911233378795,0,0,15,5336,confirm,79.0
job_h4,job,holdout,raw_linear,13507,1024,1024,1024,1.6670690120001836,991,True,0.1243492458284585,0.0090281108171366,0.0056410530306485,0.6785714285714286,False,23.0,28.0,0.0090281108171366,0.0090281108172438,0.0056410530253518,0,0,15,5141,confirm,28.0
rgv_h2,rgv,holdout,no_uncertainty_linear,13503,1024,1024,1024,2.3799793820001014,999,True,0.0825760224772231,0.0035162613478292,0.00111731844,0.8,False,4.0,5.0,0.0035162613478292,0.0035162613351353,0.0011173184357541,0,0,15,4795,confirm,149.0
job_h4,job,holdout,nsga2_typed,13511,1024,1024,1024,0.8052680050000163,1009,True,0.1917056107197994,0.0263931682184202,0.0196121324678316,0.6428571428571429,False,25.0,28.0,0.0263931682184202,0.0263931682086708,0.0196121324561356,0,0,0,0,confirm,0.0
rgv_h3,rgv,holdout,fast_v10,13511,1024,1024,1024,0.902890037999896,1003,True,0.0724402740961641,0.0,0.0,1.0,True,4.0,4.0,0.0,0.0,0.0,0,0,0,0,confirm,0.0
job_h1,job,holdout,raw_linear,13508,1024,1024,1024,3.310094043000163,883,True,0.0580719564892202,0.004748272546794,0.0031656740235294,0.8823529411764706,False,15.0,17.0,0.004748272546794,0.0047482725435619,0.003165674023424,0,0,15,2836,confirm,21.0
tour_h3,tour,holdout,nsga2_guarded,13507,1024,1024,1024,2.542654674000005,979,True,0.1058038885895771,0.0,0.0,1.0,True,17.0,17.0,0.0,0.0,0.0,0,0,15,5103,confirm,58.0
tour_h3,tour,holdout,scalar_linear,13506,1024,1024,1024,3.167923666999968,918,True,0.0667439460363155,0.0010533387467726,0.0006223778529411,0.8823529411764706,False,15.0,17.0,0.0010533387467726,0.0010533387495005,0.0006223778506356,0,0,15,3381,confirm,264.0
rgv_h3,rgv,holdout,nsga2_typed,13508,1024,1024,1024,0.4962309160000586,1016,True,0.1447534042924149,0.0,0.0,1.0,True,4.0,4.0,0.0,0.0,0.0,0,0,0,0,confirm,0.0
tour_h1,tour,holdout,fast_v10,13510,1024,1024,1024,0.6523755509999773,992,True,0.1140155842647296,0.0,0.0,1.0,True,19.0,19.0,0.0,0.0,0.0,0,0,0,0,confirm,0.0
job_h2,job,holdout,raw_linear,13502,1024,1024,1024,1.578197562000014,979,True,0.084939512592749,0.0032747513199117,0.0022415189484551,0.8275862068965517,False,26.0,29.0,0.0032747513199117,0.0032747513315357,0.0022415189566496,0,0,15,4951,confirm,18.0
rgv_h4,rgv,holdout,raw_linear,13503,1024,1024,1024,1.7703933979998965,986,True,0.1580133983320426,0.0,0.0,1.0,True,12.0,12.0,0.0,0.0,0.0,0,0,15,4436,confirm,155.0
tour_h1,tour,holdout,raw_linear,13507,1024,1024,1024,1.8911239560000013,980,True,0.100755878576428,0.00020617925274,0.0001968325210526,0.9473684210526316,False,18.0,19.0,0.00020617925274,0.0002061792546505,0.0001968325225927,0,0,15,4149,confirm,25.0
tour_h1,tour,holdout,guarded_linear,13507,1024,1024,1024,1.844970656999976,988,True,0.0944761516415439,0.0,0.0,1.0,True,19.0,19.0,0.0,0.0,0.0,0,0,15,4591,confirm,34.0
job_h4,job,holdout,raw_linear,13501,1024,1024,1024,1.405513423000002,991,True,0.1424972225714598,0.02822914770748,0.0182296076023329,0.5357142857142857,False,23.0,28.0,0.02822914770748,0.028229147708582,0.0182296076055714,0,0,15,5359,confirm,30.0
tour_h3,tour,holdout,guarded_linear,13509,1024,1024,1024,2.3421241969999755,965,True,0.0974810623994949,9.35798432435786e-06,6.120582352941341e-05,0.9411764705882352,False,16.0,17.0,9.35798432435786e-06,9.35798359623038e-06,6.120581935836102e-05,0,0,15,4291,confirm,44.0
tour_h2,tour,holdout,nsga2_typed,13507,1024,1024,1024,0.4759705209999083,1004,True,0.1434751277893649,0.0,0.0,1.0,True,20.0,20.0,0.0,0.0,0.0,0,0,0,0,confirm,0.0
job_h2,job,holdout,guarded_linear,13507,1024,1024,1024,1.7726006959999268,992,True,0.1105747196488981,3.136954644341288e-05,0.0001597824999999,0.896551724137931,False,26.0,29.0,3.136954644341288e-05,3.136954704816391e-05,0.0001597825020449,0,0,15,5192,confirm,56.0
tour_h3,tour,holdout,scalar_linear,13507,1024,1024,1024,2.344991322999931,930,True,0.0948208322253005,0.0010533387467726,0.0006223778529411,0.8823529411764706,False,15.0,17.0,0.0010533387467726,0.0010533387495005,0.0006223778506356,0,0,15,3344,confirm,269.0
tour_h1,tour,holdout,no_uncertainty_linear,13504,1024,1024,1024,1.8670569910000268,975,True,0.1111379946526481,0.00020617925274,0.0001968325210526,0.9473684210526316,False,18.0,19.0,0.00020617925274,0.0002061792546505,0.0001968325225927,0,0,15,4307,confirm,22.0
rgv_h3,rgv,holdout,fast_v10,13510,1024,1024,1024,0.864853796000034,981,True,0.1123507647739275,0.0,0.0,1.0,True,4.0,4.0,0.0,0.0,0.0,0,0,0,0,confirm,0.0
rgv_h1,rgv,holdout,nsga2_guarded,13510,1024,1024,1024,1.2474554030000036,1022,True,0.1179437697999723,0.0025007094745765,0.0005400540142857,0.8571428571428571,False,6.0,7.0,0.0025007094745765,0.0025007094330669,0.0005400540054005,0,0,15,6491,confirm,317.0
rgv_h3,rgv,holdout,nsga2_typed,13510,1024,1024,1024,0.4383658399999603,1017,True,0.2401304496957226,0.0,0.0,1.0,True,4.0,4.0,0.0,0.0,0.0,0,0,0,0,confirm,0.0
rgv_h4,rgv,holdout,nsga2_guarded,13505,1024,1024,1024,1.3813932040000054,1012,True,0.1104921162713522,0.0004529836553873,0.0014488996999999,0.75,False,9.0,12.0,0.0004529836553873,0.0004529836513614,0.0014488996930118,0,0,15,6061,confirm,281.0
tour_h3,tour,holdout,nsga2_guarded,13511,1024,1024,1024,1.7155154930001115,973,True,0.0993400568286209,0.0,0.0,1.0,True,17.0,17.0,0.0,0.0,0.0,0,0,15,5243,confirm,52.0
job_h4,job,holdout,random_residual,13505,1024,1024,1024,1.195397770999989,991,True,0.1279274870443594,0.0128663673513147,0.00659009725,0.7142857142857143,False,21.0,28.0,0.0128663673513147,0.0128663673497288,0.0065900972454267,0,0,0,0,confirm,531.0
job_h3,job,holdout,raw_linear,13501,1024,1024,1024,1.5772436200002176,994,True,0.0983054695003379,5.861053768012878e-05,0.0001518577554343,0.9565217391304348,False,23.0,23.0,5.861053768012878e-05,5.861053681831795e-05,0.0001518577539259,0,0,15,5233,confirm,30.0
job_h1,job,holdout,guarded_linear,13504,1024,1024,1024,2.765529527000126,878,True,0.0793565096610787,0.0137341183546597,0.0077052480011501,0.7058823529411765,False,14.0,17.0,0.0137341183546597,0.0137341183560678,0.0077052480029633,0,0,15,2586,confirm,20.0
rgv_h1,rgv,holdout,guarded_linear,13501,1024,1024,1024,2.108265432000053,991,True,0.0389328778847377,0.0025007094745765,0.0005400540142857,0.8571428571428571,False,6.0,7.0,0.0025007094745765,0.0025007094330669,0.0005400540054005,0,0,15,4973,confirm,204.0
tour_h4,tour,holdout,scalar_linear,13504,1024,1024,1024,1.3751861169998847,1006,True,0.1333101477873579,0.0,0.0,1.0,True,24.0,24.0,0.0,0.0,2.220446049250313e-18,0,0,15,5800,confirm,588.0
job_h2,job,holdout,no_uncertainty_linear,13510,1024,1024,1024,1.679393269000002,986,True,0.1258306668125016,0.0059025852294136,0.0020471889999999,0.8275862068965517,False,24.0,29.0,0.0059025852294136,0.0059025852322197,0.0020471890018749,0,0,15,5157,confirm,68.0
job_h3,job,holdout,no_uncertainty_linear,13511,1024,1024,1024,1.6582140429998162,994,True,0.0779133123608518,0.0,0.0,1.0,True,23.0,23.0,0.0,0.0,0.0,0,0,15,4967,confirm,36.0
tour_h1,tour,holdout,nsga2_typed,13512,1024,1024,1024,0.6210184460001074,998,True,0.0979426484408799,0.0004954870521802,0.0008728172842105,0.8947368421052632,False,17.0,19.0,0.0004954870521802,0.0004954870546022,0.0008728172871358,0,0,0,0,confirm,0.0
job_h2,job,holdout,nsga2_typed,13504,1024,1024,1024,0.533843213999944,993,True,0.1393194721362768,0.0231099391567562,0.0100528365761511,0.5862068965517241,False,23.0,29.0,0.0231099391567562,0.0231099391519309,0.0100528365730792,0,0,0,0,confirm,0.0
rgv_h2,rgv,holdout,fast_v10,13511,1024,1024,1024,0.764899984999829,990,True,0.1306560692174202,0.0,0.0,1.0,True,5.0,5.0,0.0,0.0,0.0,0,0,0,0,confirm,0.0
job_h4,job,holdout,nsga2_typed,13503,1024,1024,1024,0.5475346749999517,1004,True,0.1461919552128999,0.035653372696619,0.0202059237259523,0.5714285714285714,False,27.0,28.0,0.035653372696619,0.0356533726883593,0.020205923711454,0,0,0,0,confirm,0.0
job_h3,job,holdout,no_uncertainty_linear,13505,1024,1024,1024,1.5986086039999918,989,True,0.0777531584962032,0.0,0.0,1.0,True,23.0,23.0,0.0,0.0,0.0,0,0,15,5007,confirm,34.0
tour_h3,tour,holdout,nsga2_guarded,13505,1024,1024,1024,1.5642684840001948,978,True,0.1028043067125128,0.0,0.0,1.0,True,17.0,17.0,0.0,0.0,0.0,0,0,15,4941,confirm,52.0
tour_h1,tour,holdout,no_uncertainty_linear,13508,1024,1024,1024,1.6531664860001456,998,True,0.0814157714499678,0.0,0.0,1.0,True,19.0,19.0,0.0,0.0,0.0,0,0,15,4836,confirm,28.0
rgv_h2,rgv,holdout,random_residual,13512,1024,1024,1024,1.1158461469999563,1006,True,0.0988246818126728,0.0,0.0,1.0,True,5.0,5.0,0.0,0.0,0.0,0,0,0,0,confirm,492.0
job_h4,job,holdout,guarded_linear,13511,1024,1024,1024,1.549820628000134,987,True,0.1102696775207492,0.0027652946164064,0.0025431750059123,0.75,False,22.0,28.0,0.0027652946164064,0.0027652946206849,0.0025431750036885,0,0,15,5110,confirm,56.0
rgv_h1,rgv,holdout,guarded_linear,13511,1024,1024,1024,1.6187902609999585,996,True,0.0821986111470432,0.0085356649822784,0.0023625334847666,0.7142857142857143,False,8.0,7.0,0.0085356649822784,0.0085356649921128,0.0023625334909014,0,0,15,5151,confirm,292.0
tour_h2,tour,holdout,scalar_linear,13509,1024,1024,1024,1.4401527769998663,1008,True,0.1148336954347462,0.0,0.0,1.0,True,20.0,20.0,0.0,0.0,2.6433881538694198e-18,0,0,15,5489,confirm,543.0
tour_h2,tour,holdout,nsga2_guarded,13511,1024,1024,1024,1.5253837449999992,1004,True,0.1133043743290515,0.0,0.0,1.0,True,20.0,20.0,0.0,0.0,0.0,0,0,15,5504,confirm,59.0
rgv_h1,rgv,holdout,no_uncertainty_linear,13505,1024,1024,1024,1.595545140000013,1010,True,0.0751451950669967,0.0,0.0,1.0,True,7.0,7.0,0.0,0.0,0.0,0,0,15,5674,confirm,230.0
tour_h1,tour,holdout,raw_linear,13510,1024,1024,1024,1.7505274099999042,972,True,0.1326346165978263,0.0004954870521802,0.0008728172842105,0.8947368421052632,False,17.0,19.0,0.0004954870521802,0.0004954870546022,0.0008728172871358,0,0,15,4601,confirm,14.0
job_h2,job,holdout,raw_linear,13501,1024,1024,1024,1.3942862399999283,1002,True,0.1335386286766451,0.0158238188359115,0.0062488280355806,0.7241379310344828,False,27.0,29.0,0.0158238188359115,0.0158238188292123,0.0062488280296657,0,0,15,5366,confirm,27.0
job_h2,job,holdout,guarded_linear,13509,1024,1024,1024,1.7009755830001725,1000,True,0.1093388454657535,0.0066064217744086,0.0033820971901844,0.8275862068965517,False,26.0,29.0,0.0066064217744086,0.0066064217699161,0.0033820971863748,0,0,15,5433,confirm,68.0
tour_h2,tour,holdout,no_uncertainty_linear,13502,1024,1024,1024,1.4000717110000096,1009,True,0.0873993827687429,0.0,0.0,1.0,True,20.0,20.0,0.0,0.0,2.6433881538694198e-18,0,0,15,5613,confirm,29.0
tour_h2,tour,holdout,random_residual,13503,1024,1024,1024,1.0976123950001693,1001,True,0.1442028612071641,0.0,0.0,1.0,True,20.0,20.0,0.0,0.0,2.6433881538694198e-18,0,0,0,0,confirm,516.0
job_h1,job,holdout,guarded_linear,13502,1024,1024,1024,2.3019877980000274,874,True,0.0867840538485112,0.004748272546794,0.0031656740235294,0.8823529411764706,False,15.0,17.0,0.004748272546794,0.0047482725435619,0.003165674023424,0,0,15,2775,confirm,13.0
job_h1,job,holdout,guarded_linear,13510,1024,1024,1024,2.3741958909999994,865,True,0.0917400206725204,0.004748272546794,0.0031656740235294,0.8823529411764706,False,15.0,17.0,0.004748272546794,0.0047482725435619,0.003165674023424,0,0,15,2779,confirm,18.0
rgv_h3,rgv,holdout,nsga2_guarded,13507,1024,1024,1024,1.2774596090000614,1019,True,0.1250842328759719,0.0,0.0,1.0,True,4.0,4.0,0.0,0.0,0.0,0,0,15,6334,confirm,291.0
tour_h4,tour,holdout,random_residual,13512,1024,1024,1024,1.014192845000025,1013,True,0.1214842026236372,0.0070576395706622,0.0037279062938125,0.7916666666666666,False,23.0,24.0,0.0070576395706622,0.007057639572695,0.0035787900407641,0,0,0,0,confirm,574.0
rgv_h4,rgv,holdout,fast_v10,13502,1024,1024,1024,0.8499160070000471,979,True,0.1138262479600841,0.0094880006106022,0.0076678051749999,0.5833333333333334,False,7.0,12.0,0.0094880006106022,0.0094880006064248,0.0076678051656486,0,0,0,0,confirm,0.0
tour_h3,tour,holdout,unguarded_linear,13503,1024,1024,1024,1.8847418420000397,959,True,0.1112473707820854,0.0,0.0,1.0,True,17.0,17.0,0.0,0.0,0.0,0,0,15,4298,confirm,35.0
tour_h2,tour,holdout,nsga2_guarded,13501,1024,1024,1024,1.383011993999844,1000,True,0.1200478903607898,0.0,0.0,1.0,True,20.0,20.0,0.0,0.0,0.0,0,0,15,5671,confirm,50.0
tour_h3,tour,holdout,no_uncertainty_linear,13505,1024,1024,1024,2.2302385909999884,950,True,0.0882381406920089,0.0,0.0,1.0,True,17.0,17.0,0.0,0.0,0.0,0,0,15,3889,confirm,25.0
rgv_h2,rgv,holdout,random_residual,13505,1024,1024,1024,1.4300236460001088,982,True,0.1061717450331646,0.0015520997357438,0.0005586592199999,0.8,False,5.0,5.0,0.0015520997357438,0.0015520997299621,0.000558659217877,0,0,0,0,confirm,453.0
tour_h2,tour,holdout,nsga2_guarded,13502,1024,1024,1024,1.3316897920001338,1005,True,0.1184768921935131,0.000340832967731,0.0006486568149999,0.95,False,20.0,20.0,0.000340832967731,0.0003408329681421,0.0006177683966708,0,0,15,5697,confirm,75.0
tour_h2,tour,holdout,nsga2_typed,13502,1024,1024,1024,0.6970015080000849,988,True,0.167935117403395,0.0003864055821199,0.00083109108,0.85,False,17.0,20.0,0.0003864055821199,0.0003864055840353,0.0007915153118728,0,0,0,0,confirm,0.0
rgv_h2,rgv,holdout,scalar_linear,13506,1024,1024,1024,1.95352777800008,975,True,0.0987922270351382,0.0,0.0,1.0,True,5.0,5.0,0.0,0.0,0.0,0,0,15,4209,confirm,366.0
rgv_h4,rgv,holdout,scalar_linear,13508,1024,1024,1024,1.6266366729998936,1010,True,0.0462811389987108,0.0003784420394762,0.0005351235666666,0.9166666666666666,False,12.0,12.0,0.0003784420394762,0.0003784420378461,0.0005351235648958,0,0,15,5208,confirm,508.0
tour_h3,tour,holdout,nsga2_guarded,13508,1024,1024,1024,1.74433011300016,978,True,0.1107012482933806,0.0,0.0,1.0,True,17.0,17.0,0.0,0.0,0.0,0,0,15,4929,confirm,60.0
rgv_h4,rgv,holdout,unguarded_linear,13503,1024,1024,1024,1.9247535130000413,980,True,0.1582603604227611,0.0094880006106022,0.0076678051749999,0.5833333333333334,False,7.0,12.0,0.0094880006106022,0.0094880006064248,0.0076678051656486,0,0,15,4397,confirm,161.0
tour_h2,tour,holdout,guarded_linear,13510,1024,1024,1024,1.4108759779999218,1002,True,0.0993444745393987,0.0,0.0,1.0,True,20.0,20.0,0.0,0.0,2.6433881538694198e-18,0,0,15,5535,confirm,44.0
tour_h2,tour,holdout,scalar_linear,13511,1024,1024,1024,1.381586587000129,1012,True,0.1181642880124292,0.0,0.0,1.0,True,20.0,20.0,0.0,0.0,2.6433881538694198e-18,0,0,15,5846,confirm,574.0
job_h1,job,holdout,scalar_linear,13504,1024,1024,1024,2.3455228660000103,868,True,0.0828789697570848,0.004748272546794,0.0031656740235294,0.8823529411764706,False,15.0,17.0,0.004748272546794,0.0047482725435619,0.003165674023424,0,0,15,2689,confirm,195.0
rgv_h2,rgv,holdout,nsga2_typed,13503,1024,1024,1024,0.4483870400001706,1012,True,0.1015342044838556,0.0,0.0,1.0,True,5.0,5.0,0.0,0.0,0.0,0,0,0,0,confirm,0.0
job_h2,job,holdout,random_residual,13502,1024,1024,1024,1.3258318450000388,986,True,0.099801812627652,0.0088283663207473,0.003757414234662,0.7931034482758621,False,26.0,29.0,0.0088283663207473,0.0088283663366217,0.0037574142444341,0,0,0,0,confirm,500.0
rgv_h1,rgv,holdout,scalar_linear,13503,1024,1024,1024,1.9120655219999207,991,True,0.0835025749926836,0.0025007094745765,0.0005400540142857,0.8571428571428571,False,6.0,7.0,0.0025007094745765,0.0025007094330669,0.0005400540054005,0,0,15,4603,confirm,428.0
job_h3,job,holdout,scalar_linear,13508,1024,1024,1024,2.012751711000192,974,True,0.0999992891990856,0.0003623646267583,0.000135680847826,0.9565217391304348,False,22.0,23.0,0.0003623646267583,0.0003623646309846,0.0001356808494088,0,0,15,4449,confirm,448.0
job_h3,job,holdout,unguarded_linear,13512,1024,1024,1024,1.904716387999997,978,True,0.1010444340231231,0.0,0.0,1.0,True,23.0,23.0,0.0,0.0,0.0,0,0,15,4736,confirm,38.0
tour_h3,tour,holdout,nsga2_typed,13506,1024,1024,1024,0.778619585000115,981,True,0.1311431759769571,0.0,0.0,1.0,True,17.0,17.0,0.0,0.0,0.0,0,0,0,0,confirm,0.0
rgv_h4,rgv,holdout,nsga2_typed,13505,1024,1024,1024,0.510876436999979,1010,True,0.1246735435675018,0.0,0.0,1.0,True,12.0,12.0,0.0,0.0,0.0,0,0,0,0,confirm,0.0
tour_h2,tour,holdout,guarded_linear,13506,1024,1024,1024,1.6295437700000548,1003,True,0.10152107854062,0.0,0.0,1.0,True,20.0,20.0,0.0,0.0,2.6433881538694198e-18,0,0,15,5040,confirm,31.0
job_h1,job,holdout,random_residual,13510,1024,1024,1024,2.3966531149999355,870,True,0.0978737127516461,0.0067365671893697,0.0041468266058823,0.8235294117647058,False,14.0,17.0,0.0067365671893697,0.0067365671829325,0.0041468266041806,0,0,0,0,confirm,185.0
tour_h4,tour,holdout,fast_v10,13507,1024,1024,1024,0.5916029039999557,994,True,0.0762982712018343,0.0076543699663595,0.0040783981876636,0.8333333333333334,False,22.0,24.0,0.0076543699663595,0.0076543699660794,0.0039152622602449,0,0,0,0,confirm,0.0
tour_h1,tour,holdout,guarded_linear,13506,1024,1024,1024,1.5390422219998072,995,True,0.1227142123303107,0.0,0.0,1.0,True,19.0,19.0,0.0,0.0,0.0,0,0,15,5033,confirm,33.0
tour_h1,tour,holdout,nsga2_typed,13509,1024,1024,1024,0.6041128050001134,992,True,0.1815357756767584,0.0016794681838374,0.000793002168421,0.8947368421052632,False,18.0,19.0,0.0016794681838374,0.0016794681785134,0.0007930021638936,0,0,0,0,confirm,0.0
job_h3,job,holdout,raw_linear,13506,1024,1024,1024,1.563140210000029,966,True,0.075956882225914,0.0012744134486319,0.0013019882565217,0.9130434782608696,False,21.0,23.0,0.0012744134486319,0.0012744134522864,0.0013019882584882,0,0,15,4354,confirm,18.0
tour_h2,tour,holdout,fast_v10,13512,1024,1024,1024,0.582407122999939,997,True,0.137887192259089,0.0015513489773975,0.00126813607,0.9,False,19.0,20.0,0.0015513489773975,0.0015513489783423,0.0012077486380309,0,0,0,0,confirm,0.0
tour_h2,tour,holdout,random_residual,13505,1024,1024,1024,1.0818931979999888,1008,True,0.1186929860326221,0.0,0.0,1.0,True,20.0,20.0,0.0,0.0,2.6433881538694198e-18,0,0,0,0,confirm,538.0
job_h2,job,holdout,unguarded_linear,13512,1024,1024,1024,1.6385272599998189,1004,True,0.098837391625863,0.0002002088590846,0.0003640501,0.9310344827586208,False,28.0,29.0,0.0002002088590846,0.0002002088577441,0.0003640501002285,0,0,15,5496,confirm,59.0
job_h1,job,holdout,fast_v10,13502,1024,1024,1024,1.2499552859999312,872,True,0.0878462167865105,0.004748272546794,0.0031656740235294,0.8823529411764706,False,15.0,17.0,0.004748272546794,0.0047482725435619,0.003165674023424,0,0,0,0,confirm,0.0
job_h4,job,holdout,nsga2_guarded,13510,1024,1024,1024,1.3983932730000106,993,True,0.1150768757450059,0.0014355068927832,0.0015770300523409,0.8571428571428571,False,25.0,28.0,0.0014355068927832,0.0014355068936416,0.001577030053062,0,0,15,5498,confirm,64.0
tour_h3,tour,holdout,guarded_linear,13502,1024,1024,1024,1.9386238680001495,959,True,0.0691242666729503,9.35798432435786e-06,6.120582352941341e-05,0.9411764705882352,False,16.0,17.0,9.35798432435786e-06,9.35798359623038e-06,6.120581935836102e-05,0,0,15,4314,confirm,39.0
job_h4,job,holdout,nsga2_guarded,13505,1024,1024,1024,1.490830317000018,1005,True,0.1154789495944439,0.0027652946164064,0.0025431750059123,0.75,False,22.0,28.0,0.0027652946164064,0.0027652946206849,0.0025431750036885,0,0,15,5520,confirm,70.0
rgv_h3,rgv,holdout,no_uncertainty_linear,13501,1024,1024,1024,1.9054012970000256,1000,True,0.0785622560418311,0.0,0.0,1.0,True,4.0,4.0,0.0,0.0,0.0,0,0,15,4955,confirm,153.0
tour_h3,tour,holdout,nsga2_guarded,13501,1024,1024,1024,1.719607046999954,967,True,0.0932775172673363,0.0,0.0,1.0,True,17.0,17.0,0.0,0.0,0.0,0,0,15,4857,confirm,56.0
tour_h4,tour,holdout,guarded_linear,13504,1024,1024,1024,1.6645469519999097,1014,True,0.1122884864175384,0.0068418536496536,0.0036548829021458,0.8333333333333334,False,23.0,24.0,0.0068418536496536,0.006841853649845,0.0035086875863505,0,0,15,5562,confirm,61.0
tour_h3,tour,holdout,raw_linear,13508,1024,1024,1024,2.117266921000009,936,True,0.0905728234959824,0.0010439807624482,0.0005611720294117,0.9411764705882352,False,17.0,17.0,0.0010439807624482,0.0010439807659043,0.0005611720312772,0,0,15,3588,confirm,29.0
job_h4,job,holdout,nsga2_guarded,13511,1024,1024,1024,1.4757879019998654,996,True,0.1326949377308294,0.0035251995487206,0.0031454303630552,0.75,False,23.0,28.0,0.0035251995487206,0.003525199552705,0.0031454303616384,0,0,15,5758,confirm,91.0
job_h3,job,holdout,unguarded_linear,13509,1024,1024,1024,1.855180130000008,959,True,0.0643089712839533,0.0012237597822561,0.0006956818217391,0.9130434782608696,False,21.0,23.0,0.0012237597822561,0.0012237597845138,0.0006956818218961,0,0,15,4572,confirm,23.0
rgv_h3,rgv,holdout,no_uncertainty_linear,13506,1024,1024,1024,1.861271805999877,991,True,0.0829042224522641,0.0,0.0,1.0,True,4.0,4.0,0.0,0.0,0.0,0,0,15,4895,confirm,169.0
tour_h4,tour,holdout,nsga2_guarded,13504,1024,1024,1024,1.3150266650000049,1007,True,0.134065818036194,0.0068418536496536,0.0036548829021458,0.8333333333333334,False,23.0,24.0,0.0068418536496536,0.006841853649845,0.0035086875863505,0,0,15,6044,confirm,88.0
job_h3,job,holdout,fast_v10,13511,1024,1024,1024,0.7241893709999658,965,True,0.0792364801886352,0.0012237597822561,0.0006956818217391,0.9130434782608696,False,21.0,23.0,0.0012237597822561,0.0012237597845138,0.0006956818218961,0,0,0,0,confirm,0.0
tour_h3,tour,holdout,guarded_linear,13503,1024,1024,1024,1.9104068310000455,959,True,0.1112473707820854,0.0,0.0,1.0,True,17.0,17.0,0.0,0.0,0.0,0,0,15,4298,confirm,35.0
rgv_h4,rgv,holdout,raw_linear,13512,1024,1024,1024,1.0790440340001624,1008,True,0.051270008470868,0.0014982864311507,0.0006324187583333,0.9166666666666666,False,12.0,12.0,0.0014982864311507,0.0014982864316546,0.0006324187585133,0,0,15,3220,confirm,103.0
rgv_h2,rgv,holdout,random_residual,13509,1024,1024,1024,1.444853589999866,990,True,0.1570063665549995,0.0,0.0,1.0,True,5.0,5.0,0.0,0.0,0.0,0,0,0,0,confirm,505.0
rgv_h2,rgv,holdout,nsga2_guarded,13510,1024,1024,1024,1.4001414110000496,1019,True,0.1246054704225881,0.0,0.0,1.0,True,5.0,5.0,0.0,0.0,0.0,0,0,15,6331,confirm,318.0
job_h1,job,holdout,nsga2_guarded,13508,1024,1024,1024,2.147263476000034,908,True,0.1140214925690734,0.004748272546794,0.0031656740235294,0.8823529411764706,False,15.0,17.0,0.004748272546794,0.0047482725435619,0.003165674023424,0,0,15,4046,confirm,49.0
tour_h3,tour,holdout,fast_v10,13511,1024,1024,1024,0.9581974990001072,948,True,0.0798609984417738,0.0010439807624482,0.0005611720294117,0.9411764705882352,False,16.0,17.0,0.0010439807624482,0.0010439807659043,0.0005611720312772,0,0,0,0,confirm,0.0
job_h1,job,holdout,unguarded_linear,13509,1024,1024,1024,2.40849508600013,891,True,0.0670023979642463,0.004748272546794,0.0031656740235294,0.8823529411764706,False,15.0,17.0,0.004748272546794,0.0047482725435619,0.003165674023424,0,0,15,2777,confirm,20.0
tour_h1,tour,holdout,random_residual,13510,1024,1024,1024,1.461710708000055,961,True,0.1202385236555391,0.0004954870521802,0.0008728172842105,0.8947368421052632,False,17.0,19.0,0.0004954870521802,0.0004954870546022,0.0008728172871358,0,0,0,0,confirm,438.0
rgv_h1,rgv,holdout,fast_v10,13512,1024,1024,1024,0.6133835230000386,1005,True,0.1051932747458596,0.0115767343958423,0.0037787975704809,0.5714285714285714,False,7.0,7.0,0.0115767343958423,0.0115767343700607,0.0037787975662885,0,0,0,0,confirm,0.0
tour_h3,tour,holdout,no_uncertainty_linear,13509,1024,1024,1024,1.7698076760000276,970,True,0.0988422827034356,0.0,0.0,1.0,True,17.0,17.0,0.0,0.0,0.0,0,0,15,4439,confirm,32.0
rgv_h1,rgv,holdout,nsga2_typed,13509,1024,1024,1024,0.3133344049999778,1023,True,0.1321410139569532,0.0019816942477348,0.000540054,0.8571428571428571,False,7.0,7.0,0.0019816942477348,0.0019816942677134,0.0005400540054005,0,0,0,0,confirm,0.0
job_h4,job,holdout,scalar_linear,13507,1024,1024,1024,1.2419785029999275,1013,True,0.1148749616813531,1.2358259734623114e-05,7.01011714285747e-05,0.9642857142857144,False,27.0,28.0,1.2358259734623114e-05,1.2358259674154405e-05,7.010117159754668e-05,0,0,15,5893,confirm,582.0
rgv_h4,rgv,holdout,guarded_linear,13510,1024,1024,1024,1.4210308849999365,1009,True,0.1422354617241541,0.0,0.0,1.0,True,12.0,12.0,0.0,0.0,0.0,0,0,15,5177,confirm,239.0
rgv_h2,rgv,holdout,nsga2_typed,13509,1024,1024,1024,0.5134194709999065,1016,True,0.1918184133553802,0.0004917271705655,0.00054054054,0.8,False,4.0,5.0,0.0004917271705655,0.0004917271710853,0.0005405405405405,0,0,0,0,confirm,0.0
rgv_h2,rgv,holdout,scalar_linear,13510,1024,1024,1024,2.0880038099999183,981,True,0.0939375887415269,0.0,0.0,1.0,True,5.0,5.0,0.0,0.0,0.0,0,0,15,4656,confirm,436.0
job_h2,job,holdout,nsga2_typed,13512,1024,1024,1024,0.5128276370001004,1000,True,0.135689370379028,0.0449591136534701,0.0215668283862423,0.6206896551724138,False,30.0,29.0,0.0449591136534701,0.0449591136715403,0.021566828398202,0,0,0,0,confirm,0.0
job_h4,job,holdout,no_uncertainty_linear,13510,1024,1024,1024,1.486418832000027,1002,True,0.0891688725138909,0.0021646512960516,0.001682904495198,0.8571428571428571,False,27.0,28.0,0.0021646512960516,0.0021646512935651,0.0016829044953713,0,0,15,5658,confirm,37.0
job_h4,job,holdout,nsga2_guarded,13508,1024,1024,1024,1.4366489810001897,995,True,0.1369805437953967,0.0023970510800284,0.0017232775214285,0.8571428571428571,False,24.0,28.0,0.0023970510800284,0.0023970510882157,0.0017232775242318,0,0,15,5712,confirm,84.0
rgv_h1,rgv,holdout,raw_linear,13508,1024,1024,1024,1.6330573299999287,978,True,0.0720480675753087,0.0044824037223114,0.0010801080142857,0.7142857142857143,False,6.0,7.0,0.0044824037223114,0.0044824037007804,0.001080108010801,0,0,15,4423,confirm,85.0
tour_h3,tour,holdout,random_residual,13508,1024,1024,1024,1.7671486130000176,940,True,0.1038302103813079,0.0039482141928044,0.0020925543470588,0.8823529411764706,False,15.0,17.0,0.0039482141928044,0.0039482141897238,0.0020925543454412,0,0,0,0,confirm,328.0
job_h2,job,holdout,unguarded_linear,13502,1024,1024,1024,1.616810459999897,992,True,0.0760058145176779,3.092182119770471e-05,0.0001545926793103,0.9310344827586208,False,27.0,29.0,3.092182119770471e-05,3.092182194686694e-05,0.0001545926829888,0,0,15,5263,confirm,60.0
job_h4,job,holdout,unguarded_linear,13505,1024,1024,1024,1.628741787999843,995,True,0.0925240054319171,0.0020347826923919,0.0016964694714285,0.7857142857142857,False,22.0,28.0,0.0020347826923919,0.0020347826969001,0.001696469469264,0,0,15,5255,confirm,45.0
rgv_h3,rgv,holdout,raw_linear,13502,1024,1024,1024,1.4899595940000836,988,True,0.1581416637939148,0.0,0.0,1.0,True,4.0,4.0,0.0,0.0,0.0,0,0,15,5038,confirm,201.0
job_h4,job,holdout,nsga2_guarded,13502,1024,1024,1024,1.427327016999925,995,True,0.1426026101198633,0.0027652946164064,0.0025431750059123,0.75,False,22.0,28.0,0.0027652946164064,0.0027652946206849,0.0025431750036885,0,0,15,5501,confirm,91.0
job_h2,job,holdout,unguarded_linear,13510,1024,1024,1024,1.572672535000038,993,True,0.1237871675927899,0.0040803528443652,0.0020394042689655,0.8620689655172413,False,27.0,29.0,0.0040803528443652,0.0040803528512097,0.0020394042732908,0,0,15,5189,confirm,60.0
tour_h4,tour,holdout,random_residual,13504,1024,1024,1024,1.071402329999955,1010,True,0.1557849915804599,0.0052617249135093,0.0033494905202596,0.7083333333333334,False,19.0,24.0,0.0052617249135093,0.0052617249079409,0.0032155108975882,0,0,0,0,confirm,548.0
tour_h4,tour,holdout,random_residual,13510,1024,1024,1024,0.962678510999922,1006,True,0.1575213947586677,0.0062985162138223,0.003096765507717,0.8333333333333334,False,23.0,24.0,0.0062985162138223,0.0062985162105232,0.0029728948813624,0,0,0,0,confirm,562.0
job_h3,job,holdout,nsga2_typed,13507,1024,1024,1024,0.6242561339997792,992,True,0.1208742638642415,0.0023181484749438,0.0028122042988531,0.8695652173913043,False,21.0,23.0,0.0023181484749438,0.0023181484742749,0.0028122042979747,0,0,0,0,confirm,0.0
rgv_h2,rgv,holdout,scalar_linear,13511,1024,1024,1024,1.811490066000033,977,True,0.1146851003640437,0.0,0.0,1.0,True,5.0,5.0,0.0,0.0,0.0,0,0,15,4832,confirm,454.0
tour_h2,tour,holdout,no_uncertainty_linear,13507,1024,1024,1024,1.4025749920001545,1001,True,0.0947876458303607,0.0,0.0,1.0,True,20.0,20.0,0.0,0.0,2.6433881538694198e-18,0,0,15,5638,confirm,36.0
tour_h1,tour,holdout,guarded_linear,13504,1024,1024,1024,1.886362636000058,984,True,0.1134922166378331,0.0,0.0,1.0,True,19.0,19.0,0.0,0.0,0.0,0,0,15,4550,confirm,32.0
rgv_h3,rgv,holdout,scalar_linear,13501,1024,1024,1024,1.8718950460001904,975,True,0.0719253410558607,0.0,0.0,1.0,True,4.0,4.0,0.0,0.0,0.0,0,0,15,4699,confirm,418.0
rgv_h2,rgv,holdout,nsga2_guarded,13505,1024,1024,1024,1.2090780150001592,1018,True,0.129790857016615,0.0015520997357438,0.0005586592199999,0.8,False,5.0,5.0,0.0015520997357438,0.0015520997299621,0.000558659217877,0,0,15,6466,confirm,263.0
rgv_h4,rgv,holdout,no_uncertainty_linear,13506,1024,1024,1024,1.813158906999888,1006,True,0.0890097393162867,0.0,0.0,1.0,True,12.0,12.0,0.0,0.0,0.0,0,0,15,5307,confirm,201.0
rgv_h4,rgv,holdout,nsga2_guarded,13509,1024,1024,1024,1.2110466359999918,1020,True,0.1507629649430333,0.0014982864311507,0.0006324187583333,0.9166666666666666,False,11.0,12.0,0.0014982864311507,0.0014982864316546,0.0006324187585133,0,0,15,6237,confirm,259.0
rgv_h3,rgv,holdout,nsga2_guarded,13502,1024,1024,1024,1.142762760000096,1017,True,0.1508181714049117,0.0,0.0,1.0,True,4.0,4.0,0.0,0.0,0.0,0,0,15,6642,confirm,302.0
rgv_h3,rgv,holdout,guarded_linear,13511,1024,1024,1024,1.940441766000049,987,True,0.0701516827270894,0.0,0.0,1.0,True,4.0,4.0,0.0,0.0,0.0,0,0,15,4992,confirm,200.0
tour_h2,tour,holdout,fast_v10,13503,1024,1024,1024,0.6830471040000248,978,True,0.1185245920484231,0.0,0.0,1.0,True,20.0,20.0,0.0,0.0,2.6433881538694198e-18,0,0,0,0,confirm,0.0
tour_h4,tour,holdout,unguarded_linear,13512,1024,1024,1024,1.5852818079999906,1008,True,0.0855696110975777,0.0068418536496536,0.0036548829021458,0.8333333333333334,False,23.0,24.0,0.0068418536496536,0.006841853649845,0.0035086875863505,0,0,15,5435,confirm,58.0
job_h1,job,holdout,no_uncertainty_linear,13512,1024,1024,1024,2.5505972989999464,886,True,0.1095263131694314,0.011084124460108,0.0056936720717384,0.7647058823529411,False,14.0,17.0,0.011084124460108,0.0110841244574324,0.0056936720715158,0,0,15,2785,confirm,17.0
rgv_h2,rgv,holdout,scalar_linear,13507,1024,1024,1024,2.010311107999996,986,True,0.1064355431328031,0.0,0.0,1.0,True,5.0,5.0,0.0,0.0,0.0,0,0,15,4475,confirm,414.0
rgv_h4,rgv,holdout,nsga2_guarded,13507,1024,1024,1024,1.380484977999913,1014,True,0.0868615073450636,0.0003784420394762,0.0005351235666666,0.9166666666666666,False,12.0,12.0,0.0003784420394762,0.0003784420378461,0.0005351235648958,0,0,15,6447,confirm,273.0
rgv_h3,rgv,holdout,fast_v10,13503,1024,1024,1024,0.7532729449999351,1004,True,0.0899988556755693,0.0,0.0,1.0,True,4.0,4.0,0.0,0.0,0.0,0,0,0,0,confirm,0.0
tour_h2,tour,holdout,raw_linear,13505,1024,1024,1024,1.320835918000057,1002,True,0.0955324835877973,0.0,0.0,1.0,True,20.0,20.0,0.0,0.0,2.6433881538694198e-18,0,0,15,5670,confirm,18.0
job_h3,job,holdout,nsga2_guarded,13510,1024,1024,1024,1.664056336000158,991,True,0.106383551271906,0.0,0.0,1.0,True,23.0,23.0,0.0,0.0,0.0,0,0,15,5333,confirm,60.0
tour_h2,tour,holdout,random_residual,13511,1024,1024,1024,1.104134651000095,1007,True,0.1339033167154587,0.0044807780666427,0.002171001835,0.95,False,19.0,20.0,0.0044807780666427,0.004480778069688,0.0020676207955055,0,0,0,0,confirm,551.0
job_h2,job,holdout,fast_v10,13503,1024,1024,1024,0.700365574999978,988,True,0.151916079472672,0.0260812027573907,0.0120208554566034,0.6206896551724138,False,24.0,29.0,0.0260812027573907,0.0260812027508261,0.0120208554523228,0,0,0,0,confirm,0.0
job_h4,job,holdout,nsga2_typed,13504,1024,1024,1024,0.590499305000094,996,True,0.1407093380797155,0.0137342382679117,0.006799168477077,0.75,False,26.0,28.0,0.0137342382679117,0.0137342382648117,0.0067991684742195,0,0,0,0,confirm,0.0
job_h1,job,holdout,nsga2_guarded,13506,1024,1024,1024,1.992946047000032,948,True,0.1284310002369648,0.0,0.0,1.0,True,17.0,17.0,0.0,0.0,0.0,0,0,15,4583,confirm,59.0
job_h2,job,holdout,raw_linear,13510,1024,1024,1024,1.455584956000166,994,True,0.1268286458361742,0.0091554259895336,0.0039902325827586,0.7586206896551724,False,23.0,29.0,0.0091554259895336,0.0091554259929953,0.0039902325857852,0,0,15,5372,confirm,21.0
tour_h3,tour,holdout,raw_linear,13509,1024,1024,1024,2.038319465999848,948,True,0.1157947866267339,0.0,0.0,1.0,True,17.0,17.0,0.0,0.0,0.0,0,0,15,3933,confirm,37.0
rgv_h4,rgv,holdout,no_uncertainty_linear,13505,1024,1024,1024,1.6556957069999498,1011,True,0.0926011542433454,0.0004529836553873,0.0014488996999999,0.75,False,9.0,12.0,0.0004529836553873,0.0004529836513614,0.0014488996930118,0,0,15,5376,confirm,170.0
rgv_h3,rgv,holdout,nsga2_guarded,13508,1024,1024,1024,1.148533538000038,1017,True,0.1136285616364509,0.0,0.0,1.0,True,4.0,4.0,0.0,0.0,0.0,0,0,15,6614,confirm,312.0
rgv_h3,rgv,holdout,no_uncertainty_linear,13507,1024,1024,1024,2.120189474999961,981,True,0.1012701682130439,0.0,0.0,1.0,True,4.0,4.0,0.0,0.0,0.0,0,0,15,4567,confirm,128.0
rgv_h2,rgv,holdout,fast_v10,13507,1024,1024,1024,0.8388951489998817,977,True,0.1097730088515176,0.0,0.0,1.0,True,5.0,5.0,0.0,0.0,0.0,0,0,0,0,confirm,0.0
job_h1,job,holdout,unguarded_linear,13501,1024,1024,1024,2.3954529679999723,876,True,0.0595165271484211,0.0067365671893697,0.0041468266058823,0.8235294117647058,False,14.0,17.0,0.0067365671893697,0.0067365671829325,0.0041468266041806,0,0,15,2838,confirm,18.0
tour_h3,tour,holdout,guarded_linear,13511,1024,1024,1024,2.061024381999914,979,True,0.0663077204220081,0.0,0.0,1.0,True,17.0,17.0,0.0,0.0,0.0,0,0,15,4254,confirm,36.0
job_h1,job,holdout,random_residual,13508,1024,1024,1024,2.1242344830000093,863,True,0.0587761358218006,0.004748272546794,0.0031656740235294,0.8823529411764706,False,15.0,17.0,0.004748272546794,0.0047482725435619,0.003165674023424,0,0,0,0,confirm,213.0
rgv_h3,rgv,holdout,raw_linear,13511,1024,1024,1024,1.295695114999944,1014,True,0.0924654485983958,0.0,0.0,1.0,True,4.0,4.0,0.0,0.0,0.0,0,0,15,5459,confirm,223.0
job_h1,job,holdout,nsga2_typed,13505,1024,1024,1024,1.1621059640001477,891,True,0.0679911617458075,0.004748272546794,0.0031656740235294,0.8823529411764706,False,15.0,17.0,0.004748272546794,0.0047482725435619,0.003165674023424,0,0,0,0,confirm,0.0
rgv_h2,rgv,holdout,nsga2_typed,13510,1024,1024,1024,0.5574049049998848,1012,True,0.1457038233069778,0.0035162613478292,0.00111731844,0.8,False,4.0,5.0,0.0035162613478292,0.0035162613351353,0.0011173184357541,0,0,0,0,confirm,0.0
job_h1,job,holdout,fast_v10,13508,1024,1024,1024,1.3502116160000242,873,True,0.0679534189033444,0.004748272546794,0.0031656740235294,0.8823529411764706,False,15.0,17.0,0.004748272546794,0.0047482725435619,0.003165674023424,0,0,0,0,confirm,0.0
job_h1,job,holdout,nsga2_typed,13501,1024,1024,1024,1.2943560590001653,899,True,0.1341601924107301,0.004748272546794,0.0031656740235294,0.8823529411764706,False,15.0,17.0,0.004748272546794,0.0047482725435619,0.003165674023424,0,0,0,0,confirm,0.0
tour_h4,tour,holdout,nsga2_typed,13504,1024,1024,1024,0.5526773090000461,1013,True,0.154901500397976,0.0095861445402175,0.0055095222544398,0.7083333333333334,False,23.0,24.0,0.0095861445402175,0.0095861445379253,0.0052891413636102,0,0,0,0,confirm,0.0
tour_h3,tour,holdout,unguarded_linear,13508,1024,1024,1024,2.0712015579999843,955,True,0.0872030005268069,0.0,0.0,1.0,True,17.0,17.0,0.0,0.0,0.0,0,0,15,4333,confirm,36.0
rgv_h2,rgv,holdout,unguarded_linear,13512,1024,1024,1024,2.067973916000028,978,True,0.0751841033782494,0.0,0.0,1.0,True,5.0,5.0,0.0,0.0,0.0,0,0,15,4779,confirm,234.0
rgv_h3,rgv,holdout,nsga2_guarded,13504,1024,1024,1024,1.1633125359999212,1022,True,0.1595148186314255,0.0,0.0,1.0,True,4.0,4.0,0.0,0.0,0.0,0,0,15,6245,confirm,267.0
rgv_h1,rgv,holdout,raw_linear,13512,1024,1024,1024,1.495099251000056,1005,True,0.0785640220971153,0.0050227636612988,0.0019563180857142,0.7142857142857143,False,6.0,7.0,0.0050227636612988,0.0050227636456616,0.0019563180807876,0,0,15,4931,confirm,185.0
tour_h3,tour,holdout,guarded_linear,13506,1024,1024,1024,2.081357145000084,960,True,0.0576529055963942,9.35798432435786e-06,6.120582352941341e-05,0.9411764705882352,False,16.0,17.0,9.35798432435786e-06,9.35798359623038e-06,6.120581935836102e-05,0,0,15,4090,confirm,28.0
tour_h3,tour,holdout,nsga2_typed,13503,1024,1024,1024,0.6712515490000897,979,True,0.1398804361393555,0.0010439807624482,0.0005611720294117,0.9411764705882352,False,16.0,17.0,0.0010439807624482,0.0010439807659043,0.0005611720312772,0,0,0,0,confirm,0.0
tour_h1,tour,holdout,scalar_linear,13505,1024,1024,1024,2.086610169999858,952,True,0.1158442949853872,0.001673801330323,0.0007392683052631,0.9473684210526316,False,18.0,19.0,0.001673801330323,0.0016738013252025,0.0007392683030071,0,0,15,3913,confirm,348.0
rgv_h1,rgv,holdout,nsga2_guarded,13501,1024,1024,1024,1.1310943250000491,1021,True,0.0633805142798781,0.0,0.0,1.0,True,7.0,7.0,0.0,0.0,0.0,0,0,15,6714,confirm,311.0
job_h4,job,holdout,scalar_linear,13504,1024,1024,1024,1.3411667289999514,1007,True,0.1088529817328942,0.0012564674917725,0.0006162842892857,0.9642857142857144,False,29.0,28.0,0.0012564674917725,0.0012564674894749,0.000616284289423,0,0,15,5623,confirm,558.0
rgv_h1,rgv,holdout,unguarded_linear,13502,1024,1024,1024,1.4388508949998595,1008,True,0.0704272124096691,0.0116295346298855,0.0021213822824229,0.8571428571428571,False,7.0,7.0,0.0116295346298855,0.0116295346141549,0.0021213822788611,0,0,15,5528,confirm,249.0
job_h2,job,holdout,fast_v10,13508,1024,1024,1024,0.5729270159999942,985,True,0.1595339051474214,0.0136134671843732,0.0069910127662589,0.6896551724137931,False,26.0,29.0,0.0136134671843732,0.0136134671890387,0.0069910127728395,0,0,0,0,confirm,0.0
job_h1,job,holdout,random_residual,13512,1024,1024,1024,2.1064222579998386,872,True,0.1140697655743534,0.0137341183546597,0.0077052480011501,0.7058823529411765,False,14.0,17.0,0.0137341183546597,0.0137341183560678,0.0077052480029633,0,0,0,0,confirm,182.0
rgv_h1,rgv,holdout,guarded_linear,13510,1024,1024,1024,1.7790340999999898,985,True,0.0900900008546632,0.0025007094745765,0.0005400540142857,0.8571428571428571,False,6.0,7.0,0.0025007094745765,0.0025007094330669,0.0005400540054005,0,0,15,4953,confirm,166.0
rgv_h1,rgv,holdout,scalar_linear,13502,1024,1024,1024,1.568176608000158,1012,True,0.0744451986501545,0.0019816942477348,0.000540054,0.8571428571428571,False,7.0,7.0,0.0019816942477348,0.0019816942677134,0.0005400540054005,0,0,15,5755,confirm,550.0
tour_h4,tour,holdout,raw_linear,13510,1024,1024,1024,1.4289251390000572,993,True,0.1385194621785253,0.0068418536496536,0.0036548829021458,0.8333333333333334,False,23.0,24.0,0.0068418536496536,0.006841853649845,0.0035086875863505,0,0,15,5428,confirm,24.0
rgv_h4,rgv,holdout,nsga2_guarded,13508,1024,1024,1024,1.371237758999996,1019,True,0.0481457114238489,0.0,0.0,1.0,True,12.0,12.0,0.0,0.0,0.0,0,0,15,6258,confirm,287.0
rgv_h2,rgv,holdout,guarded_linear,13502,1024,1024,1024,1.9162771619999148,975,True,0.1169522255554534,0.0,0.0,1.0,True,5.0,5.0,0.0,0.0,0.0,0,0,15,4906,confirm,228.0
tour_h3,tour,holdout,nsga2_typed,13504,1024,1024,1024,0.7132716260000507,993,True,0.1666284568406844,0.0010439807624482,0.0005611720294117,0.9411764705882352,False,16.0,17.0,0.0010439807624482,0.0010439807659043,0.0005611720312772,0,0,0,0,confirm,0.0
tour_h2,tour,holdout,unguarded_linear,13508,1024,1024,1024,1.7487089380001637,1015,True,0.098439827971253,0.0,0.0,1.0,True,20.0,20.0,0.0,0.0,2.6433881538694198e-18,0,0,15,5706,confirm,29.0
rgv_h4,rgv,holdout,no_uncertainty_linear,13510,1024,1024,1024,1.9444656859998304,1002,True,0.1670946884256,0.0478299130323165,0.0043532338333333,0.8333333333333334,False,10.0,12.0,0.0478299130323165,0.0478299130105104,0.0043532338308457,0,0,15,5255,confirm,183.0
tour_h1,tour,holdout,random_residual,13501,1024,1024,1024,1.775062380999998,983,True,0.1300782891548107,0.0021692883825034,0.0016120855894736,0.8421052631578947,False,17.0,19.0,0.0021692883825034,0.0021692883798048,0.0016120855901429,0,0,0,0,confirm,403.0
job_h3,job,holdout,nsga2_typed,13511,1024,1024,1024,0.8236255710000933,985,True,0.1426270731523125,0.0012237597822561,0.0006956818217391,0.9130434782608696,False,21.0,23.0,0.0012237597822561,0.0012237597845138,0.0006956818218961,0,0,0,0,confirm,0.0
job_h1,job,holdout,random_residual,13501,1024,1024,1024,2.100495115000058,895,True,0.0640221478573696,0.0026499938945517,0.0020115759294117,0.9411764705882352,False,17.0,17.0,0.0026499938945517,0.0026499938986353,0.0020115759314474,0,0,0,0,confirm,221.0
job_h1,job,holdout,raw_linear,13504,1024,1024,1024,2.398967244000005,870,True,0.0836456985109708,0.004748272546794,0.0031656740235294,0.8823529411764706,False,15.0,17.0,0.004748272546794,0.0047482725435619,0.003165674023424,0,0,15,2798,confirm,24.0
rgv_h2,rgv,holdout,fast_v10,13502,1024,1024,1024,0.850640784999996,985,True,0.157860551188688,0.0,0.0,1.0,True,5.0,5.0,0.0,0.0,0.0,0,0,0,0,confirm,0.0
job_h1,job,holdout,no_uncertainty_linear,13502,1024,1024,1024,2.6443510819999574,885,True,0.0872988443428942,0.004748272546794,0.0031656740235294,0.8823529411764706,False,15.0,17.0,0.004748272546794,0.0047482725435619,0.003165674023424,0,0,15,2773,confirm,10.0
job_h1,job,holdout,unguarded_linear,13503,1024,1024,1024,2.451429364000205,882,True,0.0606257167734122,0.004748272546794,0.0031656740235294,0.8823529411764706,False,15.0,17.0,0.004748272546794,0.0047482725435619,0.003165674023424,0,0,15,2732,confirm,9.0
rgv_h2,rgv,holdout,fast_v10,13504,1024,1024,1024,0.8710195149999436,995,True,0.0991337282074928,0.0050683610835731,0.0016759776599999,0.6,False,4.0,5.0,0.0050683610835731,0.0050683610650977,0.0016759776536312,0,0,0,0,confirm,0.0
job_h1,job,holdout,fast_v10,13509,1024,1024,1024,1.5965150819999965,886,True,0.0684073853050949,0.004748272546794,0.0031656740235294,0.8823529411764706,False,15.0,17.0,0.004748272546794,0.0047482725435619,0.003165674023424,0,0,0,0,confirm,0.0
job_h2,job,holdout,nsga2_typed,13502,1024,1024,1024,0.8276949259998219,1008,True,0.1198731523632548,0.0066243631381568,0.0026982839620689,0.7931034482758621,False,25.0,29.0,0.0066243631381568,0.0066243631431729,0.0026982839670428,0,0,0,0,confirm,0.0
rgv_h4,rgv,holdout,no_uncertainty_linear,13507,1024,1024,1024,2.398615792000101,978,True,0.1113164318430751,0.0098664426500786,0.0082029287416666,0.5,False,7.0,12.0,0.0098664426500786,0.009866442644271,0.0082029287305445,0,0,15,4416,confirm,134.0
rgv_h2,rgv,holdout,no_uncertainty_linear,13506,1024,1024,1024,2.636311319000015,976,True,0.1075542322607449,0.0,0.0,1.0,True,5.0,5.0,0.0,0.0,0.0,0,0,15,4407,confirm,134.0
rgv_h3,rgv,holdout,random_residual,13508,1024,1024,1024,1.7828188890000547,1000,True,0.1287332646853199,0.0,0.0,1.0,True,4.0,4.0,0.0,0.0,0.0,0,0,0,0,confirm,494.0
rgv_h2,rgv,holdout,fast_v10,13501,1024,1024,1024,1.02869743500014,991,True,0.0337207696108558,0.0,0.0,1.0,True,5.0,5.0,0.0,0.0,0.0,0,0,0,0,confirm,0.0
tour_h1,tour,holdout,raw_linear,13504,1024,1024,1024,2.3626472349999403,972,True,0.1065429037444278,0.000516779638529,0.0009265511473684,0.8421052631578947,False,16.0,19.0,0.000516779638529,0.0005167796401188,0.0009265511480223,0,0,15,4376,confirm,16.0
tour_h1,tour,holdout,random_residual,13505,1024,1024,1024,2.003334579000011,977,True,0.1134054206842755,0.0004954870521802,0.0008728172842105,0.8947368421052632,False,17.0,19.0,0.0004954870521802,0.0004954870546022,0.0008728172871358,0,0,0,0,confirm,445.0
tour_h2,tour,holdout,fast_v10,13508,1024,1024,1024,0.7788592089998474,1012,True,0.1363951316685629,0.0,0.0,1.0,True,20.0,20.0,0.0,0.0,2.6433881538694198e-18,0,0,0,0,confirm,0.0
job_h2,job,holdout,unguarded_linear,13505,1024,1024,1024,1.83581494200007,992,True,0.0934380437547811,3.136954644341288e-05,0.0001597824999999,0.896551724137931,False,26.0,29.0,3.136954644341288e-05,3.136954704816391e-05,0.0001597825020449,0,0,15,5159,confirm,52.0
tour_h4,tour,holdout,no_uncertainty_linear,13505,1024,1024,1024,1.9064423919999167,991,True,0.10249472946542,0.0068425551234286,0.0036816466396458,0.7916666666666666,False,22.0,24.0,0.0068425551234286,0.0068425551236836,0.0035343807741831,0,0,15,5311,confirm,34.0
rgv_h2,rgv,holdout,nsga2_typed,13504,1024,1024,1024,0.5571897059999174,1016,True,0.1728811876383653,0.0035162613478292,0.00111731844,0.8,False,4.0,5.0,0.0035162613478292,0.0035162613351353,0.0011173184357541,0,0,0,0,confirm,0.0
tour_h3,tour,holdout,nsga2_typed,13509,1024,1024,1024,0.8821506459999,959,True,0.1608890530170476,0.0037206336336493,0.0021317860941176,0.8823529411764706,False,15.0,17.0,0.0037206336336493,0.0037206336325181,0.0021317860929975,0,0,0,0,confirm,0.0
rgv_h1,rgv,holdout,no_uncertainty_linear,13506,1024,1024,1024,2.100856754000006,987,True,0.0605851345913681,0.0025007094745765,0.0005400540142857,0.8571428571428571,False,6.0,7.0,0.0025007094745765,0.0025007094330669,0.0005400540054005,0,0,15,4761,confirm,154.0
job_h3,job,holdout,unguarded_linear,13503,1024,1024,1024,1.827218520000088,989,True,0.0831488744429528,0.0,0.0,1.0,True,23.0,23.0,0.0,0.0,0.0,0,0,15,4891,confirm,32.0
tour_h1,tour,holdout,scalar_linear,13508,1024,1024,1024,1.9023026380000372,977,True,0.0900932761433888,0.0,0.0,1.0,True,19.0,19.0,0.0,0.0,0.0,0,0,15,4265,confirm,418.0
tour_h3,tour,holdout,unguarded_linear,13511,1024,1024,1024,1.804928572000108,979,True,0.0663077204220081,0.0,0.0,1.0,True,17.0,17.0,0.0,0.0,0.0,0,0,15,4254,confirm,36.0
tour_h4,tour,holdout,nsga2_typed,13506,1024,1024,1024,0.5276095990000158,1006,True,0.1527492437625874,0.0050662782687499,0.0035014628291666,0.8333333333333334,False,21.0,24.0,0.0050662782687499,0.0050662782675015,0.0033614043155508,0,0,0,0,confirm,0.0
rgv_h3,rgv,holdout,unguarded_linear,13505,1024,1024,1024,1.8223528079997775,981,True,0.1151733607747541,0.0,0.0,1.0,True,4.0,4.0,0.0,0.0,0.0,0,0,15,5025,confirm,201.0
job_h1,job,holdout,raw_linear,13503,1024,1024,1024,2.271767150999949,886,True,0.0653457497837653,0.004748272546794,0.0031656740235294,0.8823529411764706,False,15.0,17.0,0.004748272546794,0.0047482725435619,0.003165674023424,0,0,15,2885,confirm,9.0
tour_h4,tour,holdout,fast_v10,13505,1024,1024,1024,0.633506713000088,1001,True,0.1146316820056985,0.0076543699663595,0.0040783981876636,0.8333333333333334,False,22.0,24.0,0.0076543699663595,0.0076543699660794,0.0039152622602449,0,0,0,0,confirm,0.0
tour_h4,tour,holdout,nsga2_guarded,13505,1024,1024,1024,1.6293071650000002,1006,True,0.1421578446862866,0.0068418536496536,0.0036548829021458,0.8333333333333334,False,23.0,24.0,0.0068418536496536,0.006841853649845,0.0035086875863505,0,0,15,5657,confirm,55.0
tour_h1,tour,holdout,raw_linear,13512,1024,1024,1024,1.7863520829998834,963,True,0.0814567492371499,0.0004954870521802,0.0008728172842105,0.8947368421052632,False,17.0,19.0,0.0004954870521802,0.0004954870546022,0.0008728172871358,0,0,15,4667,confirm,25.0
job_h1,job,holdout,no_uncertainty_linear,13504,1024,1024,1024,2.774174081999945,888,True,0.078455217200217,0.004748272546794,0.0031656740235294,0.8823529411764706,False,15.0,17.0,0.004748272546794,0.0047482725435619,0.003165674023424,0,0,15,3042,confirm,19.0
tour_h4,tour,holdout,unguarded_linear,13510,1024,1024,1024,1.685381985000049,999,True,0.1131271199477686,0.0002157859210086,7.302339166666666e-05,0.9583333333333334,False,24.0,24.0,0.0002157859210086,0.0002157859228499,7.010245441361259e-05,0,0,15,5698,confirm,57.0
tour_h2,tour,holdout,nsga2_typed,13512,1024,1024,1024,0.5893756380000923,1004,True,0.1443047918253925,0.0001031751284101,4.3553725e-05,0.95,False,19.0,20.0,0.0001031751284101,0.0001031751313887,4.147973929283312e-05,0,0,0,0,confirm,0.0
tour_h1,tour,holdout,nsga2_guarded,13511,1024,1024,1024,1.7471421279999504,1004,True,0.1148538351296477,0.00020617925274,0.0001968325210526,0.9473684210526316,False,18.0,19.0,0.00020617925274,0.0002061792546505,0.0001968325225927,0,0,15,5327,confirm,54.0
rgv_h3,rgv,holdout,guarded_linear,13509,1024,1024,1024,1.8333561070001,991,True,0.1229672858399398,0.0,0.0,1.0,True,4.0,4.0,0.0,0.0,0.0,0,0,15,4854,confirm,181.0
job_h3,job,holdout,guarded_linear,13508,1024,1024,1024,1.997178334000182,981,True,0.0893492650926046,0.0003623646267583,0.000135680847826,0.9565217391304348,False,22.0,23.0,0.0003623646267583,0.0003623646309846,0.0001356808494088,0,0,15,4653,confirm,34.0
tour_h3,tour,holdout,no_uncertainty_linear,13512,1024,1024,1024,2.338068033999889,955,True,0.0931748870006514,0.0,0.0,1.0,True,17.0,17.0,0.0,0.0,0.0,0,0,15,4285,confirm,32.0
job_h1,job,holdout,scalar_linear,13511,1024,1024,1024,2.827103382000132,880,True,0.0913073686390483,0.004748272546794,0.0031656740235294,0.8823529411764706,False,15.0,17.0,0.004748272546794,0.0047482725435619,0.003165674023424,0,0,15,2853,confirm,207.0
tour_h4,tour,holdout,raw_linear,13501,1024,1024,1024,1.5138900110000575,1001,True,0.1456519359032528,0.0079153901762894,0.0048460046771458,0.75,False,24.0,24.0,0.0079153901762894,0.0079153901727545,0.0046521644884092,0,0,15,5499,confirm,40.0
tour_h2,tour,holdout,guarded_linear,13508,1024,1024,1024,1.6691133130000253,1015,True,0.098439827971253,0.0,0.0,1.0,True,20.0,20.0,0.0,0.0,2.6433881538694198e-18,0,0,15,5706,confirm,29.0
rgv_h2,rgv,holdout,fast_v10,13506,1024,1024,1024,0.7954241120000916,993,True,0.1158457020686349,0.0035162613478292,0.00111731844,0.8,False,4.0,5.0,0.0035162613478292,0.0035162613351353,0.0011173184357541,0,0,0,0,confirm,0.0
tour_h1,tour,holdout,unguarded_linear,13503,1024,1024,1024,1.7766759480000474,995,True,0.1302497084284757,0.0,0.0,1.0,True,19.0,19.0,0.0,0.0,0.0,0,0,15,5124,confirm,62.0
job_h3,job,holdout,unguarded_linear,13504,1024,1024,1024,1.9548075010000048,982,True,0.0842569868306334,0.0012237597822561,0.0006956818217391,0.9130434782608696,False,21.0,23.0,0.0012237597822561,0.0012237597845138,0.0006956818218961,0,0,15,4624,confirm,36.0
tour_h1,tour,holdout,scalar_linear,13503,1024,1024,1024,1.8492948929999784,994,True,0.1281911103238895,0.0,0.0,1.0,True,19.0,19.0,0.0,0.0,0.0,0,0,15,4965,confirm,485.0
tour_h1,tour,holdout,raw_linear,13505,1024,1024,1024,1.5184578250000411,989,True,0.1132864981213705,0.0,0.0,1.0,True,19.0,19.0,0.0,0.0,0.0,0,0,15,5089,confirm,27.0
tour_h1,tour,holdout,fast_v10,13506,1024,1024,1024,0.9477550209999208,971,True,0.1748991968954944,0.000516779638529,0.0009265511473684,0.8421052631578947,False,16.0,19.0,0.000516779638529,0.0005167796401188,0.0009265511480223,0,0,0,0,confirm,0.0
job_h2,job,holdout,scalar_linear,13509,1024,1024,1024,1.755951818999847,992,True,0.1267887272201274,0.0076272817538284,0.0021402672068965,0.8620689655172413,False,25.0,29.0,0.0076272817538284,0.0076272817522818,0.0021402672072134,0,0,15,4953,confirm,507.0
tour_h3,tour,holdout,nsga2_guarded,13512,1024,1024,1024,1.844594376000032,988,True,0.0897997728600603,0.0,0.0,1.0,True,17.0,17.0,0.0,0.0,0.0,0,0,15,4984,confirm,49.0
rgv_h3,rgv,holdout,scalar_linear,13506,1024,1024,1024,2.34104678299991,988,True,0.1095663119414046,0.0,0.0,1.0,True,4.0,4.0,0.0,0.0,0.0,0,0,15,4513,confirm,391.0
tour_h1,tour,holdout,random_residual,13512,1024,1024,1024,1.6889300539999113,979,True,0.0780454237495156,0.000516779638529,0.0009265511473684,0.8421052631578947,False,16.0,19.0,0.000516779638529,0.0005167796401188,0.0009265511480223,0,0,0,0,confirm,404.0
tour_h2,tour,holdout,nsga2_typed,13509,1024,1024,1024,0.561475413999915,1003,True,0.1782599178606356,0.0007184492765797,0.000580025445,0.9,False,18.0,20.0,0.0007184492765797,0.0007184492835399,0.0005524051903979,0,0,0,0,confirm,0.0
tour_h1,tour,holdout,random_residual,13507,1024,1024,1024,1.617516174000002,956,True,0.1161125778911006,0.0004954870521802,0.0008728172842105,0.8947368421052632,False,17.0,19.0,0.0004954870521802,0.0004954870546022,0.0008728172871358,0,0,0,0,confirm,376.0
job_h1,job,holdout,raw_linear,13507,1024,1024,1024,2.4703318300000774,874,True,0.0882000808067089,0.0137341183546597,0.0077052480011501,0.7058823529411765,False,14.0,17.0,0.0137341183546597,0.0137341183560678,0.0077052480029633,0,0,15,2644,confirm,15.0
rgv_h4,rgv,holdout,guarded_linear,13502,1024,1024,1024,1.5095544910000172,997,True,0.1157370362145597,0.0014982864311507,0.0006324187583333,0.9166666666666666,False,11.0,12.0,0.0014982864311507,0.0014982864316546,0.0006324187585133,0,0,15,5639,confirm,236.0
rgv_h4,rgv,holdout,fast_v10,13503,1024,1024,1024,0.593804056999943,1003,True,0.1709064598346146,0.0,0.0,1.0,True,12.0,12.0,0.0,0.0,0.0,0,0,0,0,confirm,0.0
job_h2,job,holdout,scalar_linear,13507,1024,1024,1024,1.7026565539999865,969,True,0.1394310860608432,0.0098740892982979,0.0039420475208316,0.7931034482758621,False,25.0,29.0,0.0098740892982979,0.0098740893037856,0.0039420475231578,0,0,15,4610,confirm,447.0
tour_h4,tour,holdout,nsga2_typed,13501,1024,1024,1024,0.4083188600000085,1001,True,0.2294812720633915,0.0229229588881661,0.0143727336952437,0.6666666666666666,False,22.0,24.0,0.0229229588881661,0.0229229588897041,0.0137978243495601,0,0,0,0,confirm,0.0
rgv_h4,rgv,holdout,unguarded_linear,13511,1024,1024,1024,1.5728645910000978,1007,True,0.0902775201456569,0.0003784420394762,0.0005351235666666,0.9166666666666666,False,12.0,12.0,0.0003784420394762,0.0003784420378461,0.0005351235648958,0,0,15,5310,confirm,238.0
tour_h2,tour,holdout,nsga2_typed,13510,1024,1024,1024,0.509081832999982,998,True,0.1458651563222756,0.0,0.0,1.0,True,20.0,20.0,0.0,0.0,0.0,0,0,0,0,confirm,0.0
rgv_h2,rgv,holdout,no_uncertainty_linear,13507,1024,1024,1024,1.867208005999828,979,True,0.1076254993323775,0.0035162613478292,0.00111731844,0.8,False,4.0,5.0,0.0035162613478292,0.0035162613351353,0.0011173184357541,0,0,15,4763,confirm,157.0
rgv_h1,rgv,holdout,nsga2_guarded,13509,1024,1024,1024,1.154263792999927,1021,True,0.1407575644129132,0.0019816942477348,0.000540054,0.8571428571428571,False,7.0,7.0,0.0019816942477348,0.0019816942677134,0.0005400540054005,0,0,15,6673,confirm,314.0
tour_h1,tour,holdout,guarded_linear,13503,1024,1024,1024,1.6267891499999223,995,True,0.1302497084284757,0.0,0.0,1.0,True,19.0,19.0,0.0,0.0,0.0,0,0,15,5124,confirm,62.0
tour_h3,tour,holdout,random_residual,13505,1024,1024,1024,1.5425254970000424,955,True,0.0895006275425321,9.35798432435786e-06,6.120582352941341e-05,0.9411764705882352,False,16.0,17.0,9.35798432435786e-06,9.35798359623038e-06,6.120581935836102e-05,0,0,0,0,confirm,374.0
rgv_h1,rgv,holdout,guarded_linear,13502,1024,1024,1024,1.5685698949998823,1008,True,0.0704272124096691,0.0116295346298855,0.0021213822824229,0.8571428571428571,False,7.0,7.0,0.0116295346298855,0.0116295346141549,0.0021213822788611,0,0,15,5528,confirm,249.0
job_h2,job,holdout,no_uncertainty_linear,13503,1024,1024,1024,1.4838819219999095,1000,True,0.1154869719952736,0.003776819523142,0.0017302189103448,0.9310344827586208,False,29.0,29.0,0.003776819523142,0.0037768195233659,0.0017302189073131,0,0,15,5685,confirm,54.0
tour_h4,tour,holdout,no_uncertainty_linear,13506,1024,1024,1024,1.3453037720000791,1007,True,0.1256235609362457,0.0068418536496536,0.0036548829021458,0.8333333333333334,False,23.0,24.0,0.0068418536496536,0.006841853649845,0.0035086875863505,0,0,15,5765,confirm,50.0
tour_h1,tour,holdout,nsga2_guarded,13509,1024,1024,1024,1.5274191449998398,987,True,0.140856893385696,0.00020617925274,0.0001968325210526,0.9473684210526316,False,18.0,19.0,0.00020617925274,0.0002061792546505,0.0001968325225927,0,0,15,5174,confirm,65.0
rgv_h3,rgv,holdout,random_residual,13504,1024,1024,1024,1.5537478179999198,978,True,0.1501315940204165,0.0,0.0,1.0,True,4.0,4.0,0.0,0.0,0.0,0,0,0,0,confirm,426.0
tour_h3,tour,holdout,fast_v10,13502,1024,1024,1024,0.9540842999999768,968,True,0.0935050073239635,0.0035968100375773,0.0019918900352941,0.8823529411764706,False,16.0,17.0,0.0035968100375773,0.0035968100349853,0.0019918900338019,0,0,0,0,confirm,0.0
tour_h2,tour,holdout,nsga2_typed,13505,1024,1024,1024,0.5218572139999651,993,True,0.1805040349544899,0.0001031751284101,4.3553725e-05,0.95,False,19.0,20.0,0.0001031751284101,0.0001031751313887,4.147973929283312e-05,0,0,0,0,confirm,0.0
tour_h2,tour,holdout,random_residual,13510,1024,1024,1024,1.129695816000094,1004,True,0.1107543075646668,0.0,0.0,1.0,True,20.0,20.0,0.0,0.0,2.6433881538694198e-18,0,0,0,0,confirm,524.0
rgv_h3,rgv,holdout,nsga2_guarded,13511,1024,1024,1024,1.2517684670001472,1022,True,0.1580717346136387,0.0034328870529253,0.004716981125,0.75,False,4.0,4.0,0.0034328870529253,0.0034328870580157,0.0047169811320754,0,0,15,6832,confirm,367.0
job_h3,job,holdout,nsga2_guarded,13508,1024,1024,1024,1.77432004100001,995,True,0.1042402625052092,0.0,0.0,1.0,True,23.0,23.0,0.0,0.0,0.0,0,0,15,5351,confirm,71.0
tour_h4,tour,holdout,guarded_linear,13511,1024,1024,1024,1.736664072000167,996,True,0.1009770369494327,0.0,0.0,1.0,True,24.0,24.0,0.0,0.0,2.220446049250313e-18,0,0,15,5471,confirm,68.0
job_h1,job,holdout,scalar_linear,13509,1024,1024,1024,2.681721427999946,856,True,0.0673064744898793,0.004748272546794,0.0031656740235294,0.8823529411764706,False,15.0,17.0,0.004748272546794,0.0047482725435619,0.003165674023424,0,0,15,2773,confirm,182.0
rgv_h3,rgv,holdout,scalar_linear,13503,1024,1024,1024,2.0667370179999125,989,True,0.0744364343519929,0.0,0.0,1.0,True,4.0,4.0,0.0,0.0,0.0,0,0,15,4702,confirm,436.0
rgv_h1,rgv,holdout,raw_linear,13505,1024,1024,1024,1.3498804119999477,998,True,0.0849749154159431,0.0115767343958423,0.0037787975704809,0.5714285714285714,False,7.0,7.0,0.0115767343958423,0.0115767343700607,0.0037787975662885,0,0,15,5402,confirm,97.0
job_h1,job,holdout,raw_linear,13510,1024,1024,1024,2.1828667919999134,876,True,0.0967021568801736,0.0067365671893697,0.0041468266058823,0.8235294117647058,False,14.0,17.0,0.0067365671893697,0.0067365671829325,0.0041468266041806,0,0,15,2680,confirm,2.0
rgv_h1,rgv,holdout,nsga2_typed,13511,1024,1024,1024,0.4958414069999435,1007,True,0.1395002220973931,0.0065539707345435,0.0018224794847666,0.8571428571428571,False,8.0,7.0,0.0065539707345435,0.0065539707243994,0.0018224794855008,0,0,0,0,confirm,0.0
rgv_h3,rgv,holdout,guarded_linear,13505,1024,1024,1024,1.7502533909998874,981,True,0.1151733607747541,0.0,0.0,1.0,True,4.0,4.0,0.0,0.0,0.0,0,0,15,5025,confirm,201.0
rgv_h1,rgv,holdout,guarded_linear,13509,1024,1024,1024,1.437783526000203,1014,True,0.0989888416224915,0.0,0.0,1.0,True,7.0,7.0,0.0,0.0,0.0,0,0,15,5673,confirm,248.0
rgv_h4,rgv,holdout,no_uncertainty_linear,13508,1024,1024,1024,1.5054818109999817,1007,True,0.0544302002125715,0.0219611061319696,0.0020678896063413,0.9166666666666666,False,12.0,12.0,0.0219611061319696,0.0219611061356177,0.0020678896063787,0,0,15,5447,confirm,186.0
rgv_h1,rgv,holdout,fast_v10,13501,1024,1024,1024,0.8144270390000656,981,True,0.0535607923229429,0.0025007094745765,0.0005400540142857,0.8571428571428571,False,6.0,7.0,0.0025007094745765,0.0025007094330669,0.0005400540054005,0,0,0,0,confirm,0.0
tour_h2,tour,holdout,fast_v10,13506,1024,1024,1024,0.5992545950000476,1000,True,0.1558861538050656,0.0006406181443964,0.0005638094280477,0.85,False,18.0,20.0,0.0006406181443964,0.0006406181496805,0.0005369613609698,0,0,0,0,confirm,0.0
job_h4,job,holdout,fast_v10,13504,1024,1024,1024,0.6012908740001421,993,True,0.1411241449734961,0.016687444191414,0.0090799390199342,0.7142857142857143,False,26.0,28.0,0.016687444191414,0.016687444178366,0.0090799390102458,0,0,0,0,confirm,0.0
rgv_h4,rgv,holdout,scalar_linear,13511,1024,1024,1024,1.5635134480000945,1010,True,0.0754005049211058,0.0,0.0,1.0,True,12.0,12.0,0.0,0.0,0.0,0,0,15,5515,confirm,577.0
tour_h4,tour,holdout,scalar_linear,13511,1024,1024,1024,1.744596236999996,996,True,0.112961886604881,0.0076543699663595,0.0040783981876636,0.8333333333333334,False,22.0,24.0,0.0076543699663595,0.0076543699660794,0.0039152622602449,0,0,15,5258,confirm,533.0
tour_h1,tour,holdout,scalar_linear,13512,1024,1024,1024,1.8390445120001004,966,True,0.0693308744384961,0.0,0.0,1.0,True,19.0,19.0,0.0,0.0,0.0,0,0,15,4284,confirm,422.0
tour_h4,tour,holdout,raw_linear,13512,1024,1024,1024,1.1632986780000465,1004,True,0.1154121098503522,0.0068418536496536,0.0036548829021458,0.8333333333333334,False,23.0,24.0,0.0068418536496536,0.006841853649845,0.0035086875863505,0,0,15,5669,confirm,27.0
rgv_h1,rgv,holdout,guarded_linear,13505,1024,1024,1024,1.658550102999925,1010,True,0.0821862761262903,0.0019816942477348,0.000540054,0.8571428571428571,False,7.0,7.0,0.0019816942477348,0.0019816942677134,0.0005400540054005,0,0,15,5541,confirm,290.0
tour_h1,tour,holdout,raw_linear,13502,1024,1024,1024,1.4809770660001504,998,True,0.1064653004103765,0.0,0.0,1.0,True,19.0,19.0,0.0,0.0,0.0,0,0,15,5114,confirm,40.0
rgv_h2,rgv,holdout,nsga2_guarded,13504,1024,1024,1024,1.1819078700000318,1021,True,0.151398243653875,0.0035162613478292,0.00111731844,0.8,False,4.0,5.0,0.0035162613478292,0.0035162613351353,0.0011173184357541,0,0,15,6637,confirm,291.0
rgv_h3,rgv,holdout,unguarded_linear,13504,1024,1024,1024,2.143708426999865,981,True,0.1375443414683066,0.0,0.0,1.0,True,4.0,4.0,0.0,0.0,0.0,0,0,15,4615,confirm,164.0
rgv_h1,rgv,holdout,no_uncertainty_linear,13503,1024,1024,1024,1.845386387999952,992,True,0.0864656797445859,0.0025007094745765,0.0005400540142857,0.8571428571428571,False,6.0,7.0,0.0025007094745765,0.0025007094330669,0.0005400540054005,0,0,15,4822,confirm,161.0
tour_h1,tour,holdout,no_uncertainty_linear,13507,1024,1024,1024,1.5041259269999046,999,True,0.1006641606223364,0.0,0.0,1.0,True,19.0,19.0,0.0,0.0,0.0,0,0,15,5125,confirm,35.0
rgv_h3,rgv,holdout,scalar_linear,13510,1024,1024,1024,2.101495196000087,984,True,0.1062859976367825,0.0,0.0,1.0,True,4.0,4.0,0.0,0.0,0.0,0,0,15,4311,confirm,381.0
tour_h4,tour,holdout,guarded_linear,13509,1024,1024,1024,1.6469518009998865,998,True,0.1163817643617199,7.014737750662256e-07,2.6763737499999975e-05,0.9583333333333334,False,23.0,24.0,7.014737750662256e-07,7.014738385998307e-07,2.569318783265162e-05,0,0,15,5645,confirm,51.0
tour_h4,tour,holdout,unguarded_linear,13502,1024,1024,1024,1.359659026999907,1011,True,0.082516822705245,0.0,0.0,1.0,True,24.0,24.0,0.0,0.0,2.220446049250313e-18,0,0,15,6030,confirm,62.0
job_h3,job,holdout,unguarded_linear,13508,1024,1024,1024,1.9577908520000165,981,True,0.0893492650926046,0.0003623646267583,0.000135680847826,0.9565217391304348,False,22.0,23.0,0.0003623646267583,0.0003623646309846,0.0001356808494088,0,0,15,4653,confirm,34.0
tour_h4,tour,holdout,unguarded_linear,13511,1024,1024,1024,1.6784424269999365,996,True,0.1009770369494327,0.0,0.0,1.0,True,24.0,24.0,0.0,0.0,2.220446049250313e-18,0,0,15,5471,confirm,68.0
job_h4,job,holdout,no_uncertainty_linear,13501,1024,1024,1024,1.7298160279999593,1000,True,0.1205286376036114,0.0021936938274613,0.001784893020198,0.8214285714285714,False,24.0,28.0,0.0021936938274613,0.0021936938340563,0.0017848930224921,0,0,15,5300,confirm,43.0
rgv_h1,rgv,holdout,unguarded_linear,13504,1024,1024,1024,1.7408303510001133,1004,True,0.0856524211867248,0.0025007094745765,0.0005400540142857,0.8571428571428571,False,6.0,7.0,0.0025007094745765,0.0025007094330669,0.0005400540054005,0,0,15,5132,confirm,190.0
tour_h1,tour,holdout,no_uncertainty_linear,13501,1024,1024,1024,2.00055651699995,983,True,0.098939250711394,0.0004954870521802,0.0008728172842105,0.8947368421052632,False,17.0,19.0,0.0004954870521802,0.0004954870546022,0.0008728172871358,0,0,15,4457,confirm,25.0
job_h2,job,holdout,scalar_linear,13501,1024,1024,1024,1.7186808069998278,977,True,0.1306080109398758,0.0087327443175404,0.0041097685896551,0.7586206896551724,False,22.0,29.0,0.0087327443175404,0.0087327443145124,0.0041097685870338,0,0,15,5015,confirm,507.0
rgv_h3,rgv,holdout,raw_linear,13506,1024,1024,1024,1.67202144099997,983,True,0.0950337567229152,0.0,0.0,1.0,True,4.0,4.0,0.0,0.0,0.0,0,0,15,4234,confirm,220.0
job_h2,job,holdout,guarded_linear,13510,1024,1024,1024,1.6086201220000476,993,True,0.1237871675927899,0.0040803528443652,0.0020394042689655,0.8620689655172413,False,27.0,29.0,0.0040803528443652,0.0040803528512097,0.0020394042732908,0,0,15,5189,confirm,60.0
tour_h1,tour,holdout,unguarded_linear,13502,1024,1024,1024,1.866654733000132,997,True,0.1000270578557908,0.0,0.0,1.0,True,19.0,19.0,0.0,0.0,0.0,0,0,15,5029,confirm,43.0
job_h4,job,holdout,scalar_linear,13503,1024,1024,1024,1.6522795719999976,1000,True,0.0999590130380207,0.0021646512960516,0.001682904495198,0.8571428571428571,False,27.0,28.0,0.0021646512960516,0.0021646512935651,0.0016829044953713,0,0,15,5450,confirm,553.0
tour_h3,tour,holdout,guarded_linear,13512,1024,1024,1024,2.0985152119999384,955,True,0.0877419417567905,9.35798432435786e-06,6.120582352941341e-05,0.9411764705882352,False,16.0,17.0,9.35798432435786e-06,9.35798359623038e-06,6.120581935836102e-05,0,0,15,4274,confirm,28.0
job_h3,job,holdout,guarded_linear,13502,1024,1024,1024,1.7559918140000264,987,True,0.0751863070258206,0.0003623646267583,0.000135680847826,0.9565217391304348,False,22.0,23.0,0.0003623646267583,0.0003623646309846,0.0001356808494088,0,0,15,5044,confirm,34.0
job_h3,job,holdout,no_uncertainty_linear,13512,1024,1024,1024,1.7793314440000358,975,True,0.1013872440780448,0.0003623646267583,0.000135680847826,0.9565217391304348,False,22.0,23.0,0.0003623646267583,0.0003623646309846,0.0001356808494088,0,0,15,4778,confirm,32.0
rgv_h2,rgv,holdout,unguarded_linear,13508,1024,1024,1024,1.8821335689999612,995,True,0.0863138161224251,0.0050683610835731,0.0016759776599999,0.6,False,4.0,5.0,0.0050683610835731,0.0050683610650977,0.0016759776536312,0,0,15,4695,confirm,182.0
job_h3,job,holdout,scalar_linear,13503,1024,1024,1024,1.808990860999984,987,True,0.0884687112216525,0.0003623646267583,0.000135680847826,0.9565217391304348,False,22.0,23.0,0.0003623646267583,0.0003623646309846,0.0001356808494088,0,0,15,4661,confirm,456.0
rgv_h2,rgv,holdout,random_residual,13511,1024,1024,1024,1.2382025530000649,1003,True,0.1189986425639522,0.0,0.0,1.0,True,5.0,5.0,0.0,0.0,0.0,0,0,0,0,confirm,503.0
job_h1,job,holdout,nsga2_guarded,13505,1024,1024,1024,2.270776653999974,907,True,0.0653419256684484,0.004748272546794,0.0031656740235294,0.8823529411764706,False,15.0,17.0,0.004748272546794,0.0047482725435619,0.003165674023424,0,0,15,3501,confirm,28.0
job_h1,job,holdout,nsga2_guarded,13512,1024,1024,1024,2.1915474720001384,933,True,0.1314346106381118,0.0,0.0,1.0,True,17.0,17.0,0.0,0.0,0.0,0,0,15,3998,confirm,54.0
rgv_h3,rgv,holdout,scalar_linear,13509,1024,1024,1024,1.7091445099999871,994,True,0.146997495233189,0.0,0.0,1.0,True,4.0,4.0,0.0,0.0,0.0,0,0,15,5009,confirm,478.0
rgv_h2,rgv,holdout,guarded_linear,13503,1024,1024,1024,1.863072425999917,987,True,0.0639096195356793,0.0035162613478292,0.00111731844,0.8,False,4.0,5.0,0.0035162613478292,0.0035162613351353,0.0011173184357541,0,0,15,4446,confirm,139.0
job_h3,job,holdout,raw_linear,13510,1024,1024,1024,1.461379106000095,970,True,0.130192950070701,0.0021358086041296,0.0018619892304347,0.8695652173913043,False,20.0,23.0,0.0021358086041296,0.0021358086058156,0.0018619892309755,0,0,15,5106,confirm,27.0
job_h1,job,holdout,nsga2_typed,13509,1024,1024,1024,0.9813649509999324,932,True,0.1517605009409728,0.0,0.0,1.0,True,17.0,17.0,0.0,0.0,0.0,0,0,0,0,confirm,0.0
tour_h1,tour,holdout,no_uncertainty_linear,13502,1024,1024,1024,1.808738397999832,994,True,0.0993099062837553,0.0,0.0,1.0,True,19.0,19.0,0.0,0.0,0.0,0,0,15,5187,confirm,24.0
rgv_h4,rgv,holdout,random_residual,13507,1024,1024,1024,1.228115807000222,1011,True,0.1146197721081645,0.0003784420394762,0.0005351235666666,0.9166666666666666,False,12.0,12.0,0.0003784420394762,0.0003784420378461,0.0005351235648958,0,0,0,0,confirm,597.0
job_h1,job,holdout,fast_v10,13505,1024,1024,1024,1.4379603259999385,873,True,0.0582926986009971,0.004748272546794,0.0031656740235294,0.8823529411764706,False,15.0,17.0,0.004748272546794,0.0047482725435619,0.003165674023424,0,0,0,0,confirm,0.0
tour_h4,tour,holdout,unguarded_linear,13504,1024,1024,1024,1.700879967999981,1014,True,0.1122884864175384,0.0068418536496536,0.0036548829021458,0.8333333333333334,False,23.0,24.0,0.0068418536496536,0.006841853649845,0.0035086875863505,0,0,15,5562,confirm,61.0
rgv_h2,rgv,holdout,guarded_linear,13511,1024,1024,1024,2.017689195999992,975,True,0.1138966886403225,0.0,0.0,1.0,True,5.0,5.0,0.0,0.0,0.0,0,0,15,4953,confirm,223.0
tour_h3,tour,holdout,fast_v10,13503,1024,1024,1024,1.011361524999984,958,True,0.1296946950605212,0.0010439807624482,0.0005611720294117,0.9411764705882352,False,16.0,17.0,0.0010439807624482,0.0010439807659043,0.0005611720312772,0,0,0,0,confirm,0.0
job_h1,job,holdout,nsga2_typed,13510,1024,1024,1024,1.015218533000052,908,True,0.1349279912988728,0.004748272546794,0.0031656740235294,0.8823529411764706,False,15.0,17.0,0.004748272546794,0.0047482725435619,0.003165674023424,0,0,0,0,confirm,0.0
tour_h4,tour,holdout,unguarded_linear,13505,1024,1024,1024,1.3820025649999934,1014,True,0.102138799779109,0.0,0.0,1.0,True,24.0,24.0,0.0,0.0,2.220446049250313e-18,0,0,15,5848,confirm,73.0
rgv_h3,rgv,holdout,nsga2_typed,13507,1024,1024,1024,0.5836714879999363,995,True,0.1711230626524039,0.0,0.0,1.0,True,4.0,4.0,0.0,0.0,0.0,0,0,0,0,confirm,0.0
tour_h2,tour,holdout,scalar_linear,13503,1024,1024,1024,1.474399627999901,1006,True,0.1131954985784317,0.0,0.0,1.0,True,20.0,20.0,0.0,0.0,2.6433881538694198e-18,0,0,15,5552,confirm,541.0
rgv_h3,rgv,holdout,no_uncertainty_linear,13511,1024,1024,1024,1.936766413999976,975,True,0.0674053730840625,0.0,0.0,1.0,True,4.0,4.0,0.0,0.0,0.0,0,0,15,4598,confirm,167.0
job_h2,job,holdout,fast_v10,13511,1024,1024,1024,0.7481772800001636,972,True,0.1259506116780958,0.0086061267109918,0.0032373292172413,0.7931034482758621,False,24.0,29.0,0.0086061267109918,0.0086061267194689,0.0032373292236802,0,0,0,0,confirm,0.0
rgv_h1,rgv,holdout,scalar_linear,13504,1024,1024,1024,1.5776045180000438,1014,True,0.1172098913155213,0.0019816942477348,0.000540054,0.8571428571428571,False,7.0,7.0,0.0019816942477348,0.0019816942677134,0.0005400540054005,0,0,15,5498,confirm,526.0
tour_h3,tour,holdout,scalar_linear,13504,1024,1024,1024,1.8631924639998945,954,True,0.105351483120183,0.0010439807624482,0.0005611720294117,0.9411764705882352,False,16.0,17.0,0.0010439807624482,0.0010439807659043,0.0005611720312772,0,0,15,3995,confirm,362.0
tour_h1,tour,holdout,nsga2_guarded,13505,1024,1024,1024,1.6536643330000516,999,True,0.1407028361461258,0.0,0.0,1.0,True,19.0,19.0,0.0,0.0,0.0,0,0,15,5423,confirm,71.0
rgv_h1,rgv,holdout,unguarded_linear,13512,1024,1024,1024,1.4769036820000565,1018,True,0.0778116747802844,0.0019816942477348,0.000540054,0.8571428571428571,False,7.0,7.0,0.0019816942477348,0.0019816942677134,0.0005400540054005,0,0,15,5861,confirm,270.0
rgv_h2,rgv,holdout,no_uncertainty_linear,13511,1024,1024,1024,2.001715142999956,994,True,0.1072823499138242,0.0,0.0,1.0,True,5.0,5.0,0.0,0.0,0.0,0,0,15,4817,confirm,162.0
rgv_h1,rgv,holdout,nsga2_typed,13507,1024,1024,1024,0.4752118789999713,1018,True,0.1406788359244735,0.0096869350405092,0.0023625334990523,0.7142857142857143,False,6.0,7.0,0.0096869350405092,0.0096869349952604,0.0023625334909014,0,0,0,0,confirm,0.0
job_h4,job,holdout,no_uncertainty_linear,13507,1024,1024,1024,1.6515133890000016,991,True,0.1066735093142664,0.0014631819034467,0.0009381874857142,0.8571428571428571,False,24.0,28.0,0.0014631819034467,0.0014631819102715,0.0009381874880676,0,0,15,5478,confirm,43.0
rgv_h4,rgv,holdout,nsga2_typed,13502,1024,1024,1024,0.5100953749999917,1019,True,0.0889898424364084,0.0001949549903903,0.0002756697166666,0.9166666666666666,False,11.0,12.0,0.0001949549903903,0.0001949549891935,0.0002756697152494,0,0,0,0,confirm,0.0
rgv_h2,rgv,holdout,random_residual,13504,1024,1024,1024,1.432988617999854,991,True,0.127119597223503,0.0035162613478292,0.00111731844,0.8,False,4.0,5.0,0.0035162613478292,0.0035162613351353,0.0011173184357541,0,0,0,0,confirm,476.0
tour_h2,tour,holdout,nsga2_guarded,13503,1024,1024,1024,1.4793647879998844,1005,True,0.1584290600980389,0.0,0.0,1.0,True,20.0,20.0,0.0,0.0,0.0,0,0,15,5670,confirm,71.0
tour_h2,tour,holdout,nsga2_typed,13504,1024,1024,1024,0.6221247440000752,991,True,0.1879371065986783,0.0023115467036553,0.00174381964,0.85,False,17.0,20.0,0.0023115467036553,0.0023115467000599,0.0016607806040342,0,0,0,0,confirm,0.0
rgv_h3,rgv,holdout,unguarded_linear,13508,1024,1024,1024,2.0694982349998554,981,True,0.0838768737920222,0.0,0.0,1.0,True,4.0,4.0,0.0,0.0,0.0,0,0,15,4488,confirm,157.0
job_h3,job,holdout,nsga2_typed,13508,1024,1024,1024,0.5121112780000203,1005,True,0.145994050920205,0.0021439764967443,0.0010945476476515,0.9565217391304348,False,25.0,23.0,0.0021439764967443,0.0021439764941152,0.0010945476448717,0,0,0,0,confirm,0.0
rgv_h1,rgv,holdout,no_uncertainty_linear,13512,1024,1024,1024,1.4081706960000702,1014,True,0.0728938375802889,0.0019816942477348,0.000540054,0.8571428571428571,False,7.0,7.0,0.0019816942477348,0.0019816942677134,0.0005400540054005,0,0,15,5933,confirm,242.0
rgv_h1,rgv,holdout,nsga2_guarded,13502,1024,1024,1024,1.194829337000101,1021,True,0.115800821329424,0.0065539707345435,0.0018224794847666,0.8571428571428571,False,8.0,7.0,0.0065539707345435,0.0065539707243994,0.0018224794855008,0,0,15,6303,confirm,333.0
rgv_h1,rgv,holdout,nsga2_typed,13512,1024,1024,1024,0.454736597999954,1015,True,0.0996476988052471,0.0033028237811717,0.0010801080142857,0.7142857142857143,False,7.0,7.0,0.0033028237811717,0.0033028237795224,0.001080108010801,0,0,0,0,confirm,0.0
tour_h4,tour,holdout,raw_linear,13507,1024,1024,1024,1.2242350689998602,1010,True,0.0864331822935427,0.0076543699663595,0.0040783981876636,0.8333333333333334,False,22.0,24.0,0.0076543699663595,0.0076543699660794,0.0039152622602449,0,0,15,5738,confirm,31.0
rgv_h1,rgv,holdout,nsga2_guarded,13511,1024,1024,1024,1.077422397999953,1023,True,0.1242344807106394,0.0065539707345435,0.0018224794847666,0.8571428571428571,False,8.0,7.0,0.0065539707345435,0.0065539707243994,0.0018224794855008,0,0,15,6673,confirm,353.0
job_h2,job,holdout,fast_v10,13501,1024,1024,1024,0.5270050060000813,999,True,0.1466867559823324,0.004866098205644,0.0027030600828195,0.7586206896551724,False,24.0,29.0,0.004866098205644,0.0048660982031098,0.0027030600828925,0,0,0,0,confirm,0.0
tour_h1,tour,holdout,random_residual,13502,1024,1024,1024,1.114415442000109,988,True,0.1251594923519983,0.0036192887904143,0.0018880276744385,0.8947368421052632,False,18.0,19.0,0.0036192887904143,0.0036192887845532,0.0018880276715523,0,0,0,0,confirm,515.0
rgv_h4,rgv,holdout,guarded_linear,13508,1024,1024,1024,1.859155469999905,977,True,0.0493419323309399,0.0094880006106022,0.0076678051749999,0.5833333333333334,False,7.0,12.0,0.0094880006106022,0.0094880006064248,0.0076678051656486,0,0,15,4337,confirm,173.0
job_h3,job,holdout,no_uncertainty_linear,13509,1024,1024,1024,1.7639065930000015,977,True,0.0776283250603584,5.861053768012878e-05,0.0001518577554343,0.9565217391304348,False,23.0,23.0,5.861053768012878e-05,5.861053681831795e-05,0.0001518577539259,0,0,15,4794,confirm,28.0
rgv_h4,rgv,holdout,guarded_linear,13512,1024,1024,1024,1.5332437689999097,1012,True,0.0406106150819253,0.0,0.0,1.0,True,12.0,12.0,0.0,0.0,0.0,0,0,15,5673,confirm,214.0
rgv_h3,rgv,holdout,random_residual,13503,1024,1024,1024,1.448663396000029,1001,True,0.0778693214049183,0.0,0.0,1.0,True,4.0,4.0,0.0,0.0,0.0,0,0,0,0,confirm,438.0
rgv_h1,rgv,holdout,no_uncertainty_linear,13504,1024,1024,1024,1.7239382369998566,1000,True,0.0839198991356376,0.0025007094745765,0.0005400540142857,0.8571428571428571,False,6.0,7.0,0.0025007094745765,0.0025007094330669,0.0005400540054005,0,0,15,5184,confirm,147.0
job_h4,job,holdout,guarded_linear,13502,1024,1024,1024,1.7036487610000677,1002,True,0.1025493585771166,0.0016663707389573,0.0012744831737694,0.8571428571428571,False,25.0,28.0,0.0016663707389573,0.0016663707445049,0.0012744831753783,0,0,15,5523,confirm,61.0
rgv_h3,rgv,holdout,nsga2_guarded,13509,1024,1024,1024,1.1821091270001034,1018,True,0.1767618974852415,0.0,0.0,1.0,True,4.0,4.0,0.0,0.0,0.0,0,0,15,6348,confirm,295.0
rgv_h4,rgv,holdout,scalar_linear,13506,1024,1024,1024,2.21496054499994,966,True,0.1084435407091223,0.0094880006106022,0.0076678051749999,0.5833333333333334,False,7.0,12.0,0.0094880006106022,0.0094880006064248,0.0076678051656486,0,0,15,3926,confirm,328.0
rgv_h3,rgv,holdout,raw_linear,13510,1024,1024,1024,1.7866488909999134,979,True,0.1002212304996376,0.0,0.0,1.0,True,4.0,4.0,0.0,0.0,0.0,0,0,15,4126,confirm,154.0
tour_h4,tour,holdout,unguarded_linear,13503,1024,1024,1024,1.3069574280000325,1009,True,0.0981074040596818,0.0,0.0,1.0,True,24.0,24.0,0.0,0.0,2.220446049250313e-18,0,0,15,5946,confirm,61.0
rgv_h3,rgv,holdout,scalar_linear,13504,1024,1024,1024,1.925153253999952,965,True,0.1770225426351818,0.0,0.0,1.0,True,4.0,4.0,0.0,0.0,0.0,0,0,15,4460,confirm,395.0
tour_h1,tour,holdout,nsga2_guarded,13512,1024,1024,1024,1.4531388519999382,1001,True,0.0835909987090304,0.0,0.0,1.0,True,19.0,19.0,0.0,0.0,0.0,0,0,15,5381,confirm,56.0
rgv_h2,rgv,holdout,unguarded_linear,13506,1024,1024,1024,1.9179178330000468,972,True,0.1023903120861099,0.0035162613478292,0.00111731844,0.8,False,4.0,5.0,0.0035162613478292,0.0035162613351353,0.0011173184357541,0,0,15,4459,confirm,138.0
job_h4,job,holdout,raw_linear,13502,1024,1024,1024,1.2683021340001233,1000,True,0.1437301764040798,0.0039919274823143,0.0032317926550022,0.7857142857142857,False,24.0,28.0,0.0039919274823143,0.0039919274801803,0.0032317926547878,0,0,15,5470,confirm,41.0
rgv_h1,rgv,holdout,random_residual,13503,1024,1024,1024,1.1571243110001888,1001,True,0.1097609227570408,0.0019816942477348,0.000540054,0.8571428571428571,False,7.0,7.0,0.0019816942477348,0.0019816942677134,0.0005400540054005,0,0,0,0,confirm,527.0
job_h3,job,holdout,nsga2_typed,13502,1024,1024,1024,0.6286487150000539,987,True,0.1344510144736984,0.0012744134486319,0.0013019882565217,0.9130434782608696,False,21.0,23.0,0.0012744134486319,0.0012744134522864,0.0013019882584882,0,0,0,0,confirm,0.0
tour_h2,tour,holdout,nsga2_guarded,13504,1024,1024,1024,1.501990633000105,991,True,0.1357632321760125,0.0,0.0,1.0,True,20.0,20.0,0.0,0.0,0.0,0,0,15,5619,confirm,72.0
rgv_h4,rgv,holdout,fast_v10,13506,1024,1024,1024,0.7756052460001683,1004,True,0.0966528350048968,0.0002838315248701,0.0005351235583333,0.9166666666666666,False,12.0,12.0,0.0002838315248701,0.0002838315283846,0.0005351235648958,0,0,0,0,confirm,0.0
rgv_h4,rgv,holdout,fast_v10,13501,1024,1024,1024,0.7096711529998174,1007,True,0.044212723880887,0.0014982864311507,0.0006324187583333,0.9166666666666666,False,11.0,12.0,0.0014982864311507,0.0014982864316546,0.0006324187585133,0,0,0,0,confirm,0.0
rgv_h4,rgv,holdout,guarded_linear,13505,1024,1024,1024,1.4537140420000014,1010,True,0.0926615329495841,0.0019512700865381,0.0020813184583333,0.6666666666666666,False,8.0,12.0,0.0019512700865381,0.001951270083016,0.0020813184515252,0,0,15,5636,confirm,228.0
rgv_h3,rgv,holdout,fast_v10,13509,1024,1024,1024,0.9294582179998088,982,True,0.1671370993294038,0.0,0.0,1.0,True,4.0,4.0,0.0,0.0,0.0,0,0,0,0,confirm,0.0
job_h3,job,holdout,scalar_linear,13504,1024,1024,1024,1.7565656970000418,975,True,0.0920577812726345,0.0012237597822561,0.0006956818217391,0.9130434782608696,False,21.0,23.0,0.0012237597822561,0.0012237597845138,0.0006956818218961,0,0,15,4571,confirm,440.0
tour_h1,tour,holdout,fast_v10,13501,1024,1024,1024,0.8029901140000675,987,True,0.1409071414408499,0.0,0.0,1.0,True,19.0,19.0,0.0,0.0,0.0,0,0,0,0,confirm,0.0
job_h3,job,holdout,fast_v10,13501,1024,1024,1024,0.6293089939999845,993,True,0.1066437863202858,0.0003623646267583,0.000135680847826,0.9565217391304348,False,22.0,23.0,0.0003623646267583,0.0003623646309846,0.0001356808494088,0,0,0,0,confirm,0.0
job_h2,job,holdout,random_residual,13511,1024,1024,1024,1.0087904460001482,1000,True,0.1257502934027219,0.0217587266861235,0.0104353113013851,0.6551724137931034,False,26.0,29.0,0.0217587266861235,0.0217587266791315,0.0104353112970507,0,0,0,0,confirm,528.0
rgv_h3,rgv,holdout,raw_linear,13503,1024,1024,1024,1.2382554630000868,1006,True,0.0801579127746796,0.0,0.0,1.0,True,4.0,4.0,0.0,0.0,0.0,0,0,15,5743,confirm,225.0
tour_h2,tour,holdout,random_residual,13506,1024,1024,1024,1.1363675620000322,1006,True,0.1402140887444736,0.0,0.0,1.0,True,20.0,20.0,0.0,0.0,2.6433881538694198e-18,0,0,0,0,confirm,533.0
tour_h1,tour,holdout,nsga2_typed,13508,1024,1024,1024,0.6478822199999286,988,True,0.1831846156369548,0.000516779638529,0.0009265511473684,0.8421052631578947,False,16.0,19.0,0.000516779638529,0.0005167796401188,0.0009265511480223,0,0,0,0,confirm,0.0
rgv_h1,rgv,holdout,scalar_linear,13508,1024,1024,1024,1.8254822419999075,996,True,0.0637786506199999,0.0025007094745765,0.0005400540142857,0.8571428571428571,False,6.0,7.0,0.0025007094745765,0.0025007094330669,0.0005400540054005,0,0,15,5088,confirm,473.0
job_h3,job,holdout,scalar_linear,13510,1024,1024,1024,1.759387980999918,987,True,0.1068991629618897,0.0003623646267583,0.000135680847826,0.9565217391304348,False,22.0,23.0,0.0003623646267583,0.0003623646309846,0.0001356808494088,0,0,15,4959,confirm,490.0
job_h2,job,holdout,nsga2_typed,13501,1024,1024,1024,0.5156890900000235,1008,True,0.1553251025306656,0.0142860953767997,0.0060817222108002,0.7241379310344828,False,23.0,29.0,0.0142860953767997,0.014286095385301,0.006081722214875,0,0,0,0,confirm,0.0
rgv_h4,rgv,holdout,scalar_linear,13504,1024,1024,1024,1.5093190889999732,1012,True,0.1099670852688927,0.0,0.0,1.0,True,12.0,12.0,0.0,0.0,0.0,0,0,15,5491,confirm,566.0
job_h3,job,holdout,no_uncertainty_linear,13501,1024,1024,1024,1.637744117000011,982,True,0.0938757869505714,0.0,0.0,1.0,True,23.0,23.0,0.0,0.0,0.0,0,0,15,5050,confirm,30.0
job_h1,job,holdout,nsga2_typed,13506,1024,1024,1024,1.0098960579998677,917,True,0.1423315833108101,0.004748272546794,0.0031656740235294,0.8823529411764706,False,15.0,17.0,0.004748272546794,0.0047482725435619,0.003165674023424,0,0,0,0,confirm,0.0
tour_h1,tour,holdout,nsga2_typed,13507,1024,1024,1024,0.6331892309999603,1005,True,0.1544302753389733,0.00020617925274,0.0001968325210526,0.9473684210526316,False,18.0,19.0,0.00020617925274,0.0002061792546505,0.0001968325225927,0,0,0,0,confirm,0.0
job_h3,job,holdout,unguarded_linear,13501,1024,1024,1024,1.8152325190001195,972,True,0.0893220697474707,0.0003623646267583,0.000135680847826,0.9565217391304348,False,22.0,23.0,0.0003623646267583,0.0003623646309846,0.0001356808494088,0,0,15,4869,confirm,35.0
rgv_h1,rgv,holdout,random_residual,13511,1024,1024,1024,1.038281909000034,1013,True,0.0895075130208936,0.0,0.0,1.0,True,7.0,7.0,0.0,0.0,0.0,0,0,0,0,confirm,594.0
job_h4,job,holdout,no_uncertainty_linear,13512,1024,1024,1024,1.5435917259999314,995,True,0.135582687997467,0.0008187117803647,0.0010858571535714,0.8928571428571429,False,25.0,28.0,0.0008187117803647,0.0008187117791396,0.0010858571500958,0,0,15,5551,confirm,54.0
tour_h1,tour,holdout,unguarded_linear,13510,1024,1024,1024,1.9939587280000524,961,True,0.1008301188202525,0.0,0.0,1.0,True,19.0,19.0,0.0,0.0,0.0,0,0,15,4131,confirm,39.0
rgv_h2,rgv,holdout,nsga2_typed,13502,1024,1024,1024,0.4151397890000226,1020,True,0.1491060023211487,0.0,0.0,1.0,True,5.0,5.0,0.0,0.0,0.0,0,0,0,0,confirm,0.0
job_h2,job,holdout,random_residual,13505,1024,1024,1024,1.1585386199999448,1004,True,0.136343865686698,0.0153552549547604,0.0053593638045808,0.7241379310344828,False,24.0,29.0,0.0153552549547604,0.0153552549704665,0.0053593638094304,0,0,0,0,confirm,507.0
rgv_h1,rgv,holdout,guarded_linear,13503,1024,1024,1024,1.9475745140000529,997,True,0.0862383016761211,0.0025007094745765,0.0005400540142857,0.8571428571428571,False,6.0,7.0,0.0025007094745765,0.0025007094330669,0.0005400540054005,0,0,15,4909,confirm,190.0
rgv_h1,rgv,holdout,random_residual,13512,1024,1024,1024,1.1426892869999392,1009,True,0.1061896265791605,0.0,0.0,1.0,True,7.0,7.0,0.0,0.0,0.0,0,0,0,0,confirm,534.0
rgv_h3,rgv,holdout,unguarded_linear,13506,1024,1024,1024,2.020151018999968,982,True,0.076839455318758,0.0,0.0,1.0,True,4.0,4.0,0.0,0.0,0.0,0,0,15,4582,confirm,160.0
rgv_h1,rgv,holdout,fast_v10,13502,1024,1024,1024,0.5352940660000058,1010,True,0.0752650628553108,0.0,0.0,1.0,True,7.0,7.0,0.0,0.0,0.0,0,0,0,0,confirm,0.0
job_h1,job,holdout,nsga2_guarded,13511,1024,1024,1024,2.2041182709999703,910,True,0.1196713560257134,0.004748272546794,0.0031656740235294,0.8823529411764706,False,15.0,17.0,0.004748272546794,0.0047482725435619,0.003165674023424,0,0,15,3662,confirm,50.0
job_h1,job,holdout,scalar_linear,13506,1024,1024,1024,2.3632325150001634,880,True,0.1134413662026093,0.004748272546794,0.0031656740235294,0.8823529411764706,False,15.0,17.0,0.004748272546794,0.0047482725435619,0.003165674023424,0,0,15,2848,confirm,209.0
job_h2,job,holdout,unguarded_linear,13504,1024,1024,1024,1.4880302399999437,1000,True,0.1117423391564547,0.0042731323451114,0.0021935263206896,0.8620689655172413,False,29.0,29.0,0.0042731323451114,0.0042731323464856,0.0021935263208022,0,0,15,5366,confirm,62.0
rgv_h1,rgv,holdout,unguarded_linear,13509,1024,1024,1024,1.5539087330000712,1014,True,0.0989888416224915,0.0,0.0,1.0,True,7.0,7.0,0.0,0.0,0.0,0,0,15,5673,confirm,248.0
tour_h4,tour,holdout,raw_linear,13508,1024,1024,1024,1.2060425760000726,1001,True,0.1655775852670592,0.0076543699663595,0.0040783981876636,0.8333333333333334,False,22.0,24.0,0.0076543699663595,0.0076543699660794,0.0039152622602449,0,0,15,5640,confirm,33.0
job_h3,job,holdout,guarded_linear,13509,1024,1024,1024,1.93613599299988,959,True,0.0643089712839533,0.0012237597822561,0.0006956818217391,0.9130434782608696,False,21.0,23.0,0.0012237597822561,0.0012237597845138,0.0006956818218961,0,0,15,4572,confirm,23.0
rgv_h3,rgv,holdout,guarded_linear,13508,1024,1024,1024,1.895127106000018,981,True,0.0838768737920222,0.0,0.0,1.0,True,4.0,4.0,0.0,0.0,0.0,0,0,15,4488,confirm,157.0
tour_h1,tour,holdout,guarded_linear,13511,1024,1024,1024,1.7004454820000774,991,True,0.1072250571501746,0.0,0.0,1.0,True,19.0,19.0,0.0,0.0,0.0,0,0,15,4850,confirm,34.0
tour_h4,tour,holdout,unguarded_linear,13508,1024,1024,1024,1.471902196999963,1005,True,0.120005726392822,0.0068418536496536,0.0036548829021458,0.8333333333333334,False,23.0,24.0,0.0068418536496536,0.006841853649845,0.0035086875863505,0,0,15,5735,confirm,59.0
job_h3,job,holdout,scalar_linear,13505,1024,1024,1024,1.775411975999987,962,True,0.0919612847036789,0.0003623646267583,0.000135680847826,0.9565217391304348,False,22.0,23.0,0.0003623646267583,0.0003623646309846,0.0001356808494088,0,0,15,4624,confirm,453.0
rgv_h1,rgv,holdout,fast_v10,13510,1024,1024,1024,0.7394307120000576,999,True,0.1166022391607077,0.0025007094745765,0.0005400540142857,0.8571428571428571,False,6.0,7.0,0.0025007094745765,0.0025007094330669,0.0005400540054005,0,0,0,0,confirm,0.0
rgv_h4,rgv,holdout,scalar_linear,13509,1024,1024,1024,1.3722936350000057,1017,True,0.2065477295617143,0.0004529836553873,0.0014488996999999,0.75,False,9.0,12.0,0.0004529836553873,0.0004529836513614,0.0014488996930118,0,0,15,5982,confirm,602.0
tour_h4,tour,holdout,raw_linear,13505,1024,1024,1024,1.5066791289998491,1007,True,0.1141511700537255,0.0082154745992106,0.0049016985444183,0.75,False,22.0,24.0,0.0082154745992106,0.0082154745904469,0.0047056306002662,0,0,15,5579,confirm,21.0
rgv_h3,rgv,holdout,nsga2_guarded,13501,1024,1024,1024,1.4385058570001092,1019,True,0.1237873644442221,0.0,0.0,1.0,True,4.0,4.0,0.0,0.0,0.0,0,0,15,6405,confirm,293.0
tour_h4,tour,holdout,no_uncertainty_linear,13508,1024,1024,1024,1.6178538829999525,1005,True,0.1228581176321836,0.0,0.0,1.0,True,24.0,24.0,0.0,0.0,2.220446049250313e-18,0,0,15,5712,confirm,48.0
job_h3,job,holdout,no_uncertainty_linear,13504,1024,1024,1024,2.141171772000007,968,True,0.0884658333860665,0.0012237597822561,0.0006956818217391,0.9130434782608696,False,21.0,23.0,0.0012237597822561,0.0012237597845138,0.0006956818218961,0,0,15,4713,confirm,29.0
rgv_h2,rgv,holdout,raw_linear,13509,1024,1024,1024,1.93362454399994,982,True,0.1296371383153698,0.0,0.0,1.0,True,5.0,5.0,0.0,0.0,0.0,0,0,15,4583,confirm,101.0
tour_h1,tour,holdout,guarded_linear,13510,1024,1024,1024,2.485684101999823,961,True,0.1008301188202525,0.0,0.0,1.0,True,19.0,19.0,0.0,0.0,0.0,0,0,15,4131,confirm,39.0
tour_h1,tour,holdout,no_uncertainty_linear,13512,1024,1024,1024,2.269936745999985,986,True,0.0657331683199645,0.00020617925274,0.0001968325210526,0.9473684210526316,False,18.0,19.0,0.00020617925274,0.0002061792546505,0.0001968325225927,0,0,15,4400,confirm,24.0
rgv_h4,rgv,holdout,no_uncertainty_linear,13504,1024,1024,1024,1.941382423999812,968,True,0.1171545596625136,0.0,0.0,1.0,True,12.0,12.0,0.0,0.0,0.0,0,0,15,4645,confirm,173.0
rgv_h3,rgv,holdout,random_residual,13512,1024,1024,1024,1.4284951009999531,1009,True,0.1321089369505341,0.0,0.0,1.0,True,4.0,4.0,0.0,0.0,0.0,0,0,0,0,confirm,532.0
job_h3,job,holdout,nsga2_typed,13506,1024,1024,1024,0.5676568540000062,978,True,0.1158537296596617,0.0019292177032654,0.0023396014391304,0.9130434782608696,False,21.0,23.0,0.0019292177032654,0.001929217703436,0.0023396014408565,0,0,0,0,confirm,0.0
rgv_h4,rgv,holdout,raw_linear,13505,1024,1024,1024,1.245469214999957,1010,True,0.0963714690624426,0.0004529836553873,0.0014488996999999,0.75,False,9.0,12.0,0.0004529836553873,0.0004529836513614,0.0014488996930118,0,0,15,4338,confirm,132.0
tour_h2,tour,holdout,nsga2_typed,13506,1024,1024,1024,0.5294674209999357,999,True,0.1590955840520979,0.0006350504678505,0.0005279400180477,0.9,False,19.0,20.0,0.0006350504678505,0.0006350504736158,0.0005028000209627,0,0,0,0,confirm,0.0
rgv_h4,rgv,holdout,fast_v10,13509,1024,1024,1024,0.5429425209999863,1019,True,0.2131327930419963,0.0031445093015413,0.0017026658916666,0.8333333333333334,False,11.0,12.0,0.0031445093015413,0.0031445092962853,0.0017026658883051,0,0,0,0,confirm,0.0
job_h3,job,holdout,nsga2_guarded,13507,1024,1024,1024,1.5975898819999657,980,True,0.0895334080411528,0.0012237597822561,0.0006956818217391,0.9130434782608696,False,21.0,23.0,0.0012237597822561,0.0012237597845138,0.0006956818218961,0,0,15,5075,confirm,48.0
tour_h3,tour,holdout,guarded_linear,13504,1024,1024,1024,1.886980309000137,978,True,0.1009308994383581,0.0,0.0,1.0,True,17.0,17.0,0.0,0.0,0.0,0,0,15,4679,confirm,47.0
job_h2,job,holdout,guarded_linear,13506,1024,1024,1024,1.7047646539999732,996,True,0.1152855708836536,0.0002756471706314,0.0005235089827586,0.896551724137931,False,27.0,29.0,0.0002756471706314,0.0002756471703946,0.0005235089855063,0,0,15,5495,confirm,75.0
job_h4,job,holdout,random_residual,13502,1024,1024,1024,0.9617227639998872,1007,True,0.1436663078531891,0.0029669812427374,0.0030779693559123,0.7142857142857143,False,22.0,28.0,0.0029669812427374,0.0029669812472169,0.0030779693550081,0,0,0,0,confirm,587.0
tour_h1,tour,holdout,raw_linear,13508,1024,1024,1024,1.7371283969998783,976,True,0.096606346290915,0.0004954870521802,0.0008728172842105,0.8947368421052632,False,17.0,19.0,0.0004954870521802,0.0004954870546022,0.0008728172871358,0,0,15,4274,confirm,20.0
job_h1,job,holdout,fast_v10,13506,1024,1024,1024,1.1896859089999907,881,True,0.1144344903077209,0.004748272546794,0.0031656740235294,0.8823529411764706,False,15.0,17.0,0.004748272546794,0.0047482725435619,0.003165674023424,0,0,0,0,confirm,0.0
tour_h3,tour,holdout,unguarded_linear,13501,1024,1024,1024,1.9329841700000543,960,True,0.105673503761681,0.0,0.0,1.0,True,17.0,17.0,0.0,0.0,0.0,0,0,15,4217,confirm,35.0
rgv_h2,rgv,holdout,scalar_linear,13505,1024,1024,1024,2.0505279679998694,993,True,0.0933073302705383,0.0015520997357438,0.0005586592199999,0.8,False,5.0,5.0,0.0015520997357438,0.0015520997299621,0.000558659217877,0,0,15,4663,confirm,437.0
job_h3,job,holdout,fast_v10,13512,1024,1024,1024,0.8089193419998537,968,True,0.1202220365542851,0.0012237597822561,0.0006956818217391,0.9130434782608696,False,21.0,23.0,0.0012237597822561,0.0012237597845138,0.0006956818218961,0,0,0,0,confirm,0.0
tour_h1,tour,holdout,nsga2_guarded,13510,1024,1024,1024,1.8979020300000684,992,True,0.103370374556334,0.00020617925274,0.0001968325210526,0.9473684210526316,False,18.0,19.0,0.00020617925274,0.0002061792546505,0.0001968325225927,0,0,15,5236,confirm,67.0
job_h4,job,holdout,unguarded_linear,13508,1024,1024,1024,1.4850238029998764,1005,True,0.1084208701313426,0.0028635940822361,0.0019032360642857,0.8214285714285714,False,26.0,28.0,0.0028635940822361,0.0028635940863146,0.0019032360667693,0,0,15,5629,confirm,69.0
job_h2,job,holdout,nsga2_typed,13510,1024,1024,1024,0.6007101929999408,997,True,0.1458308137454011,0.0165688054802939,0.0072990557039645,0.6896551724137931,False,24.0,29.0,0.0165688054802939,0.0165688054783809,0.0072990557014079,0,0,0,0,confirm,0.0
job_h4,job,holdout,no_uncertainty_linear,13506,1024,1024,1024,1.7847638519999691,988,True,0.08760418371533,0.0017422123355727,0.0014435336214285,0.8214285714285714,False,23.0,28.0,0.0017422123355727,0.0017422123401855,0.0014435336194521,0,0,15,5274,confirm,38.0
tour_h2,tour,holdout,random_residual,13504,1024,1024,1024,1.217485606000082,993,True,0.1544658088688979,0.0,0.0,1.0,True,20.0,20.0,0.0,0.0,2.6433881538694198e-18,0,0,0,0,confirm,501.0
job_h2,job,holdout,scalar_linear,13511,1024,1024,1024,1.4385589470000468,999,True,0.1042377452488686,0.0,0.0,1.0,True,29.0,29.0,0.0,0.0,0.0,0,0,15,5611,confirm,568.0
rgv_h1,rgv,holdout,guarded_linear,13507,1024,1024,1024,1.7740445250001358,991,True,0.1033752163143971,0.0025007094745765,0.0005400540142857,0.8571428571428571,False,6.0,7.0,0.0025007094745765,0.0025007094330669,0.0005400540054005,0,0,15,5041,confirm,198.0
rgv_h2,rgv,holdout,scalar_linear,13501,1024,1024,1024,1.813561731999925,992,True,0.0336367874870804,0.0,0.0,1.0,True,5.0,5.0,0.0,0.0,0.0,0,0,15,4924,confirm,449.0
rgv_h3,rgv,holdout,nsga2_guarded,13505,1024,1024,1024,1.160310238999955,1019,True,0.1052179883088091,0.0,0.0,1.0,True,4.0,4.0,0.0,0.0,0.0,0,0,15,6340,confirm,251.0
rgv_h3,rgv,holdout,scalar_linear,13507,1024,1024,1024,1.9600439990001632,971,True,0.1012701682130439,0.0,0.0,1.0,True,4.0,4.0,0.0,0.0,0.0,0,0,15,4221,confirm,375.0
rgv_h1,rgv,holdout,scalar_linear,13511,1024,1024,1024,1.4534991479999917,1021,True,0.0915540954153249,0.0019816942477348,0.000540054,0.8571428571428571,False,7.0,7.0,0.0019816942477348,0.0019816942677134,0.0005400540054005,0,0,15,5740,confirm,589.0
rgv_h2,rgv,holdout,guarded_linear,13509,1024,1024,1024,1.993397511000012,983,True,0.1229272404802911,0.0015520997357438,0.0005586592199999,0.8,False,5.0,5.0,0.0015520997357438,0.0015520997299621,0.000558659217877,0,0,15,4929,confirm,164.0
job_h3,job,holdout,scalar_linear,13506,1024,1024,1024,1.646553190000077,987,True,0.0728941944892752,0.0012237597822561,0.0006956818217391,0.9130434782608696,False,21.0,23.0,0.0012237597822561,0.0012237597845138,0.0006956818218961,0,0,15,4802,confirm,471.0
rgv_h3,rgv,holdout,nsga2_typed,13509,1024,1024,1024,0.5056670669998766,1009,True,0.2031951278274505,0.0,0.0,1.0,True,4.0,4.0,0.0,0.0,0.0,0,0,0,0,confirm,0.0
tour_h3,tour,holdout,no_uncertainty_linear,13506,1024,1024,1024,2.140114750000066,963,True,0.0555280692972918,9.35798432435786e-06,6.120582352941341e-05,0.9411764705882352,False,16.0,17.0,9.35798432435786e-06,9.35798359623038e-06,6.120581935836102e-05,0,0,15,4312,confirm,21.0
job_h1,job,holdout,nsga2_typed,13512,1024,1024,1024,0.9177698779999446,914,True,0.1652582190185342,0.004748272546794,0.0031656740235294,0.8823529411764706,False,15.0,17.0,0.004748272546794,0.0047482725435619,0.003165674023424,0,0,0,0,confirm,0.0
tour_h3,tour,holdout,scalar_linear,13509,1024,1024,1024,2.3686302440000877,936,True,0.104692873017046,0.0010533387467726,0.0006223778529411,0.8823529411764706,False,15.0,17.0,0.0010533387467726,0.0010533387495005,0.0006223778506356,0,0,15,3437,confirm,289.0
job_h4,job,holdout,scalar_linear,13502,1024,1024,1024,1.5635125339999831,999,True,0.1300766877773023,0.0016663707389573,0.0012744831737694,0.8571428571428571,False,25.0,28.0,0.0016663707389573,0.0016663707445049,0.0012744831753783,0,0,15,5191,confirm,515.0
job_h4,job,holdout,nsga2_typed,13505,1024,1024,1024,0.5671477979999509,991,True,0.1494767037294593,0.0217553094967604,0.012998842113721,0.5714285714285714,False,25.0,28.0,0.0217553094967604,0.021755309491685,0.0129988421105393,0,0,0,0,confirm,0.0
job_h1,job,holdout,nsga2_guarded,13502,1024,1024,1024,2.312113950999901,895,True,0.1137229013000623,0.004748272546794,0.0031656740235294,0.8823529411764706,False,15.0,17.0,0.004748272546794,0.0047482725435619,0.003165674023424,0,0,15,3585,confirm,42.0
rgv_h1,rgv,holdout,fast_v10,13503,1024,1024,1024,1.0530334379998294,980,True,0.0880132885961582,0.0025007094745765,0.0005400540142857,0.8571428571428571,False,6.0,7.0,0.0025007094745765,0.0025007094330669,0.0005400540054005,0,0,0,0,confirm,0.0
tour_h2,tour,holdout,scalar_linear,13510,1024,1024,1024,1.569776592999915,995,True,0.1142778039502393,0.0,0.0,1.0,True,20.0,20.0,0.0,0.0,2.6433881538694198e-18,0,0,15,5129,confirm,507.0
job_h2,job,holdout,nsga2_guarded,13502,1024,1024,1024,1.3427882940000018,1000,True,0.0869478823000098,3.092182119770471e-05,0.0001545926793103,0.9310344827586208,False,27.0,29.0,3.092182119770471e-05,3.092182194686694e-05,0.0001545926829888,0,0,15,5885,confirm,78.0
job_h4,job,holdout,random_residual,13507,1024,1024,1024,1.0839741380000305,987,True,0.1354220392927538,0.0137841600739305,0.0084709414758833,0.6785714285714286,False,21.0,28.0,0.0137841600739305,0.0137841600662294,0.008470941466508,0,0,0,0,confirm,542.0
tour_h1,tour,holdout,random_residual,13511,1024,1024,1024,1.4519504700001562,983,True,0.1031078190466945,0.0018799805830631,0.0009361008263157,0.8947368421052632,False,18.0,19.0,0.0018799805830631,0.001879980579853,0.0009361008255999,0,0,0,0,confirm,435.0
job_h4,job,holdout,nsga2_typed,13508,1024,1024,1024,0.5508463609999126,999,True,0.1492717269746409,0.0040774870728303,0.0033012097059123,0.6785714285714286,False,22.0,28.0,0.0040774870728303,0.004077487074127,0.0033012097031888,0,0,0,0,confirm,0.0
rgv_h2,rgv,holdout,unguarded_linear,13507,1024,1024,1024,1.8291988470000435,982,True,0.1085560527894605,0.0,0.0,1.0,True,5.0,5.0,0.0,0.0,0.0,0,0,15,4789,confirm,186.0
job_h3,job,holdout,fast_v10,13510,1024,1024,1024,0.642073210000035,992,True,0.1223511237562044,0.0001765967658787,0.0002450308695652,0.9565217391304348,False,22.0,23.0,0.0001765967658787,0.000176596765385,0.0002450308686,0,0,0,0,confirm,0.0
rgv_h4,rgv,holdout,fast_v10,13508,1024,1024,1024,0.8425093149999157,967,True,0.0490507039798658,0.0094880006106022,0.0076678051749999,0.5833333333333334,False,7.0,12.0,0.0094880006106022,0.0094880006064248,0.0076678051656486,0,0,0,0,confirm,0.0
job_h3,job,holdout,guarded_linear,13503,1024,1024,1024,1.6242458320000424,989,True,0.0831488744429528,0.0,0.0,1.0,True,23.0,23.0,0.0,0.0,0.0,0,0,15,4891,confirm,32.0
rgv_h1,rgv,holdout,nsga2_guarded,13504,1024,1024,1024,1.0340581900002237,1022,True,0.111797259688394,0.0044824037223114,0.0010801080142857,0.7142857142857143,False,6.0,7.0,0.0044824037223114,0.0044824037007804,0.001080108010801,0,0,15,6632,confirm,291.0
job_h3,job,holdout,random_residual,13501,1024,1024,1024,1.1908295779999207,995,True,0.105367858344417,0.0003623646267583,0.000135680847826,0.9565217391304348,False,22.0,23.0,0.0003623646267583,0.0003623646309846,0.0001356808494088,0,0,0,0,confirm,520.0
job_h1,job,holdout,fast_v10,13503,1024,1024,1024,1.4109583450001535,889,True,0.0639076762492126,0.004748272546794,0.0031656740235294,0.8823529411764706,False,15.0,17.0,0.004748272546794,0.0047482725435619,0.003165674023424,0,0,0,0,confirm,0.0
job_h4,job,holdout,scalar_linear,13510,1024,1024,1024,1.573666734999961,992,True,0.0958534005100821,0.0021646512960516,0.001682904495198,0.8571428571428571,False,27.0,28.0,0.0021646512960516,0.0021646512935651,0.0016829044953713,0,0,15,5165,confirm,513.0
rgv_h3,rgv,holdout,raw_linear,13509,1024,1024,1024,1.5927310100000796,1001,True,0.1457387699851985,0.0,0.0,1.0,True,4.0,4.0,0.0,0.0,0.0,0,0,15,5366,confirm,220.0
tour_h2,tour,holdout,scalar_linear,13506,1024,1024,1024,1.4986169219998828,1010,True,0.1178009994747012,0.0,0.0,1.0,True,20.0,20.0,0.0,0.0,2.6433881538694198e-18,0,0,15,5539,confirm,559.0
tour_h2,tour,holdout,random_residual,13509,1024,1024,1024,1.1035959199998615,999,True,0.1481405521136121,0.0001031751284101,4.3553725e-05,0.95,False,19.0,20.0,0.0001031751284101,0.0001031751313887,4.1479739292835765e-05,0,0,0,0,confirm,552.0
job_h4,job,holdout,guarded_linear,13509,1024,1024,1024,1.5154649629998858,998,True,0.11348197483115,0.0017299164243192,0.0014201880464285,0.8214285714285714,False,23.0,28.0,0.0017299164243192,0.0017299164286755,0.0014201880444318,0,0,15,5434,confirm,53.0
rgv_h2,rgv,holdout,guarded_linear,13507,1024,1024,1024,1.9063911249998,982,True,0.1085560527894605,0.0,0.0,1.0,True,5.0,5.0,0.0,0.0,0.0,0,0,15,4789,confirm,186.0
job_h2,job,holdout,guarded_linear,13512,1024,1024,1024,1.4452155629999195,1004,True,0.098837391625863,0.0002002088590846,0.0003640501,0.9310344827586208,False,28.0,29.0,0.0002002088590846,0.0002002088577441,0.0003640501002285,0,0,15,5496,confirm,59.0
tour_h3,tour,holdout,random_residual,13501,1024,1024,1024,1.4503744290000211,964,True,0.1254699126416922,0.0,0.0,1.0,True,17.0,17.0,0.0,0.0,0.0,0,0,0,0,confirm,430.0
tour_h2,tour,holdout,no_uncertainty_linear,13508,1024,1024,1024,1.4927420040000925,998,True,0.1101091585882092,0.0,0.0,1.0,True,20.0,20.0,0.0,0.0,2.6433881538694198e-18,0,0,15,5469,confirm,37.0
tour_h1,tour,holdout,nsga2_typed,13511,1024,1024,1024,0.6606673129999763,997,True,0.154167615016989,0.000205067463522,0.0004791522421052,0.9473684210526316,False,18.0,19.0,0.000205067463522,0.000205067463398,0.0004791522419502,0,0,0,0,confirm,0.0
tour_h1,tour,holdout,raw_linear,13511,1024,1024,1024,1.4295864690000144,997,True,0.1224400184888306,0.00020617925274,0.0001968325210526,0.9473684210526316,False,18.0,19.0,0.00020617925274,0.0002061792546505,0.0001968325225927,0,0,15,5125,confirm,25.0
tour_h2,tour,holdout,guarded_linear,13505,1024,1024,1024,1.5593149129999802,1001,True,0.0926688310737696,0.0,0.0,1.0,True,20.0,20.0,0.0,0.0,2.6433881538694198e-18,0,0,15,5640,confirm,30.0
rgv_h2,rgv,holdout,nsga2_typed,13506,1024,1024,1024,0.679861351999989,1007,True,0.0777358652013212,0.0,0.0,1.0,True,5.0,5.0,0.0,0.0,0.0,0,0,0,0,confirm,0.0
job_h2,job,holdout,nsga2_typed,13509,1024,1024,1024,0.5469058310000037,1005,True,0.1602885288008694,0.0236905534005418,0.0079567794794896,0.7241379310344828,False,25.0,29.0,0.0236905534005418,0.0236905534134755,0.0079567794846608,0,0,0,0,confirm,0.0
job_h3,job,holdout,nsga2_guarded,13501,1024,1024,1024,1.7151927669999625,988,True,0.1053956424871298,0.0003623646267583,0.000135680847826,0.9565217391304348,False,22.0,23.0,0.0003623646267583,0.0003623646309846,0.0001356808494088,0,0,15,5211,confirm,59.0
job_h3,job,holdout,guarded_linear,13512,1024,1024,1024,2.0944693720000487,978,True,0.1010444340231231,0.0,0.0,1.0,True,23.0,23.0,0.0,0.0,0.0,0,0,15,4736,confirm,38.0
rgv_h3,rgv,holdout,nsga2_guarded,13503,1024,1024,1024,1.476717102000066,1018,True,0.1321343657333751,0.0,0.0,1.0,True,4.0,4.0,0.0,0.0,0.0,0,0,15,6157,confirm,265.0
job_h3,job,holdout,no_uncertainty_linear,13506,1024,1024,1024,1.8073838980001256,972,True,0.0740543514509697,0.0012237597822561,0.0006956818217391,0.9130434782608696,False,21.0,23.0,0.0012237597822561,0.0012237597845138,0.0006956818218961,0,0,15,4447,confirm,28.0
tour_h3,tour,holdout,nsga2_typed,13510,1024,1024,1024,0.7018965160000334,975,True,0.1314567985332081,0.0,0.0,1.0,True,17.0,17.0,0.0,0.0,0.0,0,0,0,0,confirm,0.0
tour_h4,tour,holdout,raw_linear,13509,1024,1024,1024,1.2590725820000443,992,True,0.1447801512831658,0.0076543699663595,0.0040783981876636,0.8333333333333334,False,22.0,24.0,0.0076543699663595,0.0076543699660794,0.0039152622602449,0,0,15,5305,confirm,25.0
job_h3,job,holdout,fast_v10,13504,1024,1024,1024,0.6302559460000339,985,True,0.1080766088490858,0.0001135941682999,0.0002800004869565,0.9565217391304348,False,22.0,23.0,0.0001135941682999,0.0001135941682371,0.0002800004862436,0,0,0,0,confirm,0.0
rgv_h4,rgv,holdout,guarded_linear,13504,1024,1024,1024,1.5483721070002048,1005,True,0.1161328235132043,0.0003784420394762,0.0005351235666666,0.9166666666666666,False,12.0,12.0,0.0003784420394762,0.0003784420378461,0.0005351235648958,0,0,15,5302,confirm,237.0
job_h3,job,holdout,unguarded_linear,13510,1024,1024,1024,1.6522983919999206,983,True,0.1065912203145603,0.0012237597822561,0.0006956818217391,0.9130434782608696,False,21.0,23.0,0.0012237597822561,0.0012237597845138,0.0006956818218961,0,0,15,4825,confirm,58.0
tour_h2,tour,holdout,unguarded_linear,13506,1024,1024,1024,1.4662793619997956,1003,True,0.10152107854062,0.0,0.0,1.0,True,20.0,20.0,0.0,0.0,2.6433881538694198e-18,0,0,15,5040,confirm,31.0
job_h1,job,holdout,unguarded_linear,13506,1024,1024,1024,2.507531043999961,875,True,0.0889197422234123,0.004748272546794,0.0031656740235294,0.8823529411764706,False,15.0,17.0,0.004748272546794,0.0047482725435619,0.003165674023424,0,0,15,3018,confirm,23.0
job_h1,job,holdout,nsga2_typed,13507,1024,1024,1024,1.074570870000116,942,True,0.1495119542905764,0.0,0.0,1.0,True,17.0,17.0,0.0,0.0,0.0,0,0,0,0,confirm,0.0
job_h1,job,holdout,guarded_linear,13507,1024,1024,1024,2.5647745999999643,881,True,0.0874995343398491,0.004748272546794,0.0031656740235294,0.8823529411764706,False,15.0,17.0,0.004748272546794,0.0047482725435619,0.003165674023424,0,0,15,2853,confirm,11.0
rgv_h3,rgv,holdout,no_uncertainty_linear,13504,1024,1024,1024,1.942862514999888,981,True,0.139832932843446,0.0,0.0,1.0,True,4.0,4.0,0.0,0.0,0.0,0,0,15,4812,confirm,135.0
tour_h2,tour,holdout,scalar_linear,13502,1024,1024,1024,1.3890221819999624,1007,True,0.105463476816699,0.0,0.0,1.0,True,20.0,20.0,0.0,0.0,2.6433881538694198e-18,0,0,15,5767,confirm,575.0
job_h1,job,holdout,nsga2_typed,13504,1024,1024,1024,0.9938180920000832,926,True,0.0983153807771646,0.0,0.0,1.0,True,17.0,17.0,0.0,0.0,0.0,0,0,0,0,confirm,0.0
tour_h4,tour,holdout,scalar_linear,13507,1024,1024,1024,1.671775303000004,1000,True,0.0801112587297213,0.0068418536496536,0.0036548829021458,0.8333333333333334,False,23.0,24.0,0.0068418536496536,0.006841853649845,0.0035086875863505,0,0,15,5272,confirm,502.0
job_h1,job,holdout,guarded_linear,13511,1024,1024,1024,2.720943261000002,889,True,0.0971859900230843,0.004748272546794,0.0031656740235294,0.8823529411764706,False,15.0,17.0,0.004748272546794,0.0047482725435619,0.003165674023424,0,0,15,2867,confirm,13.0
tour_h1,tour,holdout,nsga2_typed,13504,1024,1024,1024,0.7730310540000573,992,True,0.1617133887924904,0.002190580968852,0.0016658194526315,0.7894736842105263,False,16.0,19.0,0.002190580968852,0.0021905809653214,0.0016658194510294,0,0,0,0,confirm,0.0
job_h3,job,holdout,unguarded_linear,13506,1024,1024,1024,2.082245301000057,973,True,0.0680186143629733,0.0012237597822561,0.0006956818217391,0.9130434782608696,False,21.0,23.0,0.0012237597822561,0.0012237597845138,0.0006956818218961,0,0,15,4765,confirm,25.0
job_h4,job,holdout,raw_linear,13509,1024,1024,1024,1.1681026890000794,996,True,0.1437635587207532,0.0206859099977054,0.0130339663069189,0.6428571428571429,False,20.0,28.0,0.0206859099977054,0.0206859099940464,0.0130339663007103,0,0,15,5652,confirm,52.0
job_h1,job,holdout,scalar_linear,13510,1024,1024,1024,2.6829408850001077,865,True,0.0956248433311853,0.004748272546794,0.0031656740235294,0.8823529411764706,False,15.0,17.0,0.004748272546794,0.0047482725435619,0.003165674023424,0,0,15,2649,confirm,170.0
job_h3,job,holdout,random_residual,13506,1024,1024,1024,1.529436910999948,982,True,0.0816847900459519,0.0022087491773913,0.0024682956652173,0.8695652173913043,False,20.0,23.0,0.0022087491773913,0.0022087491823143,0.0024682956675677,0,0,0,0,confirm,417.0
tour_h1,tour,holdout,guarded_linear,13509,1024,1024,1024,1.7638272860001507,981,True,0.1102439372067121,0.0,0.0,1.0,True,19.0,19.0,0.0,0.0,0.0,0,0,15,4549,confirm,28.0
job_h4,job,holdout,no_uncertainty_linear,13511,1024,1024,1024,1.451966199999788,1001,True,0.1244509852951508,0.0017299164243192,0.0014201880464285,0.8214285714285714,False,23.0,28.0,0.0017299164243192,0.0017299164286755,0.0014201880444318,0,0,15,5627,confirm,73.0
tour_h3,tour,holdout,scalar_linear,13510,1024,1024,1024,2.163447978000022,932,True,0.0819387421466317,0.0010439807624482,0.0005611720294117,0.9411764705882352,False,16.0,17.0,0.0010439807624482,0.0010439807659043,0.0005611720312772,0,0,15,3803,confirm,335.0
job_h2,job,holdout,fast_v10,13507,1024,1024,1024,0.5686355130001175,996,True,0.1279842559298459,0.010528470281237,0.0046952793898344,0.7586206896551724,False,24.0,29.0,0.010528470281237,0.0105284702862303,0.0046952793935969,0,0,0,0,confirm,0.0
rgv_h3,rgv,holdout,unguarded_linear,13507,1024,1024,1024,1.952956763999964,986,True,0.0952054010795378,0.0,0.0,1.0,True,4.0,4.0,0.0,0.0,0.0,0,0,15,4340,confirm,152.0
rgv_h2,rgv,holdout,raw_linear,13503,1024,1024,1024,1.508365917999981,989,True,0.0650755584144528,0.0035162613478292,0.00111731844,0.8,False,4.0,5.0,0.0035162613478292,0.0035162613351353,0.0011173184357541,0,0,15,4953,confirm,103.0
job_h2,job,holdout,nsga2_guarded,13501,1024,1024,1024,1.4519331290000537,994,True,0.1393844254427637,0.0070443856025837,0.0026959859689655,0.8275862068965517,False,25.0,29.0,0.0070443856025837,0.0070443856075815,0.0026959859705991,0,0,15,5344,confirm,67.0
tour_h3,tour,holdout,fast_v10,13507,1024,1024,1024,0.9641376100000798,983,True,0.0990192367068335,9.35798432435786e-06,6.120582352941341e-05,0.9411764705882352,False,16.0,17.0,9.35798432435786e-06,9.35798359623038e-06,6.120581935836102e-05,0,0,0,0,confirm,0.0
tour_h1,tour,holdout,guarded_linear,13501,1024,1024,1024,1.6581488809999885,987,True,0.1014131796078114,0.00020617925274,0.0001968325210526,0.9473684210526316,False,18.0,19.0,0.00020617925274,0.0002061792546505,0.0001968325225927,0,0,15,4736,confirm,34.0
rgv_h4,rgv,holdout,raw_linear,13509,1024,1024,1024,0.9623719119999804,1018,True,0.1838799116001189,0.0014982864311507,0.0006324187583333,0.9166666666666666,False,11.0,12.0,0.0014982864311507,0.0014982864316546,0.0006324187585133,0,0,15,4460,confirm,123.0
tour_h3,tour,holdout,fast_v10,13504,1024,1024,1024,0.8530865000000176,962,True,0.1034479406516303,9.35798432435786e-06,6.120582352941341e-05,0.9411764705882352,False,16.0,17.0,9.35798432435786e-06,9.35798359623038e-06,6.120581935836102e-05,0,0,0,0,confirm,0.0
tour_h1,tour,holdout,unguarded_linear,13505,1024,1024,1024,1.5595400460001656,994,True,0.0882837277878278,0.0,0.0,1.0,True,19.0,19.0,0.0,0.0,0.0,0,0,15,5178,confirm,34.0
job_h2,job,holdout,nsga2_guarded,13509,1024,1024,1024,1.2342475089999425,1010,True,0.1114267181961678,0.003791760889859,0.0016782726965517,0.8620689655172413,False,28.0,29.0,0.003791760889859,0.0037917608950118,0.0016782726993574,0,0,15,6032,confirm,79.0
rgv_h1,rgv,holdout,nsga2_guarded,13507,1024,1024,1024,1.027359402000002,1021,True,0.1311666135636938,0.0025007094745765,0.0005400540142857,0.8571428571428571,False,6.0,7.0,0.0025007094745765,0.0025007094330669,0.0005400540054005,0,0,15,6508,confirm,300.0
job_h4,job,holdout,no_uncertainty_linear,13509,1024,1024,1024,1.4053042460000142,1006,True,0.1285301690817244,0.0016015106500722,0.001652874170198,0.8571428571428571,False,25.0,28.0,0.0016015106500722,0.0016015106497989,0.0016528741708683,0,0,15,5731,confirm,54.0
rgv_h3,rgv,holdout,fast_v10,13505,1024,1024,1024,0.7509177540000564,995,True,0.1380592744951378,0.0,0.0,1.0,True,4.0,4.0,0.0,0.0,0.0,0,0,0,0,confirm,0.0
rgv_h3,rgv,holdout,fast_v10,13504,1024,1024,1024,0.863959272999864,979,True,0.1279322577024247,0.0,0.0,1.0,True,4.0,4.0,0.0,0.0,0.0,0,0,0,0,confirm,0.0
job_h3,job,holdout,fast_v10,13505,1024,1024,1024,0.6409923369999433,982,True,0.0925555736127776,0.0,0.0,1.0,True,23.0,23.0,0.0,0.0,0.0,0,0,0,0,confirm,0.0
job_h2,job,holdout,scalar_linear,13510,1024,1024,1024,1.524632019999899,984,True,0.1432963785440033,0.0056368666910707,0.0016704879655172,0.896551724137931,False,26.0,29.0,0.0056368666910707,0.0056368666976172,0.0016704879707733,0,0,15,4813,confirm,478.0
job_h4,job,holdout,random_residual,13501,1024,1024,1024,1.173032318999958,989,True,0.1380887596594448,0.0076925047217756,0.0047374541449342,0.7857142857142857,False,25.0,28.0,0.0076925047217756,0.0076925047177991,0.0047374541419204,0,0,0,0,confirm,518.0
job_h2,job,holdout,raw_linear,13503,1024,1024,1024,1.2698069470000064,992,True,0.1444001704942065,0.0102119163350092,0.0026293681039036,0.8275862068965517,False,27.0,29.0,0.0102119163350092,0.0102119163401734,0.0026293681064651,0,0,15,5332,confirm,33.0
tour_h1,tour,holdout,scalar_linear,13506,1024,1024,1024,1.7646277069998175,965,True,0.1670520661229644,0.001673801330323,0.0007392683052631,0.9473684210526316,False,18.0,19.0,0.001673801330323,0.0016738013252025,0.0007392683030071,0,0,15,4460,confirm,432.0
rgv_h2,rgv,holdout,guarded_linear,13512,1024,1024,1024,1.7616081030000714,978,True,0.0751841033782494,0.0,0.0,1.0,True,5.0,5.0,0.0,0.0,0.0,0,0,15,4779,confirm,234.0
rgv_h2,rgv,holdout,random_residual,13503,1024,1024,1024,1.276475168000161,999,True,0.0661302405916504,0.0015520997357438,0.0005586592199999,0.8,False,5.0,5.0,0.0015520997357438,0.0015520997299621,0.000558659217877,0,0,0,0,confirm,472.0
rgv_h4,rgv,holdout,unguarded_linear,13502,1024,1024,1024,1.5840168189999986,997,True,0.1157370362145597,0.0014982864311507,0.0006324187583333,0.9166666666666666,False,11.0,12.0,0.0014982864311507,0.0014982864316546,0.0006324187585133,0,0,15,5639,confirm,236.0
job_h4,job,holdout,guarded_linear,13508,1024,1024,1024,1.4687996170000588,1005,True,0.1084208701313426,0.0028635940822361,0.0019032360642857,0.8214285714285714,False,26.0,28.0,0.0028635940822361,0.0028635940863146,0.0019032360667693,0,0,15,5629,confirm,69.0
rgv_h3,rgv,holdout,guarded_linear,13506,1024,1024,1024,2.012808396000082,982,True,0.076839455318758,0.0,0.0,1.0,True,4.0,4.0,0.0,0.0,0.0,0,0,15,4582,confirm,160.0
rgv_h2,rgv,holdout,unguarded_linear,13509,1024,1024,1024,1.8320483489999333,983,True,0.1229272404802911,0.0015520997357438,0.0005586592199999,0.8,False,5.0,5.0,0.0015520997357438,0.0015520997299621,0.000558659217877,0,0,15,4929,confirm,164.0
rgv_h1,rgv,holdout,fast_v10,13506,1024,1024,1024,0.7808681939998223,995,True,0.0859141980763013,0.0025007094745765,0.0005400540142857,0.8571428571428571,False,6.0,7.0,0.0025007094745765,0.0025007094330669,0.0005400540054005,0,0,0,0,confirm,0.0
rgv_h4,rgv,holdout,scalar_linear,13503,1024,1024,1024,1.8556634359999864,978,True,0.1506639966097823,0.0094880006106022,0.0076678051749999,0.5833333333333334,False,7.0,12.0,0.0094880006106022,0.0094880006064248,0.0076678051656486,0,0,15,3981,confirm,362.0
rgv_h3,rgv,holdout,fast_v10,13507,1024,1024,1024,0.8082560210000338,993,True,0.1434946790325122,0.0,0.0,1.0,True,4.0,4.0,0.0,0.0,0.0,0,0,0,0,confirm,0.0
rgv_h4,rgv,holdout,nsga2_typed,13501,1024,1024,1024,0.5536507990000246,1007,True,0.0691588776092855,0.0,0.0,1.0,True,12.0,12.0,0.0,0.0,0.0,0,0,0,0,confirm,0.0
tour_h4,tour,holdout,guarded_linear,13505,1024,1024,1024,1.422957692999944,1014,True,0.102138799779109,0.0,0.0,1.0,True,24.0,24.0,0.0,0.0,2.220446049250313e-18,0,0,15,5848,confirm,73.0
tour_h3,tour,holdout,no_uncertainty_linear,13507,1024,1024,1024,1.985413346000087,972,True,0.0894146339426027,0.0,0.0,1.0,True,17.0,17.0,0.0,0.0,0.0,0,0,15,4435,confirm,41.0
tour_h4,tour,holdout,fast_v10,13504,1024,1024,1024,0.6720696039999439,996,True,0.1380463326858209,0.0078701558873682,0.0041514215793303,0.7916666666666666,False,22.0,24.0,0.0078701558873682,0.0078701558889294,0.0039853647146585,0,0,0,0,confirm,0.0
rgv_h2,rgv,holdout,nsga2_guarded,13509,1024,1024,1024,1.0736761880000358,1024,True,0.1536577555389508,0.0004917271705655,0.00054054054,0.8,False,4.0,5.0,0.0004917271705655,0.0004917271710853,0.0005405405405405,0,0,15,6652,confirm,275.0
tour_h3,tour,holdout,raw_linear,13501,1024,1024,1024,1.8635969509998631,942,True,0.110657416757718,0.0010439807624482,0.0005611720294117,0.9411764705882352,False,16.0,17.0,0.0010439807624482,0.0010439807659043,0.0005611720312772,0,0,15,3846,confirm,31.0
tour_h4,tour,holdout,guarded_linear,13503,1024,1024,1024,1.4223202799998944,1009,True,0.0981074040596818,0.0,0.0,1.0,True,24.0,24.0,0.0,0.0,2.220446049250313e-18,0,0,15,5946,confirm,61.0
job_h2,job,holdout,random_residual,13510,1024,1024,1024,1.076975654999842,991,True,0.1459196054566277,0.0158152489654065,0.0074600479593604,0.6551724137931034,False,28.0,29.0,0.0158152489654065,0.0158152489651917,0.0074600479570062,0,0,0,0,confirm,535.0
job_h3,job,holdout,guarded_linear,13501,1024,1024,1024,1.6321597310000016,972,True,0.0893220697474707,0.0003623646267583,0.000135680847826,0.9565217391304348,False,22.0,23.0,0.0003623646267583,0.0003623646309846,0.0001356808494088,0,0,15,4869,confirm,35.0
rgv_h3,rgv,holdout,nsga2_typed,13504,1024,1024,1024,0.4435071130001233,1017,True,0.1568829385451462,0.0,0.0,1.0,True,4.0,4.0,0.0,0.0,0.0,0,0,0,0,confirm,0.0
job_h4,job,holdout,scalar_linear,13509,1024,1024,1024,1.4503861040000174,1004,True,0.1261915626024422,0.0023432023613388,0.0022245841059123,0.8571428571428571,False,25.0,28.0,0.0023432023613388,0.0023432023585985,0.0022245841045557,0,0,15,5841,confirm,584.0
job_h4,job,holdout,raw_linear,13510,1024,1024,1024,1.4517947440001535,989,True,0.1137400392226614,0.002658259393982,0.0024774540559065,0.7857142857142857,False,23.0,28.0,0.002658259393982,0.002658259400927,0.0024774540587553,0,0,15,5231,confirm,22.0
tour_h4,tour,holdout,nsga2_typed,13509,1024,1024,1024,0.467415050999989,1011,True,0.1818374800097172,0.0090031563371591,0.0051591996376636,0.7916666666666666,False,21.0,24.0,0.0090031563371591,0.0090031563356702,0.0049528316504663,0,0,0,0,confirm,0.0
rgv_h1,rgv,holdout,random_residual,13505,1024,1024,1024,1.0404580140000237,1010,True,0.0857832084999505,0.0019816942477348,0.000540054,0.8571428571428571,False,7.0,7.0,0.0019816942477348,0.0019816942677134,0.0005400540054005,0,0,0,0,confirm,546.0
tour_h3,tour,holdout,nsga2_guarded,13506,1024,1024,1024,1.8010572250000223,973,True,0.1068022807558575,0.0,0.0,1.0,True,17.0,17.0,0.0,0.0,0.0,0,0,15,4862,confirm,49.0
rgv_h2,rgv,holdout,raw_linear,13512,1024,1024,1024,1.33189961700009,1001,True,0.0757970944730318,0.0,0.0,1.0,True,5.0,5.0,0.0,0.0,0.0,0,0,15,4828,confirm,69.0
tour_h3,tour,holdout,no_uncertainty_linear,13511,1024,1024,1024,1.7470694579999415,972,True,0.0686999361439176,0.0,0.0,1.0,True,17.0,17.0,0.0,0.0,0.0,0,0,15,4536,confirm,35.0
tour_h1,tour,holdout,no_uncertainty_linear,13505,1024,1024,1024,1.555569457000047,998,True,0.0826026090812947,0.0,0.0,1.0,True,19.0,19.0,0.0,0.0,0.0,0,0,15,5055,confirm,24.0
tour_h2,tour,holdout,nsga2_guarded,13509,1024,1024,1024,1.4154960280000068,998,True,0.1306579978384308,0.0,0.0,1.0,True,20.0,20.0,0.0,0.0,0.0,0,0,15,5623,confirm,62.0
rgv_h1,rgv,holdout,nsga2_typed,13503,1024,1024,1024,0.4539676429999417,1019,True,0.0843336732947437,0.0044824037223114,0.0010801080142857,0.7142857142857143,False,6.0,7.0,0.0044824037223114,0.0044824037007804,0.001080108010801,0,0,0,0,confirm,0.0
rgv_h1,rgv,holdout,unguarded_linear,13507,1024,1024,1024,1.696506422999846,991,True,0.1033752163143971,0.0025007094745765,0.0005400540142857,0.8571428571428571,False,6.0,7.0,0.0025007094745765,0.0025007094330669,0.0005400540054005,0,0,15,5041,confirm,198.0
tour_h3,tour,holdout,nsga2_typed,13508,1024,1024,1024,0.6735149739999997,987,True,0.1385773824908671,0.0034850831417687,0.0022839597465753,0.8823529411764706,False,17.0,17.0,0.0034850831417687,0.003485083134728,0.002283959744159,0,0,0,0,confirm,0.0
rgv_h1,rgv,holdout,nsga2_typed,13508,1024,1024,1024,0.3025919910000993,1021,True,0.0908391127395048,0.0044824037223114,0.0010801080142857,0.7142857142857143,False,6.0,7.0,0.0044824037223114,0.0044824037007804,0.001080108010801,0,0,0,0,confirm,0.0
tour_h4,tour,holdout,nsga2_guarded,13506,1024,1024,1024,1.3656393410001328,1010,True,0.1243531408063711,0.0005347765346516,0.0008888012583333,0.9166666666666666,False,22.0,24.0,0.0005347765346516,0.0005347765343496,0.0008532492088679,0,0,15,5769,confirm,73.0
tour_h3,tour,holdout,scalar_linear,13505,1024,1024,1024,2.167738417999999,909,True,0.0832690676305732,0.0010533387467726,0.0006223778529411,0.8823529411764706,False,15.0,17.0,0.0010533387467726,0.0010533387495005,0.0006223778506356,0,0,15,3368,confirm,289.0
rgv_h3,rgv,holdout,unguarded_linear,13512,1024,1024,1024,1.8177084290000491,981,True,0.0762673074667972,0.0,0.0,1.0,True,4.0,4.0,0.0,0.0,0.0,0,0,15,4812,confirm,195.0
job_h2,job,holdout,raw_linear,13509,1024,1024,1024,1.170833410000114,1002,True,0.1204434342715846,0.0212843621672515,0.0100017275281024,0.6896551724137931,False,25.0,29.0,0.0212843621672515,0.021284362153671,0.0100017275201098,0,0,15,5560,confirm,36.0
job_h1,job,holdout,nsga2_typed,13511,1024,1024,1024,1.0068008590001227,912,True,0.1367728237679658,0.004748272546794,0.0031656740235294,0.8823529411764706,False,15.0,17.0,0.004748272546794,0.0047482725435619,0.003165674023424,0,0,0,0,confirm,0.0
tour_h2,tour,holdout,unguarded_linear,13505,1024,1024,1024,1.4320776819999992,1001,True,0.0926688310737696,0.0,0.0,1.0,True,20.0,20.0,0.0,0.0,2.6433881538694198e-18,0,0,15,5640,confirm,30.0
rgv_h2,rgv,holdout,unguarded_linear,13503,1024,1024,1024,1.8697731469999328,987,True,0.0639096195356793,0.0035162613478292,0.00111731844,0.8,False,4.0,5.0,0.0035162613478292,0.0035162613351353,0.0011173184357541,0,0,15,4446,confirm,139.0
tour_h3,tour,holdout,no_uncertainty_linear,13502,1024,1024,1024,1.784033437000062,968,True,0.0732790787512265,0.0,0.0,1.0,True,17.0,17.0,0.0,0.0,0.0,0,0,15,4419,confirm,44.0
job_h3,job,holdout,no_uncertainty_linear,13510,1024,1024,1024,1.5828934290000234,982,True,0.1020725299168956,5.861053768012878e-05,0.0001518577554343,0.9565217391304348,False,23.0,23.0,5.861053768012878e-05,5.861053681831795e-05,0.0001518577539259,0,0,15,4824,confirm,41.0
job_h3,job,holdout,fast_v10,13507,1024,1024,1024,0.5878294220001408,992,True,0.0943078422550015,0.0021541687721882,0.0010945476476515,0.9565217391304348,False,24.0,23.0,0.0021541687721882,0.0021541687698368,0.0010945476448717,0,0,0,0,confirm,0.0
rgv_h3,rgv,holdout,fast_v10,13502,1024,1024,1024,0.6382150209999509,996,True,0.1584849524975481,0.0,0.0,1.0,True,4.0,4.0,0.0,0.0,0.0,0,0,0,0,confirm,0.0
tour_h1,tour,holdout,no_uncertainty_linear,13509,1024,1024,1024,1.857380664999937,957,True,0.1095665657998186,0.000516779638529,0.0009265511473684,0.8421052631578947,False,16.0,19.0,0.000516779638529,0.0005167796401188,0.0009265511480223,0,0,15,3989,confirm,27.0
rgv_h3,rgv,holdout,unguarded_linear,13510,1024,1024,1024,1.6583657459998449,1003,True,0.1085745890051707,0.0,0.0,1.0,True,4.0,4.0,0.0,0.0,0.0,0,0,15,5108,confirm,220.0
tour_h1,tour,holdout,nsga2_guarded,13508,1024,1024,1024,1.390514082999971,996,True,0.147999332756841,0.00020617925274,0.0001968325210526,0.9473684210526316,False,18.0,19.0,0.00020617925274,0.0002061792546505,0.0001968325225927,0,0,15,5595,confirm,70.0
rgv_h2,rgv,holdout,nsga2_typed,13508,1024,1024,1024,0.323405331999993,1020,True,0.0672563468546597,0.0,0.0,1.0,True,5.0,5.0,0.0,0.0,0.0,0,0,0,0,confirm,0.0
rgv_h4,rgv,holdout,nsga2_typed,13511,1024,1024,1024,0.4092134550000992,1020,True,0.1705562576041238,0.0,0.0,1.0,True,12.0,12.0,0.0,0.0,0.0,0,0,0,0,confirm,0.0
job_h2,job,holdout,no_uncertainty_linear,13504,1024,1024,1024,1.4409846560001824,998,True,0.1060936154715086,0.0022790009878033,0.0010652329344827,0.8620689655172413,False,26.0,29.0,0.0022790009878033,0.0022790009830072,0.0010652329360011,0,0,15,5424,confirm,47.0
tour_h3,tour,holdout,guarded_linear,13507,1024,1024,1024,2.0552181479999945,954,True,0.0841049717435715,9.35798432435786e-06,6.120582352941341e-05,0.9411764705882352,False,16.0,17.0,9.35798432435786e-06,9.35798359623038e-06,6.120581935836102e-05,0,0,15,4218,confirm,36.0
rgv_h1,rgv,holdout,unguarded_linear,13503,1024,1024,1024,1.7995454629999583,997,True,0.0862383016761211,0.0025007094745765,0.0005400540142857,0.8571428571428571,False,6.0,7.0,0.0025007094745765,0.0025007094330669,0.0005400540054005,0,0,15,4909,confirm,190.0
tour_h1,tour,holdout,nsga2_guarded,13506,1024,1024,1024,1.4113496390000364,1009,True,0.1532428849686234,0.0004954870521802,0.0008728172842105,0.8947368421052632,False,17.0,19.0,0.0004954870521802,0.0004954870546022,0.0008728172871358,0,0,15,5401,confirm,75.0
rgv_h3,rgv,holdout,fast_v10,13508,1024,1024,1024,0.7764288840000972,988,True,0.1614601213116054,0.0,0.0,1.0,True,4.0,4.0,0.0,0.0,0.0,0,0,0,0,confirm,0.0
rgv_h4,rgv,holdout,no_uncertainty_linear,13501,1024,1024,1024,1.518973821000145,1012,True,0.0366050068018135,0.0014982864311507,0.0006324187583333,0.9166666666666666,False,11.0,12.0,0.0014982864311507,0.0014982864316546,0.0006324187585133,0,0,15,5572,confirm,184.0
tour_h4,tour,holdout,fast_v10,13509,1024,1024,1024,0.564237730000059,1008,True,0.1382517585886686,0.0076543699663595,0.0040783981876636,0.8333333333333334,False,22.0,24.0,0.0076543699663595,0.0076543699660794,0.0039152622602449,0,0,0,0,confirm,0.0
rgv_h4,rgv,holdout,guarded_linear,13509,1024,1024,1024,1.242303353999887,1019,True,0.2018017797296651,0.0295242129529402,0.0039364618916666,0.6666666666666666,False,8.0,12.0,0.0295242129529402,0.0295242129222703,0.0039364618820666,0,0,15,6388,confirm,225.0
job_h4,job,holdout,raw_linear,13512,1024,1024,1024,1.190851382000119,1002,True,0.1410041357816765,0.0032860004593231,0.0026693961821428,0.75,False,21.0,28.0,0.0032860004593231,0.003286000461967,0.0026693961768549,0,0,15,5561,confirm,34.0
job_h1,job,holdout,unguarded_linear,13505,1024,1024,1024,2.379019515999971,863,True,0.0622087037864027,0.004748272546794,0.0031656740235294,0.8823529411764706,False,15.0,17.0,0.004748272546794,0.0047482725435619,0.003165674023424,0,0,15,2714,confirm,12.0
job_h4,job,holdout,nsga2_guarded,13512,1024,1024,1024,1.439772891000075,994,True,0.1416521150552147,0.0014473768167943,0.0012280650714285,0.9285714285714286,False,26.0,28.0,0.0014473768167943,0.0014473768141824,0.001228065070205,0,0,15,5472,confirm,56.0
rgv_h1,rgv,holdout,raw_linear,13510,1024,1024,1024,1.3780148310002005,992,True,0.0972537582285165,0.0025007094745765,0.0005400540142857,0.8571428571428571,False,6.0,7.0,0.0025007094745765,0.0025007094330669,0.0005400540054005,0,0,15,4665,confirm,100.0
tour_h3,tour,holdout,raw_linear,13510,1024,1024,1024,1.8410892889999104,947,True,0.0805516593704117,0.0010439807624482,0.0005611720294117,0.9411764705882352,False,16.0,17.0,0.0010439807624482,0.0010439807659043,0.0005611720312772,0,0,15,3976,confirm,18.0
tour_h2,tour,holdout,unguarded_linear,13503,1024,1024,1024,1.820604223999908,1001,True,0.1034912859976356,0.0,0.0,1.0,True,20.0,20.0,0.0,0.0,2.6433881538694198e-18,0,0,15,5328,confirm,28.0
rgv_h1,rgv,holdout,raw_linear,13511,1024,1024,1024,1.258862302999887,999,True,0.0931125339453152,0.0037746557623917,0.0010286743,0.8571428571428571,False,7.0,7.0,0.0037746557623917,0.0037746557480257,0.001028674296001,0,0,15,5584,confirm,142.0
rgv_h4,rgv,holdout,random_residual,13512,1024,1024,1024,1.2403517860000193,1009,True,0.0475658636800935,0.0,0.0,1.0,True,12.0,12.0,0.0,0.0,0.0,0,0,0,0,confirm,562.0
tour_h3,tour,holdout,nsga2_guarded,13503,1024,1024,1024,1.834865280000031,976,True,0.1101282279323112,0.0,0.0,1.0,True,17.0,17.0,0.0,0.0,0.0,0,0,15,4978,confirm,59.0
job_h1,job,holdout,guarded_linear,13506,1024,1024,1024,2.4374618790000118,875,True,0.0889197422234123,0.004748272546794,0.0031656740235294,0.8823529411764706,False,15.0,17.0,0.004748272546794,0.0047482725435619,0.003165674023424,0,0,15,3018,confirm,23.0
job_h4,job,holdout,fast_v10,13503,1024,1024,1024,0.5878457920000528,993,True,0.1253926270496769,0.004692020444832,0.0031852871008465,0.75,False,26.0,28.0,0.004692020444832,0.0046920204446404,0.003185287100706,0,0,0,0,confirm,0.0
job_h3,job,holdout,random_residual,13505,1024,1024,1024,1.4989621199999874,969,True,0.0984901963168181,0.0003623646267583,0.000135680847826,0.9565217391304348,False,22.0,23.0,0.0003623646267583,0.0003623646309846,0.0001356808494088,0,0,0,0,confirm,427.0
rgv_h3,rgv,holdout,raw_linear,13504,1024,1024,1024,1.592129327000066,987,True,0.1158027234317737,0.0,0.0,1.0,True,4.0,4.0,0.0,0.0,0.0,0,0,15,4268,confirm,167.0
job_h4,job,holdout,no_uncertainty_linear,13503,1024,1024,1024,1.6281006079998406,978,True,0.1073919343566385,0.0041368709194395,0.0026032426035714,0.7857142857142857,False,24.0,28.0,0.0041368709194395,0.0041368709209705,0.0026032426028879,0,0,15,4752,confirm,30.0
rgv_h3,rgv,holdout,fast_v10,13512,1024,1024,1024,0.6804378619999625,987,True,0.0986955029136635,0.0,0.0,1.0,True,4.0,4.0,0.0,0.0,0.0,0,0,0,0,confirm,0.0
job_h1,job,holdout,nsga2_typed,13503,1024,1024,1024,0.8693990300000678,931,True,0.157258372249544,0.004748272546794,0.0031656740235294,0.8823529411764706,False,15.0,17.0,0.004748272546794,0.0047482725435619,0.003165674023424,0,0,0,0,confirm,0.0
job_h2,job,holdout,nsga2_typed,13508,1024,1024,1024,0.4380938500000866,1007,True,0.1649573375372584,0.0082387102782615,0.0047932092241379,0.7586206896551724,False,26.0,29.0,0.0082387102782615,0.0082387102876126,0.0047932092300351,0,0,0,0,confirm,0.0
job_h4,job,holdout,random_residual,13503,1024,1024,1024,1.2245878759999869,1003,True,0.1371562926739813,0.0061990660411052,0.0031475339892857,0.8214285714285714,False,24.0,28.0,0.0061990660411052,0.0061990660457815,0.0031475339897505,0,0,0,0,confirm,511.0
rgv_h1,rgv,holdout,random_residual,13507,1024,1024,1024,1.234037269999817,999,True,0.136252018499168,0.0044824037223114,0.0010801080142857,0.7142857142857143,False,6.0,7.0,0.0044824037223114,0.0044824037007804,0.001080108010801,0,0,0,0,confirm,516.0
tour_h3,tour,holdout,raw_linear,13511,1024,1024,1024,1.9443599500000344,961,True,0.0739180668347578,0.0015199456388592,0.0011156907821896,0.9411764705882352,False,17.0,17.0,0.0015199456388592,0.0015199456359826,0.0011156907824308,0,0,15,4056,confirm,16.0
tour_h2,tour,holdout,unguarded_linear,13510,1024,1024,1024,1.5130014329999997,1002,True,0.0993444745393987,0.0,0.0,1.0,True,20.0,20.0,0.0,0.0,2.6433881538694198e-18,0,0,15,5535,confirm,44.0
job_h2,job,holdout,no_uncertainty_linear,13501,1024,1024,1024,1.870738305000032,1002,True,0.1174030245197697,0.0075834478661976,0.0029707973172413,0.7931034482758621,False,24.0,29.0,0.0075834478661976,0.0075834478694512,0.002970797320173,0,0,15,5464,confirm,49.0
rgv_h2,rgv,holdout,random_residual,13507,1024,1024,1024,1.4239826879997963,996,True,0.1334135087945008,0.0,0.0,1.0,True,5.0,5.0,0.0,0.0,0.0,0,0,0,0,confirm,481.0
tour_h3,tour,holdout,unguarded_linear,13507,1024,1024,1024,2.287892865999993,954,True,0.0841049717435715,9.35798432435786e-06,6.120582352941341e-05,0.9411764705882352,False,16.0,17.0,9.35798432435786e-06,9.35798359623038e-06,6.120581935836102e-05,0,0,15,4218,confirm,36.0
job_h3,job,holdout,raw_linear,13512,1024,1024,1024,1.644265857999926,989,True,0.1231452443109028,0.0021358086041296,0.0018619892304347,0.8695652173913043,False,20.0,23.0,0.0021358086041296,0.0021358086058156,0.0018619892309755,0,0,15,4784,confirm,15.0
job_h4,job,holdout,nsga2_typed,13501,1024,1024,1024,0.4642513390001568,1009,True,0.17330396427153,0.0027652946164064,0.0025431750059123,0.75,False,22.0,28.0,0.0027652946164064,0.0027652946206849,0.0025431750036885,0,0,0,0,confirm,0.0
rgv_h2,rgv,holdout,nsga2_guarded,13501,1024,1024,1024,1.1224700440000106,1021,True,0.0633169371958053,0.0004917271705655,0.00054054054,0.8,False,4.0,5.0,0.0004917271705655,0.0004917271710853,0.0005405405405405,0,0,15,6617,confirm,338.0
tour_h1,tour,holdout,unguarded_linear,13511,1024,1024,1024,1.728041376999954,991,True,0.1072250571501746,0.0,0.0,1.0,True,19.0,19.0,0.0,0.0,0.0,0,0,15,4850,confirm,34.0
tour_h4,tour,holdout,unguarded_linear,13507,1024,1024,1024,1.3449746439998762,1014,True,0.0676751289599112,0.0,0.0,1.0,True,24.0,24.0,0.0,0.0,2.220446049250313e-18,0,0,15,5935,confirm,49.0
job_h2,job,holdout,fast_v10,13502,1024,1024,1024,0.6264806309998221,993,True,0.0999651864854288,0.0061039629108248,0.0036662062241379,0.7586206896551724,False,26.0,29.0,0.0061039629108248,0.0061039629196962,0.0036662062287109,0,0,0,0,confirm,0.0
tour_h4,tour,holdout,nsga2_guarded,13511,1024,1024,1024,1.4757688550000694,995,True,0.1198029573605157,0.0,0.0,1.0,True,24.0,24.0,0.0,0.0,0.0,0,0,15,5639,confirm,71.0
rgv_h3,rgv,holdout,scalar_linear,13505,1024,1024,1024,1.8204191130000709,989,True,0.1186062478290526,0.0,0.0,1.0,True,4.0,4.0,0.0,0.0,0.0,0,0,15,4730,confirm,444.0
rgv_h1,rgv,holdout,fast_v10,13509,1024,1024,1024,0.6473016360000656,1018,True,0.1020782176105163,0.0,0.0,1.0,True,7.0,7.0,0.0,0.0,0.0,0,0,0,0,confirm,0.0
job_h4,job,holdout,fast_v10,13508,1024,1024,1024,0.6096795040000416,1003,True,0.1416997432139904,0.008633117169823,0.0061751767271477,0.6785714285714286,False,20.0,28.0,0.008633117169823,0.0086331171758894,0.006175176726057,0,0,0,0,confirm,0.0
rgv_h4,rgv,holdout,unguarded_linear,13508,1024,1024,1024,1.934499398999833,977,True,0.0493419323309399,0.0094880006106022,0.0076678051749999,0.5833333333333334,False,7.0,12.0,0.0094880006106022,0.0094880006064248,0.0076678051656486,0,0,15,4337,confirm,173.0
rgv_h1,rgv,holdout,random_residual,13502,1024,1024,1024,1.4316470269998265,1007,True,0.0764757612206116,0.001248107898907,0.0009276437857142,0.8571428571428571,False,6.0,7.0,0.001248107898907,0.0012481078976358,0.0009276437847866,0,0,0,0,confirm,550.0
job_h1,job,holdout,guarded_linear,13505,1024,1024,1024,2.453913911999962,863,True,0.0622087037864027,0.004748272546794,0.0031656740235294,0.8823529411764706,False,15.0,17.0,0.004748272546794,0.0047482725435619,0.003165674023424,0,0,15,2714,confirm,12.0
rgv_h3,rgv,holdout,random_residual,13511,1024,1024,1024,1.229513580999992,1006,True,0.0708382601369879,0.0,0.0,1.0,True,4.0,4.0,0.0,0.0,0.0,0,0,0,0,confirm,529.0
tour_h2,tour,holdout,guarded_linear,13511,1024,1024,1024,1.5644669549999437,1004,True,0.0964557361243876,0.0,0.0,1.0,True,20.0,20.0,0.0,0.0,2.6433881538694198e-18,0,0,15,5469,confirm,35.0
job_h1,job,holdout,nsga2_typed,13502,1024,1024,1024,1.0091487070001222,898,True,0.1297630593665008,0.004748272546794,0.0031656740235294,0.8823529411764706,False,15.0,17.0,0.004748272546794,0.0047482725435619,0.003165674023424,0,0,0,0,confirm,0.0
job_h1,job,holdout,scalar_linear,13505,1024,1024,1024,2.3808722730000227,854,True,0.0677774494320408,0.004748272546794,0.0031656740235294,0.8823529411764706,False,15.0,17.0,0.004748272546794,0.0047482725435619,0.003165674023424,0,0,15,2746,confirm,185.0
rgv_h2,rgv,holdout,nsga2_guarded,13508,1024,1024,1024,1.1929416650000348,1020,True,0.0475091644674479,0.0,0.0,1.0,True,5.0,5.0,0.0,0.0,0.0,0,0,15,6754,confirm,326.0
tour_h4,tour,holdout,no_uncertainty_linear,13501,1024,1024,1024,1.2717108760000428,1016,True,0.1325003827865692,0.0,0.0,1.0,True,24.0,24.0,0.0,0.0,2.220446049250313e-18,0,0,15,6277,confirm,53.0
rgv_h1,rgv,holdout,raw_linear,13502,1024,1024,1024,1.3115655500000685,1008,True,0.0723556570693051,0.0037746557623917,0.0010286743,0.8571428571428571,False,7.0,7.0,0.0037746557623917,0.0037746557480257,0.001028674296001,0,0,15,5488,confirm,177.0
job_h4,job,holdout,nsga2_guarded,13506,1024,1024,1024,1.5473887779999131,999,True,0.1038654922349419,0.003009943381888,0.0030996325236369,0.75,False,23.0,28.0,0.003009943381888,0.0030099433871659,0.0030996325221553,0,0,15,5506,confirm,71.0
rgv_h1,rgv,holdout,unguarded_linear,13501,1024,1024,1024,2.1133980430001884,991,True,0.0389328778847377,0.0025007094745765,0.0005400540142857,0.8571428571428571,False,6.0,7.0,0.0025007094745765,0.0025007094330669,0.0005400540054005,0,0,15,4973,confirm,204.0
tour_h3,tour,holdout,scalar_linear,13512,1024,1024,1024,2.4168823499999235,923,True,0.0951721625129125,0.0010533387467726,0.0006223778529411,0.8823529411764706,False,15.0,17.0,0.0010533387467726,0.0010533387495005,0.0006223778506356,0,0,15,3385,confirm,286.0
rgv_h1,rgv,holdout,fast_v10,13505,1024,1024,1024,0.5043581540001014,1012,True,0.0849332369179748,0.0,0.0,1.0,True,7.0,7.0,0.0,0.0,0.0,0,0,0,0,confirm,0.0
rgv_h4,rgv,holdout,unguarded_linear,13506,1024,1024,1024,2.375294810999776,970,True,0.0935702525711719,0.0094880006106022,0.0076678051749999,0.5833333333333334,False,7.0,12.0,0.0094880006106022,0.0094880006064248,0.0076678051656486,0,0,15,4279,confirm,156.0
rgv_h4,rgv,holdout,random_residual,13506,1024,1024,1024,1.451626479999959,999,True,0.0792170355395165,0.0003784420394762,0.0005351235666666,0.9166666666666666,False,12.0,12.0,0.0003784420394762,0.0003784420378461,0.0005351235648958,0,0,0,0,confirm,469.0
rgv_h4,rgv,holdout,guarded_linear,13507,1024,1024,1024,1.5925255009999546,997,True,0.1110985409736591,0.0,0.0,1.0,True,12.0,12.0,0.0,0.0,0.0,0,0,15,5227,confirm,248.0
job_h1,job,holdout,nsga2_guarded,13507,1024,1024,1024,2.1581695740001123,916,True,0.1206959712470807,0.002810071334563,0.0022092407647058,0.9411764705882352,False,16.0,17.0,0.002810071334563,0.0028100713361765,0.0022092407670061,0,0,15,3840,confirm,57.0
job_h4,job,holdout,unguarded_linear,13507,1024,1024,1024,1.4556997310000952,1001,True,0.1078337054623619,0.0017557522602659,0.0011911233357142,0.8214285714285714,False,23.0,28.0,0.0017557522602659,0.0017557522669861,0.0011911233378795,0,0,15,5336,confirm,79.0
job_h1,job,holdout,fast_v10,13501,1024,1024,1024,1.26812562300006,865,True,0.0608949902435596,0.004748272546794,0.0031656740235294,0.8823529411764706,False,15.0,17.0,0.004748272546794,0.0047482725435619,0.003165674023424,0,0,0,0,confirm,0.0
tour_h1,tour,holdout,nsga2_typed,13505,1024,1024,1024,0.6462475870000617,981,True,0.1577026076766202,0.0077639198541381,0.0043225111263157,0.7894736842105263,False,15.0,19.0,0.0077639198541381,0.0077639198662343,0.0043225111357913,0,0,0,0,confirm,0.0
tour_h2,tour,holdout,raw_linear,13512,1024,1024,1024,1.3715741460000572,987,True,0.1356403479747955,0.0001031751284101,4.3553725e-05,0.95,False,19.0,20.0,0.0001031751284101,0.0001031751313887,4.1479739292835765e-05,0,0,15,5171,confirm,21.0
tour_h2,tour,holdout,no_uncertainty_linear,13504,1024,1024,1024,1.4585105070000282,1004,True,0.1139724589747287,0.0,0.0,1.0,True,20.0,20.0,0.0,0.0,2.6433881538694198e-18,0,0,15,5854,confirm,32.0
rgv_h2,rgv,holdout,fast_v10,13508,1024,1024,1024,0.6963062400000126,1001,True,0.1281408435328031,0.0035162613478292,0.00111731844,0.8,False,4.0,5.0,0.0035162613478292,0.0035162613351353,0.0011173184357541,0,0,0,0,confirm,0.0
job_h1,job,holdout,unguarded_linear,13504,1024,1024,1024,2.6169743689999905,878,True,0.0793565096610787,0.0137341183546597,0.0077052480011501,0.7058823529411765,False,14.0,17.0,0.0137341183546597,0.0137341183560678,0.0077052480029633,0,0,15,2586,confirm,20.0
tour_h4,tour,holdout,scalar_linear,13506,1024,1024,1024,1.7540458099999796,990,True,0.1509902588990054,0.0018210294431337,0.001016272770217,0.875,False,22.0,24.0,0.0018210294431337,0.001821029433759,0.0009756218545892,0,0,15,4867,confirm,482.0
tour_h4,tour,holdout,no_uncertainty_linear,13509,1024,1024,1024,1.517027791999908,1010,True,0.1244445085067025,7.014737750662256e-07,2.6763737499999975e-05,0.9583333333333334,False,23.0,24.0,7.014737750662256e-07,7.014738385998307e-07,2.569318783265162e-05,0,0,15,5495,confirm,28.0
tour_h3,tour,holdout,no_uncertainty_linear,13510,1024,1024,1024,1.797138989999894,967,True,0.0690624561594824,0.0,0.0,1.0,True,17.0,17.0,0.0,0.0,0.0,0,0,15,4546,confirm,43.0
job_h2,job,holdout,unguarded_linear,13506,1024,1024,1024,1.400052446000018,996,True,0.1152855708836536,0.0002756471706314,0.0005235089827586,0.896551724137931,False,27.0,29.0,0.0002756471706314,0.0002756471703946,0.0005235089855063,0,0,15,5495,confirm,75.0
job_h4,job,holdout,raw_linear,13503,1024,1024,1024,1.5108007609999277,999,True,0.1299416799614275,0.004600646348425,0.0039598211615608,0.7857142857142857,False,26.0,28.0,0.004600646348425,0.0046006463434322,0.0039598211589607,0,0,15,5244,confirm,34.0
rgv_h3,rgv,holdout,random_residual,13506,1024,1024,1024,1.6666853470001115,995,True,0.0948048975865341,0.0,0.0,1.0,True,4.0,4.0,0.0,0.0,0.0,0,0,0,0,confirm,456.0
rgv_h1,rgv,holdout,no_uncertainty_linear,13509,1024,1024,1024,1.7040855889999875,1010,True,0.0992384632022729,0.0,0.0,1.0,True,7.0,7.0,0.0,0.0,0.0,0,0,15,5632,confirm,212.0
tour_h2,tour,holdout,guarded_linear,13509,1024,1024,1024,1.6879907000000005,1006,True,0.1090948515612045,0.0,0.0,1.0,True,20.0,20.0,0.0,0.0,2.6433881538694198e-18,0,0,15,5489,confirm,36.0
job_h3,job,holdout,guarded_linear,13511,1024,1024,1024,2.002346659000068,994,True,0.0784985867741751,0.0012237597822561,0.0006956818217391,0.9130434782608696,False,21.0,23.0,0.0012237597822561,0.0012237597845138,0.0006956818218961,0,0,15,4676,confirm,42.0
rgv_h4,rgv,holdout,no_uncertainty_linear,13512,1024,1024,1024,1.6808411609999894,1011,True,0.0419133731265794,0.0,0.0,1.0,True,12.0,12.0,0.0,0.0,0.0,0,0,15,5987,confirm,213.0
tour_h4,tour,holdout,random_residual,13503,1024,1024,1024,0.7164693849999821,1020,True,0.1345474804538217,0.0018441101197911,0.0013795011897512,0.875,False,25.0,24.0,0.0018441101197911,0.001844110118736,0.0013243211381441,0,0,0,0,confirm,635.0
tour_h1,tour,holdout,nsga2_guarded,13507,1024,1024,1024,1.548652397000069,988,True,0.1204775648485092,0.00020617925274,0.0001968325210526,0.9473684210526316,False,18.0,19.0,0.00020617925274,0.0002061792546505,0.0001968325225927,0,0,15,5292,confirm,41.0
tour_h1,tour,holdout,nsga2_guarded,13504,1024,1024,1024,1.6427055940000628,975,True,0.1159547531884519,0.00020617925274,0.0001968325210526,0.9473684210526316,False,18.0,19.0,0.00020617925274,0.0002061792546505,0.0001968325225927,0,0,15,5161,confirm,52.0
job_h1,job,holdout,fast_v10,13507,1024,1024,1024,1.3292821360000744,858,True,0.0971125186599689,0.0137341183546597,0.0077052480011501,0.7058823529411765,False,14.0,17.0,0.0137341183546597,0.0137341183560678,0.0077052480029633,0,0,0,0,confirm,0.0
rgv_h4,rgv,holdout,raw_linear,13504,1024,1024,1024,1.1910688890000074,1009,True,0.1131026495943506,0.0003784420394762,0.0005351235666666,0.9166666666666666,False,12.0,12.0,0.0003784420394762,0.0003784420378461,0.0005351235648958,0,0,15,4124,confirm,128.0
job_h2,job,holdout,no_uncertainty_linear,13506,1024,1024,1024,1.606640293000055,1002,True,0.1159864882329243,0.0056469106756805,0.0016782726965517,0.8620689655172413,False,25.0,29.0,0.0056469106756805,0.005646910679062,0.0016782726993574,0,0,15,5557,confirm,56.0
rgv_h2,rgv,holdout,raw_linear,13504,1024,1024,1024,2.272957830999985,958,True,0.1290005615649419,0.0,0.0,1.0,True,5.0,5.0,0.0,0.0,0.0,0,0,15,4142,confirm,117.0
rgv_h4,rgv,holdout,no_uncertainty_linear,13511,1024,1024,1024,2.108560895999972,1007,True,0.0928195038452914,0.0003784420394762,0.0005351235666666,0.9166666666666666,False,12.0,12.0,0.0003784420394762,0.0003784420378461,0.0005351235648958,0,0,15,5268,confirm,162.0
job_h1,job,holdout,random_residual,13505,1024,1024,1024,2.372024702999852,873,True,0.0618193238101488,0.004748272546794,0.0031656740235294,0.8823529411764706,False,15.0,17.0,0.004748272546794,0.0047482725435619,0.003165674023424,0,0,0,0,confirm,209.0
job_h3,job,holdout,guarded_linear,13506,1024,1024,1024,2.1681484949999685,973,True,0.0680186143629733,0.0012237597822561,0.0006956818217391,0.9130434782608696,False,21.0,23.0,0.0012237597822561,0.0012237597845138,0.0006956818218961,0,0,15,4765,confirm,25.0
tour_h4,tour,holdout,scalar_linear,13508,1024,1024,1024,1.3995890549999783,1005,True,0.156154141508482,0.0005316761174288,0.0005446624333333,0.9583333333333334,False,23.0,24.0,0.0005316761174288,0.000531676118617,0.0005228759373336,0,0,15,5972,confirm,588.0
tour_h3,tour,holdout,random_residual,13512,1024,1024,1024,1.6402228039999045,952,True,0.109080081623567,9.35798432435786e-06,6.120582352941341e-05,0.9411764705882352,False,16.0,17.0,9.35798432435786e-06,9.35798359623038e-06,6.120581935836102e-05,0,0,0,0,confirm,362.0
tour_h2,tour,holdout,raw_linear,13508,1024,1024,1024,1.443561483999929,995,True,0.1445952042612127,0.0001031751284101,4.3553725e-05,0.95,False,19.0,20.0,0.0001031751284101,0.0001031751313887,4.1479739292835765e-05,0,0,15,5207,confirm,36.0
rgv_h2,rgv,holdout,scalar_linear,13503,1024,1024,1024,2.0043889000000945,967,True,0.0624481734148156,0.0,0.0,1.0,True,5.0,5.0,0.0,0.0,0.0,0,0,15,4384,confirm,384.0
tour_h2,tour,holdout,raw_linear,13509,1024,1024,1024,1.4058827210001257,999,True,0.1427415602224305,0.0,0.0,1.0,True,20.0,20.0,0.0,0.0,2.6433881538694198e-18,0,0,15,5706,confirm,32.0
job_h2,job,holdout,random_residual,13509,1024,1024,1024,0.9736525679998068,1007,True,0.1317387867625426,0.0090713958634945,0.0052526825453568,0.7586206896551724,False,25.0,29.0,0.0090713958634945,0.0090713958598155,0.0052526825412435,0,0,0,0,confirm,561.0
tour_h4,tour,holdout,nsga2_guarded,13502,1024,1024,1024,1.2331476959998326,1011,True,0.1234028310892488,0.0,0.0,1.0,True,24.0,24.0,0.0,0.0,0.0,0,0,15,5951,confirm,93.0
job_h3,job,holdout,scalar_linear,13511,1024,1024,1024,1.627744641999925,965,True,0.0780448462171984,0.0,0.0,1.0,True,23.0,23.0,0.0,0.0,0.0,0,0,15,4858,confirm,496.0
rgv_h3,rgv,holdout,raw_linear,13507,1024,1024,1024,1.436699494999857,982,True,0.1165274440296464,0.0,0.0,1.0,True,4.0,4.0,0.0,0.0,0.0,0,0,15,4605,confirm,171.0
job_h3,job,holdout,raw_linear,13503,1024,1024,1024,1.3514847829999326,987,True,0.0954221375423966,0.0008997275458725,0.0004209182695652,0.9565217391304348,False,23.0,23.0,0.0008997275458725,0.000899727545002,0.0004209182681716,0,0,15,5049,confirm,43.0
tour_h3,tour,holdout,nsga2_typed,13502,1024,1024,1024,0.7350847800000793,988,True,0.1255870257085995,0.0035968100375773,0.0019918900352941,0.8823529411764706,False,17.0,17.0,0.0035968100375773,0.0035968100349853,0.0019918900338019,0,0,0,0,confirm,0.0
tour_h4,tour,holdout,no_uncertainty_linear,13512,1024,1024,1024,1.4349768429999583,1010,True,0.0911185641956666,0.000643430255333,0.000475284632717,0.9583333333333334,False,24.0,24.0,0.000643430255333,0.0006434302518714,0.0004562732451304,0,0,15,5736,confirm,57.0
tour_h2,tour,holdout,fast_v10,13502,1024,1024,1024,0.4614668640001582,1007,True,0.1128108847008835,0.0,0.0,1.0,True,20.0,20.0,0.0,0.0,2.6433881538694198e-18,0,0,0,0,confirm,0.0
job_h3,job,holdout,nsga2_guarded,13509,1024,1024,1024,1.6826459800001885,970,True,0.1005278143082374,0.0,0.0,1.0,True,23.0,23.0,0.0,0.0,0.0,0,0,15,4841,confirm,48.0
rgv_h1,rgv,holdout,nsga2_guarded,13506,1024,1024,1024,1.1079709860000548,1019,True,0.0674264734171839,0.0,0.0,1.0,True,7.0,7.0,0.0,0.0,0.0,0,0,15,6478,confirm,245.0
rgv_h3,rgv,holdout,random_residual,13510,1024,1024,1024,1.58730731799983,992,True,0.1291719113571663,0.0,0.0,1.0,True,4.0,4.0,0.0,0.0,0.0,0,0,0,0,confirm,443.0
tour_h3,tour,holdout,unguarded_linear,13510,1024,1024,1024,1.916056903000026,964,True,0.0688746027381423,0.0,0.0,1.0,True,17.0,17.0,0.0,0.0,0.0,0,0,15,4408,confirm,47.0
tour_h1,tour,holdout,guarded_linear,13508,1024,1024,1024,2.1211344430000736,971,True,0.0829526530205592,0.0004954870521802,0.0008728172842105,0.8947368421052632,False,17.0,19.0,0.0004954870521802,0.0004954870546022,0.0008728172871358,0,0,15,4223,confirm,36.0
job_h1,job,holdout,raw_linear,13505,1024,1024,1024,2.179242669999894,914,True,0.0721806419956155,0.0019882946425756,0.0009811525823529,0.9411764705882352,False,16.0,17.0,0.0019882946425756,0.0019882946393706,0.0009811525807565,0,0,15,3397,confirm,7.0
job_h2,job,holdout,unguarded_linear,13511,1024,1024,1024,1.3229612780000934,1005,True,0.1072716109101556,0.0042090034413857,0.0019043394586206,0.896551724137931,False,27.0,29.0,0.0042090034413857,0.0042090034465466,0.0019043394609236,0,0,15,5665,confirm,59.0
job_h3,job,holdout,no_uncertainty_linear,13508,1024,1024,1024,1.8296960780000973,972,True,0.0889180171255824,0.0005042639295641,0.0005972332956521,0.9130434782608696,False,21.0,23.0,0.0005042639295641,0.0005042639326892,0.0005972332954918,0,0,15,4628,confirm,19.0
tour_h4,tour,holdout,no_uncertainty_linear,13502,1024,1024,1024,1.464283714999965,1013,True,0.0853924986884332,0.0,0.0,1.0,True,24.0,24.0,0.0,0.0,2.220446049250313e-18,0,0,15,6237,confirm,66.0
job_h3,job,holdout,nsga2_guarded,13506,1024,1024,1024,1.5843488939999588,981,True,0.0868691663164367,0.0,0.0,1.0,True,23.0,23.0,0.0,0.0,0.0,0,0,15,5149,confirm,51.0
job_h4,job,holdout,no_uncertainty_linear,13504,1024,1024,1024,1.4162667240000246,1003,True,0.1113893820821083,0.0014355068927832,0.0015770300523409,0.8571428571428571,False,25.0,28.0,0.0014355068927832,0.0014355068936416,0.001577030053062,0,0,15,5578,confirm,54.0
tour_h1,tour,holdout,scalar_linear,13509,1024,1024,1024,1.8934064330001088,968,True,0.1367032515080897,0.0,0.0,1.0,True,19.0,19.0,0.0,0.0,0.0,0,0,15,4183,confirm,390.0
job_h3,job,holdout,nsga2_typed,13512,1024,1024,1024,0.65728227600016,996,True,0.1414899933654936,0.0028374272392736,0.0028584266815212,0.782608695652174,False,20.0,23.0,0.0028374272392736,0.0028374272307514,0.0028584266757058,0,0,0,0,confirm,0.0
rgv_h3,rgv,holdout,no_uncertainty_linear,13503,1024,1024,1024,1.86961957099993,999,True,0.0767250257210675,0.0,0.0,1.0,True,4.0,4.0,0.0,0.0,0.0,0,0,15,4910,confirm,140.0
tour_h4,tour,holdout,unguarded_linear,13506,1024,1024,1024,1.6983973829999286,990,True,0.131811533571523,0.0068418536496536,0.0036548829021458,0.8333333333333334,False,23.0,24.0,0.0068418536496536,0.006841853649845,0.0035086875863505,0,0,15,5400,confirm,55.0
rgv_h1,rgv,holdout,no_uncertainty_linear,13501,1024,1024,1024,1.783931000999928,1002,True,0.0400628030924921,0.0019816942477348,0.000540054,0.8571428571428571,False,7.0,7.0,0.0019816942477348,0.0019816942677134,0.0005400540054005,0,0,15,5450,confirm,205.0
rgv_h2,rgv,holdout,nsga2_guarded,13502,1024,1024,1024,1.1708958789999997,1023,True,0.1280401826981776,0.0004917271705655,0.00054054054,0.8,False,4.0,5.0,0.0004917271705655,0.0004917271710853,0.0005405405405405,0,0,15,6623,confirm,292.0
job_h1,job,holdout,raw_linear,13512,1024,1024,1024,2.5431838510000944,874,True,0.111699430145355,0.0137341183546597,0.0077052480011501,0.7058823529411765,False,14.0,17.0,0.0137341183546597,0.0137341183560678,0.0077052480029633,0,0,15,2698,confirm,19.0
job_h3,job,holdout,fast_v10,13508,1024,1024,1024,0.8996165060000294,982,True,0.085541737241949,0.0012744134486319,0.0013019882565217,0.9130434782608696,False,21.0,23.0,0.0012744134486319,0.0012744134522864,0.0013019882584882,0,0,0,0,confirm,0.0
job_h3,job,holdout,nsga2_typed,13501,1024,1024,1024,0.5432689149999987,1000,True,0.1356388831622366,0.0003879660118151,0.0007065833173913,0.9130434782608696,False,21.0,23.0,0.0003879660118151,0.0003879660096839,0.000706583314683,0,0,0,0,confirm,0.0
job_h2,job,holdout,nsga2_typed,13503,1024,1024,1024,0.5179172809998818,998,True,0.1642353735653482,0.0207026453496402,0.0098996733807413,0.7241379310344828,False,25.0,29.0,0.0207026453496402,0.0207026453467539,0.0098996733763165,0,0,0,0,confirm,0.0
tour_h4,tour,holdout,no_uncertainty_linear,13504,1024,1024,1024,1.6500549119998595,995,True,0.1091686066556872,0.0,0.0,1.0,True,24.0,24.0,0.0,0.0,2.220446049250313e-18,0,0,15,5695,confirm,51.0
job_h1,job,holdout,no_uncertainty_linear,13506,1024,1024,1024,2.5543308730000263,872,True,0.0957186264471051,0.004748272546794,0.0031656740235294,0.8823529411764706,False,15.0,17.0,0.004748272546794,0.0047482725435619,0.003165674023424,0,0,15,2889,confirm,19.0
job_h4,job,holdout,scalar_linear,13505,1024,1024,1024,1.6230898000001162,1001,True,0.0991077468990669,0.0023432023613388,0.0022245841059123,0.8571428571428571,False,25.0,28.0,0.0023432023613388,0.0023432023585985,0.0022245841045557,0,0,15,5228,confirm,523.0
tour_h1,tour,holdout,no_uncertainty_linear,13511,1024,1024,1024,1.927560516000085,983,True,0.1042672179749607,0.0004954870521802,0.0008728172842105,0.8947368421052632,False,17.0,19.0,0.0004954870521802,0.0004954870546022,0.0008728172871358,0,0,15,4483,confirm,22.0
tour_h2,tour,holdout,nsga2_guarded,13506,1024,1024,1024,1.5028557660000388,1000,True,0.1185623861874502,0.0,0.0,1.0,True,20.0,20.0,0.0,0.0,0.0,0,0,15,5685,confirm,57.0
job_h1,job,holdout,fast_v10,13504,1024,1024,1024,1.3395947559999968,875,True,0.0797995116767027,0.004748272546794,0.0031656740235294,0.8823529411764706,False,15.0,17.0,0.004748272546794,0.0047482725435619,0.003165674023424,0,0,0,0,confirm,0.0
tour_h2,tour,holdout,guarded_linear,13501,1024,1024,1024,1.697585441000001,1004,True,0.0931925389337189,0.0,0.0,1.0,True,20.0,20.0,0.0,0.0,2.6433881538694198e-18,0,0,15,5549,confirm,22.0
tour_h3,tour,holdout,raw_linear,13506,1024,1024,1024,2.2074931329998435,946,True,0.064040804477067,9.35798432435786e-06,6.120582352941341e-05,0.9411764705882352,False,16.0,17.0,9.35798432435786e-06,9.35798359623038e-06,6.120581935836102e-05,0,0,15,4028,confirm,28.0
rgv_h3,rgv,holdout,nsga2_guarded,13512,1024,1024,1024,1.0847258939998028,1021,True,0.0989243620574367,0.0,0.0,1.0,True,4.0,4.0,0.0,0.0,0.0,0,0,15,6380,confirm,316.0
job_h3,job,holdout,nsga2_guarded,13504,1024,1024,1024,1.8267346780000933,977,True,0.1229413320883735,0.0002005098404858,0.0006134102032604,0.9130434782608696,False,22.0,23.0,0.0002005098404858,0.0002005098385229,0.0006134102000089,0,0,15,5270,confirm,59.0
rgv_h3,rgv,holdout,random_residual,13507,1024,1024,1024,1.509970654999961,992,True,0.0960064080596866,0.0,0.0,1.0,True,4.0,4.0,0.0,0.0,0.0,0,0,0,0,confirm,450.0
tour_h4,tour,holdout,fast_v10,13503,1024,1024,1024,0.6386170709999988,991,True,0.1233454178108562,0.0076543699663595,0.0040783981876636,0.8333333333333334,False,22.0,24.0,0.0076543699663595,0.0076543699660794,0.0039152622602449,0,0,0,0,confirm,0.0
rgv_h4,rgv,holdout,nsga2_guarded,13501,1024,1024,1024,1.505621200000178,1020,True,0.0673995235097702,0.0,0.0,1.0,True,12.0,12.0,0.0,0.0,0.0,0,0,15,6248,confirm,265.0
tour_h1,tour,holdout,no_uncertainty_linear,13503,1024,1024,1024,1.9751929059998476,978,True,0.1302589768092969,0.00020617925274,0.0001968325210526,0.9473684210526316,False,18.0,19.0,0.00020617925274,0.0002061792546505,0.0001968325225927,0,0,15,4715,confirm,36.0
tour_h2,tour,holdout,raw_linear,13506,1024,1024,1024,1.3636216760000934,998,True,0.1252828891776805,0.0,0.0,1.0,True,20.0,20.0,0.0,0.0,2.6433881538694198e-18,0,0,15,5381,confirm,24.0
tour_h1,tour,holdout,no_uncertainty_linear,13506,1024,1024,1024,2.121795924000025,972,True,0.1247721143832517,0.0004954870521802,0.0008728172842105,0.8947368421052632,False,17.0,19.0,0.0004954870521802,0.0004954870546022,0.0008728172871358,0,0,15,4258,confirm,31.0
tour_h3,tour,holdout,scalar_linear,13502,1024,1024,1024,2.2612372030000643,929,True,0.0940673528860291,0.0039482141928044,0.0020925543470588,0.8823529411764706,False,15.0,17.0,0.0039482141928044,0.0039482141897238,0.0020925543454412,0,0,15,3527,confirm,300.0
tour_h3,tour,holdout,raw_linear,13502,1024,1024,1024,2.008379902000115,939,True,0.0716962186267761,0.0010439807624482,0.0005611720294117,0.9411764705882352,False,16.0,17.0,0.0010439807624482,0.0010439807659043,0.0005611720312772,0,0,15,3749,confirm,37.0
tour_h4,tour,holdout,guarded_linear,13501,1024,1024,1024,1.4417720740000275,1006,True,0.1427170143072718,0.0068418536496536,0.0036548829021458,0.8333333333333334,False,23.0,24.0,0.0068418536496536,0.006841853649845,0.0035086875863505,0,0,15,5669,confirm,74.0
rgv_h3,rgv,holdout,guarded_linear,13504,1024,1024,1024,1.9700228439999137,981,True,0.1375443414683066,0.0,0.0,1.0,True,4.0,4.0,0.0,0.0,0.0,0,0,15,4615,confirm,164.0
tour_h4,tour,holdout,guarded_linear,13510,1024,1024,1024,1.4739143799999963,999,True,0.1131271199477686,0.0002157859210086,7.302339166666666e-05,0.9583333333333334,False,24.0,24.0,0.0002157859210086,0.0002157859228499,7.010245441361259e-05,0,0,15,5698,confirm,57.0
job_h2,job,holdout,scalar_linear,13508,1024,1024,1024,1.4158580690000235,1002,True,0.137349101684202,0.0,0.0,1.0,True,29.0,29.0,0.0,0.0,0.0,0,0,15,5583,confirm,542.0
job_h3,job,holdout,fast_v10,13509,1024,1024,1024,0.7123588910001217,981,True,0.0934229303302005,0.0012237597822561,0.0006956818217391,0.9130434782608696,False,21.0,23.0,0.0012237597822561,0.0012237597845138,0.0006956818218961,0,0,0,0,confirm,0.0
rgv_h4,rgv,holdout,scalar_linear,13501,1024,1024,1024,1.5765869609999754,1010,True,0.0413999247615694,0.0,0.0,1.0,True,12.0,12.0,0.0,0.0,0.0,0,0,15,5487,confirm,573.0
tour_h3,tour,holdout,no_uncertainty_linear,13504,1024,1024,1024,1.827187474999846,967,True,0.1023741495082641,0.0,0.0,1.0,True,17.0,17.0,0.0,0.0,0.0,0,0,15,4382,confirm,37.0
tour_h2,tour,holdout,scalar_linear,13504,1024,1024,1024,1.5160536169998975,1005,True,0.1398502310376208,0.0,0.0,1.0,True,20.0,20.0,0.0,0.0,2.6433881538694198e-18,0,0,15,5480,confirm,539.0
job_h2,job,holdout,scalar_linear,13505,1024,1024,1024,1.4801939629999197,986,True,0.1044415062964782,0.0056138839520468,0.0015907585241379,0.9310344827586208,False,27.0,29.0,0.0056138839520468,0.0056138839582244,0.0015907585281344,0,0,15,5063,confirm,523.0
rgv_h3,rgv,holdout,no_uncertainty_linear,13502,1024,1024,1024,1.7727687230001266,974,True,0.1254148071705129,0.0,0.0,1.0,True,4.0,4.0,0.0,0.0,0.0,0,0,15,4812,confirm,154.0
tour_h1,tour,holdout,raw_linear,13509,1024,1024,1024,1.6713813129999835,969,True,0.1181318291499017,0.00020617925274,0.0001968325210526,0.9473684210526316,False,18.0,19.0,0.00020617925274,0.0002061792546505,0.0001968325225927,0,0,15,4422,confirm,41.0
rgv_h1,rgv,holdout,scalar_linear,13501,1024,1024,1024,1.4331932420000155,1009,True,0.0477217593414857,0.0019816942477348,0.000540054,0.8571428571428571,False,7.0,7.0,0.0019816942477348,0.0019816942677134,0.0005400540054005,0,0,15,5484,confirm,528.0
rgv_h1,rgv,holdout,nsga2_guarded,13503,1024,1024,1024,1.000943323000001,1019,True,0.073263371887737,0.0,0.0,1.0,True,7.0,7.0,0.0,0.0,0.0,0,0,15,6663,confirm,292.0
tour_h4,tour,holdout,unguarded_linear,13509,1024,1024,1024,1.506430261999867,998,True,0.1163817643617199,7.014737750662256e-07,2.6763737499999975e-05,0.9583333333333334,False,23.0,24.0,7.014737750662256e-07,7.014738385998307e-07,2.569318783265162e-05,0,0,15,5645,confirm,51.0
tour_h3,tour,holdout,unguarded_linear,13505,1024,1024,1024,1.777786704999926,939,True,0.0859305091957846,0.0,0.0,1.0,True,17.0,17.0,0.0,0.0,0.0,0,0,15,4030,confirm,29.0
rgv_g3,rgv,original,nsga2_guarded,13801,1024,1024,1024,1.1660420210000666,1022,True,0.1106506084733891,0.0,0.0,1.0,True,8.0,8.0,0.0,0.0,0.0,0,0,15,6721,original,336.0
rgv_g3,rgv,original,nsga2_guarded,13808,1024,1024,1024,1.2447992820000309,1021,True,0.1154205749122365,0.0,0.0,1.0,True,8.0,8.0,0.0,0.0,0.0,0,0,15,6456,original,308.0
rgv_g3,rgv,original,nsga2_guarded,13807,1024,1024,1024,1.2672306059998846,1022,True,0.1011880259803675,0.0,0.0,1.0,True,8.0,8.0,0.0,0.0,0.0,0,0,15,6027,original,266.0
rgv_g1,rgv,original,fast_v10,13807,1024,1024,1024,0.6915967330000967,985,True,0.1451248484842517,0.0,0.0,1.0,True,4.0,4.0,0.0,0.0,0.0,0,0,0,0,original,0.0
rgv_g1,rgv,original,guarded_linear,13803,1024,1024,1024,2.031996486000025,976,True,0.1088392570551155,0.0,0.0,1.0,True,4.0,4.0,0.0,0.0,0.0,0,0,15,4138,original,218.0
rgv_g3,rgv,original,fast_v10,13802,1024,1024,1024,0.7333984280001005,1006,True,0.1209569147070402,0.0,0.0,1.0,True,8.0,8.0,0.0,0.0,0.0,0,0,0,0,original,0.0
rgv_g3,rgv,original,guarded_linear,13801,1024,1024,1024,1.725422614999843,1005,True,0.0905631208890308,0.0,0.0,1.0,True,8.0,8.0,0.0,0.0,0.0,0,0,15,5228,original,209.0
rgv_g3,rgv,original,no_uncertainty_linear,13802,1024,1024,1024,1.799104214999943,1000,True,0.0943724078871468,0.0,0.0,1.0,True,8.0,8.0,0.0,0.0,0.0,0,0,15,4908,original,212.0
rgv_g2,rgv,original,nsga2_typed,13807,1024,1024,1024,0.4790472669999417,1012,True,0.1076296599986172,0.0,0.0,1.0,True,5.0,5.0,0.0,0.0,0.0,0,0,0,0,original,0.0
rgv_g2,rgv,original,fast_v10,13804,1024,1024,1024,0.6883153649998803,1001,True,0.0649475949363142,0.0,0.0,1.0,True,5.0,5.0,0.0,0.0,0.0,0,0,0,0,original,0.0
rgv_g1,rgv,original,nsga2_guarded,13808,1024,1024,1024,1.0455982720000063,1022,True,0.1005582458909865,0.0,0.0,1.0,True,4.0,4.0,0.0,0.0,0.0,0,0,15,6590,original,382.0
rgv_g2,rgv,original,no_uncertainty_linear,13803,1024,1024,1024,2.099742441999979,975,True,0.0711299523479667,0.0,0.0,1.0,True,5.0,5.0,0.0,0.0,0.0,0,0,15,4116,original,164.0
rgv_g3,rgv,original,nsga2_guarded,13802,1024,1024,1024,1.142005215999916,1019,True,0.1104220708726265,0.0,0.0,1.0,True,8.0,8.0,0.0,0.0,0.0,0,0,15,6302,original,312.0
rgv_g2,rgv,original,nsga2_typed,13803,1024,1024,1024,0.4799906959999589,1017,True,0.1127115090548005,0.0,0.0,1.0,True,5.0,5.0,0.0,0.0,0.0,0,0,0,0,original,0.0
rgv_g2,rgv,original,nsga2_guarded,13808,1024,1024,1024,1.165225534000001,1019,True,0.1149729027609553,0.0,0.0,1.0,True,5.0,5.0,0.0,0.0,0.0,0,0,15,6321,original,353.0
rgv_g2,rgv,original,no_uncertainty_linear,13805,1024,1024,1024,1.855225044000008,982,True,0.1221706071417991,0.0,0.0,1.0,True,5.0,5.0,0.0,0.0,0.0,0,0,15,4894,original,236.0
rgv_g2,rgv,original,no_uncertainty_linear,13808,1024,1024,1024,1.956587104999926,985,True,0.0737527618542429,0.0,0.0,1.0,True,5.0,5.0,0.0,0.0,0.0,0,0,15,4702,original,208.0
rgv_g3,rgv,original,no_uncertainty_linear,13808,1024,1024,1024,1.8389455599999565,990,True,0.0861913255197559,0.0,0.0,1.0,True,8.0,8.0,0.0,0.0,0.0,0,0,15,4595,original,210.0
rgv_g1,rgv,original,no_uncertainty_linear,13806,1024,1024,1024,2.038043805999905,976,True,0.0800299772998661,0.0,0.0,1.0,True,4.0,4.0,0.0,0.0,0.0,0,0,15,4388,original,192.0
rgv_g2,rgv,original,nsga2_guarded,13803,1024,1024,1024,1.197252373999845,1022,True,0.1103410160094541,0.0,0.0,1.0,True,5.0,5.0,0.0,0.0,0.0,0,0,15,6357,original,324.0
rgv_g2,rgv,original,fast_v10,13802,1024,1024,1024,0.8046244150000348,981,True,0.0903266759109402,0.0,0.0,1.0,True,5.0,5.0,0.0,0.0,0.0,0,0,0,0,original,0.0
rgv_g1,rgv,original,nsga2_typed,13808,1024,1024,1024,0.5146113130001595,1004,True,0.1464866295250046,0.0,0.0,1.0,True,4.0,4.0,0.0,0.0,0.0,0,0,0,0,original,0.0
rgv_g3,rgv,original,no_uncertainty_linear,13806,1024,1024,1024,1.8780854739998176,1006,True,0.0966354880349711,0.0,0.0,1.0,True,8.0,8.0,0.0,0.0,0.0,0,0,15,5211,original,204.0
rgv_g3,rgv,original,no_uncertainty_linear,13805,1024,1024,1024,1.6954382269998405,999,True,0.0789846410243748,0.0,0.0,1.0,True,8.0,8.0,0.0,0.0,0.0,0,0,15,5095,original,210.0
rgv_g1,rgv,original,fast_v10,13805,1024,1024,1024,0.6306367390000105,996,True,0.1704915736274825,0.0,0.0,1.0,True,4.0,4.0,0.0,0.0,0.0,0,0,0,0,original,0.0
rgv_g1,rgv,original,fast_v10,13803,1024,1024,1024,0.7614701420000074,985,True,0.0963278303410772,0.0,0.0,1.0,True,4.0,4.0,0.0,0.0,0.0,0,0,0,0,original,0.0
rgv_g2,rgv,original,nsga2_typed,13804,1024,1024,1024,0.355612955999959,1023,True,0.1101937004159752,0.0,0.0,1.0,True,5.0,5.0,0.0,0.0,0.0,0,0,0,0,original,0.0
rgv_g1,rgv,original,guarded_linear,13807,1024,1024,1024,1.9794489610001165,977,True,0.1005457931994561,0.0,0.0,1.0,True,4.0,4.0,0.0,0.0,0.0,0,0,15,4296,original,190.0
rgv_g3,rgv,original,no_uncertainty_linear,13803,1024,1024,1024,1.8560018349999157,989,True,0.1071942810315324,0.000681272449513,0.0004541784375,0.875,False,8.0,8.0,0.000681272449513,0.000681272455736,0.0004541784416633,0,0,15,4530,original,163.0
rgv_g2,rgv,original,nsga2_guarded,13801,1024,1024,1024,1.1078283049998845,1022,True,0.1152568826908211,0.0,0.0,1.0,True,5.0,5.0,0.0,0.0,0.0,0,0,15,6749,original,331.0
rgv_g1,rgv,original,no_uncertainty_linear,13802,1024,1024,1024,2.106471941000109,966,True,0.0376615481639771,0.0,0.0,1.0,True,4.0,4.0,0.0,0.0,0.0,0,0,15,4034,original,161.0
rgv_g3,rgv,original,nsga2_typed,13807,1024,1024,1024,0.4761231620000217,1018,True,0.1006547888369336,0.0,0.0,1.0,True,8.0,8.0,0.0,0.0,0.0,0,0,0,0,original,0.0
rgv_g2,rgv,original,nsga2_guarded,13806,1024,1024,1024,1.5263378849999754,1019,True,0.0756928419781928,0.0,0.0,1.0,True,5.0,5.0,0.0,0.0,0.0,0,0,15,6295,original,323.0
rgv_g3,rgv,original,fast_v10,13803,1024,1024,1024,0.7110899810002138,1004,True,0.1233650332840545,0.0,0.0,1.0,True,8.0,8.0,0.0,0.0,0.0,0,0,0,0,original,0.0
rgv_g1,rgv,original,guarded_linear,13808,1024,1024,1024,2.092033524000044,969,True,0.1055093509491965,0.0,0.0,1.0,True,4.0,4.0,0.0,0.0,0.0,0,0,15,3975,original,206.0
rgv_g3,rgv,original,nsga2_typed,13808,1024,1024,1024,0.3814348289999998,1019,True,0.1560183161721946,0.0,0.0,1.0,True,8.0,8.0,0.0,0.0,0.0,0,0,0,0,original,0.0
rgv_g2,rgv,original,no_uncertainty_linear,13802,1024,1024,1024,2.344124566000118,967,True,0.088746983944397,0.0,0.0,1.0,True,5.0,5.0,0.0,0.0,0.0,0,0,15,4298,original,175.0
rgv_g3,rgv,original,guarded_linear,13803,1024,1024,1024,2.2750121960000342,985,True,0.1083299159683627,0.0,0.0,1.0,True,8.0,8.0,0.0,0.0,0.0,0,0,15,4740,original,233.0
rgv_g2,rgv,original,nsga2_typed,13801,1024,1024,1024,0.5953389730000254,1019,True,0.1377952335161723,0.0,0.0,1.0,True,5.0,5.0,0.0,0.0,0.0,0,0,0,0,original,0.0
rgv_g2,rgv,original,fast_v10,13807,1024,1024,1024,0.9781327529999544,989,True,0.1277339732055388,0.0,0.0,1.0,True,5.0,5.0,0.0,0.0,0.0,0,0,0,0,original,0.0
rgv_g1,rgv,original,no_uncertainty_linear,13805,1024,1024,1024,1.9752570020000348,985,True,0.1127508890139404,0.0,0.0,1.0,True,4.0,4.0,0.0,0.0,0.0,0,0,15,5018,original,261.0
rgv_g1,rgv,original,nsga2_guarded,13806,1024,1024,1024,1.460765064000043,1021,True,0.1076079551361314,0.0,0.0,1.0,True,4.0,4.0,0.0,0.0,0.0,0,0,15,6431,original,383.0
rgv_g2,rgv,original,fast_v10,13801,1024,1024,1024,0.750248769000109,992,True,0.1315395266333915,0.0018062327013312,0.0006176016399999,0.8,False,5.0,5.0,0.0018062327013312,0.0018062327215525,0.0006176016469377,0,0,0,0,original,0.0
rgv_g1,rgv,original,nsga2_guarded,13802,1024,1024,1024,1.1147151800000756,1019,True,0.1229907053280665,0.0007466391306652,0.000975039,0.75,False,4.0,4.0,0.0007466391306652,0.0007466391318685,0.00097503900156,0,0,15,6537,original,379.0
rgv_g2,rgv,original,guarded_linear,13805,1024,1024,1024,1.8956566119998115,979,True,0.1366146657522892,0.0,0.0,1.0,True,5.0,5.0,0.0,0.0,0.0,0,0,15,4950,original,285.0
rgv_g1,rgv,original,no_uncertainty_linear,13807,1024,1024,1024,2.000132873999973,974,True,0.1008648117371318,0.0,0.0,1.0,True,4.0,4.0,0.0,0.0,0.0,0,0,15,4393,original,185.0
rgv_g1,rgv,original,nsga2_guarded,13801,1024,1024,1024,1.2692894290000822,1020,True,0.1078715500788109,0.0,0.0,1.0,True,4.0,4.0,0.0,0.0,0.0,0,0,15,6624,original,370.0
rgv_g3,rgv,original,no_uncertainty_linear,13807,1024,1024,1024,1.811012842000082,983,True,0.0846656317572612,0.0,0.0,1.0,True,8.0,8.0,0.0,0.0,0.0,0,0,15,4584,original,166.0
rgv_g3,rgv,original,nsga2_guarded,13803,1024,1024,1024,1.417310868999948,1021,True,0.1194428467393329,0.0,0.0,1.0,True,8.0,8.0,0.0,0.0,0.0,0,0,15,6333,original,311.0
rgv_g3,rgv,original,guarded_linear,13808,1024,1024,1024,2.030626493,996,True,0.0853470333775991,0.0,0.0,1.0,True,8.0,8.0,0.0,0.0,0.0,0,0,15,4972,original,254.0
rgv_g3,rgv,original,fast_v10,13806,1024,1024,1024,0.919625250999843,993,True,0.1101301597171466,0.0,0.0,1.0,True,8.0,8.0,0.0,0.0,0.0,0,0,0,0,original,0.0
rgv_g1,rgv,original,nsga2_guarded,13807,1024,1024,1024,1.3104738639999596,1020,True,0.0969335217560487,0.0,0.0,1.0,True,4.0,4.0,0.0,0.0,0.0,0,0,15,6366,original,369.0
rgv_g2,rgv,original,nsga2_guarded,13804,1024,1024,1024,1.1996694450001542,1023,True,0.0859682992163672,0.0007396607624355,0.00078915766,0.8,False,5.0,5.0,0.0007396607624355,0.0007396607624136,0.0007891576599759,0,0,15,6535,original,340.0
rgv_g1,rgv,original,nsga2_typed,13805,1024,1024,1024,0.3604222810001829,1013,True,0.1485734336626245,0.0007466391306652,0.000975039,0.75,False,4.0,4.0,0.0007466391306652,0.0007466391318685,0.00097503900156,0,0,0,0,original,0.0
rgv_g3,rgv,original,guarded_linear,13802,1024,1024,1024,1.8075536239998653,1000,True,0.0935818528262943,0.0,0.0,1.0,True,8.0,8.0,0.0,0.0,0.0,0,0,15,4865,original,216.0
rgv_g3,rgv,original,nsga2_typed,13802,1024,1024,1024,0.3969931579999866,1018,True,0.1384133523580463,0.0,0.0,1.0,True,8.0,8.0,0.0,0.0,0.0,0,0,0,0,original,0.0
rgv_g3,rgv,original,guarded_linear,13805,1024,1024,1024,1.6468399500001851,996,True,0.0773008620676131,0.0,0.0,1.0,True,8.0,8.0,0.0,0.0,0.0,0,0,15,5201,original,258.0
rgv_g2,rgv,original,guarded_linear,13804,1024,1024,1024,1.7362401120001325,991,True,0.0655646639958791,0.0,0.0,1.0,True,5.0,5.0,0.0,0.0,0.0,0,0,15,5145,original,266.0
rgv_g1,rgv,original,fast_v10,13806,1024,1024,1024,0.6974195530001452,1008,True,0.0923738540142416,0.0,0.0,1.0,True,4.0,4.0,0.0,0.0,0.0,0,0,0,0,original,0.0
rgv_g1,rgv,original,fast_v10,13802,1024,1024,1024,0.7028399789999185,982,True,0.0392879683682397,0.0,0.0,1.0,True,4.0,4.0,0.0,0.0,0.0,0,0,0,0,original,0.0
rgv_g1,rgv,original,nsga2_typed,13804,1024,1024,1024,0.3655264900000929,1019,True,0.1132659655717667,0.0,0.0,1.0,True,4.0,4.0,0.0,0.0,0.0,0,0,0,0,original,0.0
rgv_g1,rgv,original,nsga2_guarded,13803,1024,1024,1024,1.1522354589999395,1021,True,0.11006270097817,0.0,0.0,1.0,True,4.0,4.0,0.0,0.0,0.0,0,0,15,6285,original,361.0
rgv_g1,rgv,original,guarded_linear,13802,1024,1024,1024,1.932767072999923,981,True,0.038884887662674,0.0,0.0,1.0,True,4.0,4.0,0.0,0.0,0.0,0,0,15,4475,original,241.0
rgv_g1,rgv,original,guarded_linear,13804,1024,1024,1024,1.995219281000118,979,True,0.1080950979986193,0.0,0.0,1.0,True,4.0,4.0,0.0,0.0,0.0,0,0,15,4414,original,252.0
rgv_g3,rgv,original,nsga2_typed,13804,1024,1024,1024,0.3315284049999718,1023,True,0.0973258802825752,0.0,0.0,1.0,True,8.0,8.0,0.0,0.0,0.0,0,0,0,0,original,0.0
rgv_g2,rgv,original,nsga2_typed,13802,1024,1024,1024,0.3918977750001886,1021,True,0.1041787641257329,0.0,0.0,1.0,True,5.0,5.0,0.0,0.0,0.0,0,0,0,0,original,0.0
rgv_g1,rgv,original,nsga2_typed,13803,1024,1024,1024,0.5211840219999431,1016,True,0.1288563389004487,0.0,0.0,1.0,True,4.0,4.0,0.0,0.0,0.0,0,0,0,0,original,0.0
rgv_g2,rgv,original,guarded_linear,13803,1024,1024,1024,2.012324607999972,966,True,0.0705078055104218,0.0,0.0,1.0,True,5.0,5.0,0.0,0.0,0.0,0,0,15,4335,original,206.0
rgv_g2,rgv,original,fast_v10,13808,1024,1024,1024,0.8887384170000132,979,True,0.0958087494177268,0.0,0.0,1.0,True,5.0,5.0,0.0,0.0,0.0,0,0,0,0,original,0.0
rgv_g3,rgv,original,guarded_linear,13807,1024,1024,1024,1.8891716509999696,992,True,0.0846656317572612,0.0,0.0,1.0,True,8.0,8.0,0.0,0.0,0.0,0,0,15,4570,original,196.0
rgv_g2,rgv,original,fast_v10,13806,1024,1024,1024,0.9576277720000236,974,True,0.1189868620490108,0.0,0.0,1.0,True,5.0,5.0,0.0,0.0,0.0,0,0,0,0,original,0.0
rgv_g1,rgv,original,nsga2_typed,13801,1024,1024,1024,0.7000130559999889,1008,True,0.1590382076633061,0.0,0.0,1.0,True,4.0,4.0,0.0,0.0,0.0,0,0,0,0,original,0.0
rgv_g2,rgv,original,no_uncertainty_linear,13801,1024,1024,1024,1.9920157149999795,978,True,0.1106487646972525,0.0,0.0,1.0,True,5.0,5.0,0.0,0.0,0.0,0,0,15,4889,original,233.0
rgv_g3,rgv,original,fast_v10,13805,1024,1024,1024,0.735652127000094,1014,True,0.0840765131934124,0.000681272449513,0.0004541784375,0.875,False,8.0,8.0,0.000681272449513,0.000681272455736,0.0004541784416633,0,0,0,0,original,0.0
rgv_g2,rgv,original,fast_v10,13803,1024,1024,1024,1.311266612999816,979,True,0.0787079086184646,0.0018062327013312,0.0006176016399999,0.8,False,5.0,5.0,0.0018062327013312,0.0018062327215525,0.0006176016469377,0,0,0,0,original,0.0
rgv_g1,rgv,original,fast_v10,13804,1024,1024,1024,0.7988820110001598,1006,True,0.1135345990273735,0.0,0.0,1.0,True,4.0,4.0,0.0,0.0,0.0,0,0,0,0,original,0.0
rgv_g3,rgv,original,nsga2_guarded,13806,1024,1024,1024,1.7685512840000683,1022,True,0.0714440374365461,0.000681272449513,0.0004541784375,0.875,False,8.0,8.0,0.000681272449513,0.000681272455736,0.0004541784416633,0,0,15,6249,original,355.0
rgv_g3,rgv,original,no_uncertainty_linear,13801,1024,1024,1024,2.3540565060000063,997,True,0.0910659242488385,0.0,0.0,1.0,True,8.0,8.0,0.0,0.0,0.0,0,0,15,5156,original,209.0
rgv_g1,rgv,original,no_uncertainty_linear,13801,1024,1024,1024,2.8067014640000707,973,True,0.0842314932156809,0.0,0.0,1.0,True,4.0,4.0,0.0,0.0,0.0,0,0,15,4264,original,191.0
rgv_g2,rgv,original,no_uncertainty_linear,13804,1024,1024,1024,2.281570770000144,983,True,0.065189610773318,0.0,0.0,1.0,True,5.0,5.0,0.0,0.0,0.0,0,0,15,5045,original,228.0
rgv_g3,rgv,original,fast_v10,13807,1024,1024,1024,0.8742825580000044,992,True,0.1375453435727894,0.0,0.0,1.0,True,8.0,8.0,0.0,0.0,0.0,0,0,0,0,original,0.0
rgv_g1,rgv,original,guarded_linear,13806,1024,1024,1024,2.402446404000102,965,True,0.0791256563386957,0.0,0.0,1.0,True,4.0,4.0,0.0,0.0,0.0,0,0,15,4045,original,196.0
rgv_g3,rgv,original,guarded_linear,13806,1024,1024,1024,2.005432429000166,978,True,0.0977346696004602,0.0,0.0,1.0,True,8.0,8.0,0.0,0.0,0.0,0,0,15,4618,original,193.0
rgv_g3,rgv,original,nsga2_typed,13801,1024,1024,1024,0.4094702050001615,1018,True,0.1432347565253896,0.0,0.0,1.0,True,8.0,8.0,0.0,0.0,0.0,0,0,0,0,original,0.0
rgv_g1,rgv,original,fast_v10,13808,1024,1024,1024,0.8389614479999636,996,True,0.1065904113128088,0.0,0.0,1.0,True,4.0,4.0,0.0,0.0,0.0,0,0,0,0,original,0.0
rgv_g3,rgv,original,nsga2_typed,13806,1024,1024,1024,0.4059379529999205,1018,True,0.0806591451763919,0.0,0.0,1.0,True,8.0,8.0,0.0,0.0,0.0,0,0,0,0,original,0.0
rgv_g1,rgv,original,nsga2_typed,13807,1024,1024,1024,0.5305871880000268,1010,True,0.1451986770184359,0.0,0.0,1.0,True,4.0,4.0,0.0,0.0,0.0,0,0,0,0,original,0.0
rgv_g1,rgv,original,no_uncertainty_linear,13803,1024,1024,1024,1.9829505939999308,989,True,0.1088392570551155,0.0,0.0,1.0,True,4.0,4.0,0.0,0.0,0.0,0,0,15,4219,original,162.0
rgv_g2,rgv,original,guarded_linear,13808,1024,1024,1024,2.1085982209999656,965,True,0.0742822515944489,0.0,0.0,1.0,True,5.0,5.0,0.0,0.0,0.0,0,0,15,4255,original,198.0
rgv_g2,rgv,original,nsga2_typed,13806,1024,1024,1024,0.4367178400000284,1018,True,0.0889235329275116,0.0,0.0,1.0,True,5.0,5.0,0.0,0.0,0.0,0,0,0,0,original,0.0
rgv_g2,rgv,original,nsga2_guarded,13802,1024,1024,1024,1.3639113010001438,1023,True,0.0999952196346103,0.0007396607624355,0.00078915766,0.8,False,5.0,5.0,0.0007396607624355,0.0007396607624136,0.0007891576599759,0,0,15,6329,original,345.0
rgv_g3,rgv,original,nsga2_guarded,13805,1024,1024,1024,1.1404783129999032,1022,True,0.1585178394196286,0.0035130613522368,0.0021148490875,0.5,False,8.0,8.0,0.0035130613522368,0.0035130613777394,0.0021148491032171,0,0,15,6487,original,367.0
rgv_g1,rgv,original,nsga2_guarded,13804,1024,1024,1024,1.0276395900000352,1022,True,0.0848026721356523,0.0,0.0,1.0,True,4.0,4.0,0.0,0.0,0.0,0,0,15,6493,original,350.0
rgv_g2,rgv,original,no_uncertainty_linear,13806,1024,1024,1024,1.9552127209999528,971,True,0.0979131072372843,0.0,0.0,1.0,True,5.0,5.0,0.0,0.0,0.0,0,0,15,4424,original,204.0
rgv_g3,rgv,original,nsga2_typed,13803,1024,1024,1024,0.4159396919999381,1020,True,0.1379957274231113,0.0,0.0,1.0,True,8.0,8.0,0.0,0.0,0.0,0,0,0,0,original,0.0
rgv_g2,rgv,original,nsga2_typed,13808,1024,1024,1024,0.5410233979998793,1008,True,0.1160364763980051,0.0,0.0,1.0,True,5.0,5.0,0.0,0.0,0.0,0,0,0,0,original,0.0
rgv_g3,rgv,original,fast_v10,13808,1024,1024,1024,0.8628426249999848,988,True,0.0872178586918465,0.0,0.0,1.0,True,8.0,8.0,0.0,0.0,0.0,0,0,0,0,original,0.0
rgv_g3,rgv,original,fast_v10,13804,1024,1024,1024,1.0062124519999998,1006,True,0.1057334592768305,0.0,0.0,1.0,True,8.0,8.0,0.0,0.0,0.0,0,0,0,0,original,0.0
rgv_g3,rgv,original,fast_v10,13801,1024,1024,1024,0.7019839979998324,1008,True,0.0926404722536185,0.0,0.0,1.0,True,8.0,8.0,0.0,0.0,0.0,0,0,0,0,original,0.0
rgv_g2,rgv,original,guarded_linear,13806,1024,1024,1024,2.3544081219999957,978,True,0.0969347916374532,0.0,0.0,1.0,True,5.0,5.0,0.0,0.0,0.0,0,0,15,4464,original,210.0
rgv_g3,rgv,original,guarded_linear,13804,1024,1024,1024,1.9762038349999784,1013,True,0.1063543808620355,0.0,0.0,1.0,True,8.0,8.0,0.0,0.0,0.0,0,0,15,5065,original,230.0
rgv_g1,rgv,original,nsga2_guarded,13805,1024,1024,1024,1.1877443330001825,1020,True,0.1340875380457659,0.0,0.0,1.0,True,4.0,4.0,0.0,0.0,0.0,0,0,15,6678,original,429.0
rgv_g1,rgv,original,guarded_linear,13805,1024,1024,1024,1.9736508479998065,974,True,0.1285002233537321,0.0,0.0,1.0,True,4.0,4.0,0.0,0.0,0.0,0,0,15,4850,original,264.0
rgv_g2,rgv,original,guarded_linear,13807,1024,1024,1024,2.109070494999969,973,True,0.096015656133362,0.0,0.0,1.0,True,5.0,5.0,0.0,0.0,0.0,0,0,15,4347,original,216.0
rgv_g2,rgv,original,fast_v10,13805,1024,1024,1024,0.7661968689999412,983,True,0.1414988931234873,0.0018062327013312,0.0006176016399999,0.8,False,5.0,5.0,0.0018062327013312,0.0018062327215525,0.0006176016469377,0,0,0,0,original,0.0
rgv_g3,rgv,original,no_uncertainty_linear,13804,1024,1024,1024,1.900228466000044,989,True,0.0928453448605366,0.0,0.0,1.0,True,8.0,8.0,0.0,0.0,0.0,0,0,15,5188,original,190.0
rgv_g2,rgv,original,guarded_linear,13801,1024,1024,1024,2.1988820229998964,978,True,0.1072726570192075,0.0,0.0,1.0,True,5.0,5.0,0.0,0.0,0.0,0,0,15,4345,original,224.0
rgv_g2,rgv,original,nsga2_guarded,13807,1024,1024,1024,1.3219465470001523,1020,True,0.0967840667043471,0.0,0.0,1.0,True,5.0,5.0,0.0,0.0,0.0,0,0,15,6297,original,307.0
rgv_g2,rgv,original,no_uncertainty_linear,13807,1024,1024,1024,2.277591559000029,981,True,0.095198378145123,0.0,0.0,1.0,True,5.0,5.0,0.0,0.0,0.0,0,0,15,4346,original,202.0
rgv_g2,rgv,original,nsga2_typed,13805,1024,1024,1024,0.5378742739999325,1016,True,0.1750449145907972,0.0,0.0,1.0,True,5.0,5.0,0.0,0.0,0.0,0,0,0,0,original,0.0
rgv_g1,rgv,original,fast_v10,13801,1024,1024,1024,0.893808005999972,988,True,0.1044168560470555,0.0,0.0,1.0,True,4.0,4.0,0.0,0.0,0.0,0,0,0,0,original,0.0
rgv_g1,rgv,original,no_uncertainty_linear,13804,1024,1024,1024,2.3604422749999685,981,True,0.1076815747878685,0.0,0.0,1.0,True,4.0,4.0,0.0,0.0,0.0,0,0,15,4304,original,198.0
rgv_g1,rgv,original,nsga2_typed,13802,1024,1024,1024,0.3881607379998968,1016,True,0.1574048170794339,0.0,0.0,1.0,True,4.0,4.0,0.0,0.0,0.0,0,0,0,0,original,0.0
rgv_g1,rgv,original,nsga2_typed,13806,1024,1024,1024,0.780978437000158,1011,True,0.1707946673385234,0.0,0.0,1.0,True,4.0,4.0,0.0,0.0,0.0,0,0,0,0,original,0.0
rgv_g1,rgv,original,no_uncertainty_linear,13808,1024,1024,1024,2.248277787999996,967,True,0.0906031967017078,0.0,0.0,1.0,True,4.0,4.0,0.0,0.0,0.0,0,0,15,4094,original,180.0
rgv_g3,rgv,original,nsga2_guarded,13804,1024,1024,1024,1.6867211220001082,1021,True,0.0871571203013463,0.0,0.0,1.0,True,8.0,8.0,0.0,0.0,0.0,0,0,15,6539,original,328.0
rgv_g3,rgv,original,nsga2_typed,13805,1024,1024,1024,0.4949752249999619,1019,True,0.1830443195433551,0.0054971995718603,0.00254147025,0.375,False,7.0,8.0,0.0054971995718603,0.0054971995878468,0.0025414702636267,0,0,0,0,original,0.0
rgv_g1,rgv,original,guarded_linear,13801,1024,1024,1024,2.5291409589999603,964,True,0.0838265850715846,0.0,0.0,1.0,True,4.0,4.0,0.0,0.0,0.0,0,0,15,4080,original,188.0
rgv_g2,rgv,original,nsga2_guarded,13805,1024,1024,1024,1.398240117999876,1021,True,0.1586476341285331,0.0,0.0,1.0,True,5.0,5.0,0.0,0.0,0.0,0,0,15,6572,original,327.0
rgv_g2,rgv,original,guarded_linear,13802,1024,1024,1024,2.183744438000076,978,True,0.0894694770249296,0.0,0.0,1.0,True,5.0,5.0,0.0,0.0,0.0,0,0,15,4425,original,228.0
job_n16,job,stress,nsga2_typed,13906,2048,2048,2048,0.7905948790000821,2048,True,,,,,,,,,,,0,0,0,0,stress,0.0
tour_n12,tour,stress,nsga2_typed,13904,2048,2048,2048,1.1535789680001471,2039,True,,,,,,,,,,,0,0,0,0,stress,0.0
job_n12,job,stress,fast_v10,13903,2048,2048,2048,1.5673752919999515,2045,True,,,,,,,,,,,0,0,0,0,stress,0.0
job_n16,job,stress,fast_v10,13903,2048,2048,2048,0.6738515280001138,2048,True,,,,,,,,,,,0,0,0,0,stress,0.0
job_n16,job,stress,nsga2_guarded,13905,2048,2048,2048,3.0941187109999646,2048,True,,,,,,,,,,,0,0,31,13222,stress,197.0
tour_n16,tour,stress,nsga2_typed,13902,2048,2048,2048,0.8400211660000423,2048,True,,,,,,,,,,,0,0,0,0,stress,0.0
job_n16,job,stress,nsga2_guarded,13903,2048,2048,2048,2.8191232980000223,2048,True,,,,,,,,,,,0,0,31,13902,stress,264.0
tour_n16,tour,stress,nsga2_typed,13906,2048,2048,2048,0.9333893299999544,2048,True,,,,,,,,,,,0,0,0,0,stress,0.0
job_n16,job,stress,no_uncertainty_linear,13906,2048,2048,2048,3.126981259999866,2048,True,,,,,,,,,,,0,0,31,13511,stress,115.0
tour_n16,tour,stress,nsga2_guarded,13903,2048,2048,2048,3.32669520200011,2048,True,,,,,,,,,,,0,0,31,13098,stress,324.0
job_n16,job,stress,no_uncertainty_linear,13902,2048,2048,2048,2.9990453390000766,2048,True,,,,,,,,,,,0,0,31,14091,stress,131.0
tour_n12,tour,stress,nsga2_guarded,13902,2048,2048,2048,3.1217669560001013,2043,True,,,,,,,,,,,0,0,31,12506,stress,152.0
job_n12,job,stress,no_uncertainty_linear,13903,2048,2048,2048,4.756534384999895,2035,True,,,,,,,,,,,0,0,31,9323,stress,37.0
tour_n12,tour,stress,fast_v10,13906,2048,2048,2048,1.0303700619999745,2045,True,,,,,,,,,,,0,0,0,0,stress,0.0
job_n12,job,stress,nsga2_typed,13903,2048,2048,2048,1.635250405000079,2036,True,,,,,,,,,,,0,0,0,0,stress,0.0
job_n16,job,stress,nsga2_typed,13904,2048,2048,2048,1.0462128799999846,2048,True,,,,,,,,,,,0,0,0,0,stress,0.0
tour_n12,tour,stress,no_uncertainty_linear,13906,2048,2048,2048,3.5828255260000788,2045,True,,,,,,,,,,,0,0,31,12162,stress,66.0
job_n12,job,stress,no_uncertainty_linear,13902,2048,2048,2048,4.497850003000167,2042,True,,,,,,,,,,,0,0,31,9562,stress,42.0
job_n16,job,stress,nsga2_typed,13905,2048,2048,2048,0.68391902999997,2046,True,,,,,,,,,,,0,0,0,0,stress,0.0
job_n12,job,stress,fast_v10,13905,2048,2048,2048,1.5947742049997942,2042,True,,,,,,,,,,,0,0,0,0,stress,0.0
tour_n16,tour,stress,nsga2_guarded,13904,2048,2048,2048,3.0897044729999834,2048,True,,,,,,,,,,,0,0,31,13190,stress,253.0
tour_n12,tour,stress,nsga2_typed,13903,2048,2048,2048,0.8530427739999595,2045,True,,,,,,,,,,,0,0,0,0,stress,0.0
job_n12,job,stress,nsga2_guarded,13901,2048,2048,2048,3.72521393399984,2042,True,,,,,,,,,,,0,0,31,10808,stress,109.0
job_n12,job,stress,nsga2_typed,13905,2048,2048,2048,1.2964234590001524,2040,True,,,,,,,,,,,0,0,0,0,stress,0.0
tour_n12,tour,stress,fast_v10,13902,2048,2048,2048,1.1161248270000217,2046,True,,,,,,,,,,,0,0,0,0,stress,0.0
tour_n16,tour,stress,nsga2_guarded,13901,2048,2048,2048,3.149911645000202,2048,True,,,,,,,,,,,0,0,31,13005,stress,272.0
tour_n16,tour,stress,no_uncertainty_linear,13904,2048,2048,2048,2.70303987300008,2048,True,,,,,,,,,,,0,0,31,14146,stress,169.0
job_n12,job,stress,no_uncertainty_linear,13904,2048,2048,2048,4.2829095330000655,2037,True,,,,,,,,,,,0,0,31,9323,stress,26.0
job_n12,job,stress,nsga2_guarded,13904,2048,2048,2048,4.034733802000119,2039,True,,,,,,,,,,,0,0,31,10922,stress,88.0
job_n12,job,stress,fast_v10,13904,2048,2048,2048,1.9101967200001584,2041,True,,,,,,,,,,,0,0,0,0,stress,0.0
tour_n16,tour,stress,no_uncertainty_linear,13906,2048,2048,2048,2.724161636999952,2048,True,,,,,,,,,,,0,0,31,14197,stress,209.0
tour_n12,tour,stress,nsga2_typed,13906,2048,2048,2048,1.0222924340000643,2045,True,,,,,,,,,,,0,0,0,0,stress,0.0
tour_n16,tour,stress,no_uncertainty_linear,13902,2048,2048,2048,3.240374365999969,2048,True,,,,,,,,,,,0,0,31,13342,stress,147.0
job_n16,job,stress,no_uncertainty_linear,13903,2048,2048,2048,3.091671586000075,2048,True,,,,,,,,,,,0,0,31,13987,stress,191.0
job_n16,job,stress,nsga2_typed,13903,2048,2048,2048,0.6579102869998223,2048,True,,,,,,,,,,,0,0,0,0,stress,0.0
job_n12,job,stress,nsga2_typed,13901,2048,2048,2048,1.5189885239999512,2037,True,,,,,,,,,,,0,0,0,0,stress,0.0
tour_n12,tour,stress,fast_v10,13903,2048,2048,2048,1.7747987500001727,2044,True,,,,,,,,,,,0,0,0,0,stress,0.0
job_n16,job,stress,nsga2_guarded,13904,2048,2048,2048,3.1646080510001866,2048,True,,,,,,,,,,,0,0,31,14102,stress,242.0
tour_n12,tour,stress,no_uncertainty_linear,13905,2048,2048,2048,4.1159216549999655,2044,True,,,,,,,,,,,0,0,31,11883,stress,68.0
job_n16,job,stress,nsga2_guarded,13906,2048,2048,2048,3.301231074000043,2048,True,,,,,,,,,,,0,0,31,13749,stress,262.0
tour_n16,tour,stress,fast_v10,13902,2048,2048,2048,0.8220365490001313,2048,True,,,,,,,,,,,0,0,0,0,stress,0.0
tour_n12,tour,stress,no_uncertainty_linear,13904,2048,2048,2048,3.6139822369998456,2045,True,,,,,,,,,,,0,0,31,12038,stress,99.0
tour_n12,tour,stress,nsga2_typed,13902,2048,2048,2048,1.3055355290000534,2045,True,,,,,,,,,,,0,0,0,0,stress,0.0
tour_n16,tour,stress,nsga2_guarded,13906,2048,2048,2048,3.611775133000037,2048,True,,,,,,,,,,,0,0,31,13097,stress,294.0
job_n12,job,stress,nsga2_typed,13902,2048,2048,2048,1.3991854169998987,2041,True,,,,,,,,,,,0,0,0,0,stress,0.0
tour_n12,tour,stress,fast_v10,13905,2048,2048,2048,1.2029058010000426,2046,True,,,,,,,,,,,0,0,0,0,stress,0.0
job_n16,job,stress,nsga2_guarded,13902,2048,2048,2048,2.884193431000085,2047,True,,,,,,,,,,,0,0,31,13784,stress,271.0
job_n12,job,stress,no_uncertainty_linear,13906,2048,2048,2048,3.976378109000052,2043,True,,,,,,,,,,,0,0,31,10668,stress,81.0
tour_n12,tour,stress,nsga2_guarded,13903,2048,2048,2048,3.2117853849999847,2045,True,,,,,,,,,,,0,0,31,12384,stress,179.0
job_n12,job,stress,nsga2_typed,13906,2048,2048,2048,1.1807184879999113,2042,True,,,,,,,,,,,0,0,0,0,stress,0.0
tour_n16,tour,stress,nsga2_typed,13905,2048,2048,2048,0.8638873990000775,2048,True,,,,,,,,,,,0,0,0,0,stress,0.0
job_n12,job,stress,no_uncertainty_linear,13905,2048,2048,2048,4.1054108439998345,2040,True,,,,,,,,,,,0,0,31,9915,stress,38.0
job_n12,job,stress,nsga2_guarded,13906,2048,2048,2048,4.256468401999882,2034,True,,,,,,,,,,,0,0,31,10409,stress,125.0
tour_n16,tour,stress,no_uncertainty_linear,13903,2048,2048,2048,2.7258492299999943,2048,True,,,,,,,,,,,0,0,31,14356,stress,139.0
tour_n12,tour,stress,nsga2_typed,13901,2048,2048,2048,1.1809161300000142,2045,True,,,,,,,,,,,0,0,0,0,stress,0.0
tour_n16,tour,stress,no_uncertainty_linear,13901,2048,2048,2048,3.150458294999908,2048,True,,,,,,,,,,,0,0,31,13720,stress,197.0
job_n12,job,stress,fast_v10,13906,2048,2048,2048,1.7308838569999807,2030,True,,,,,,,,,,,0,0,0,0,stress,0.0
tour_n16,tour,stress,fast_v10,13903,2048,2048,2048,0.8868237470001077,2048,True,,,,,,,,,,,0,0,0,0,stress,0.0
job_n16,job,stress,nsga2_typed,13902,2048,2048,2048,0.6611517430001186,2048,True,,,,,,,,,,,0,0,0,0,stress,0.0
job_n16,job,stress,nsga2_guarded,13901,2048,2048,2048,2.7715926460000446,2048,True,,,,,,,,,,,0,0,31,14007,stress,262.0
tour_n12,tour,stress,no_uncertainty_linear,13903,2048,2048,2048,3.5238293769998563,2046,True,,,,,,,,,,,0,0,31,11923,stress,79.0
job_n16,job,stress,no_uncertainty_linear,13905,2048,2048,2048,3.2277609590000798,2048,True,,,,,,,,,,,0,0,31,13114,stress,141.0
tour_n12,tour,stress,no_uncertainty_linear,13901,2048,2048,2048,3.3844212480000806,2044,True,,,,,,,,,,,0,0,31,12052,stress,98.0
tour_n16,tour,stress,nsga2_typed,13903,2048,2048,2048,0.6914404710000781,2048,True,,,,,,,,,,,0,0,0,0,stress,0.0
job_n12,job,stress,fast_v10,13902,2048,2048,2048,1.6219050009999592,2040,True,,,,,,,,,,,0,0,0,0,stress,0.0
tour_n16,tour,stress,nsga2_guarded,13902,2048,2048,2048,3.256138519999922,2048,True,,,,,,,,,,,0,0,31,13133,stress,262.0
job_n16,job,stress,fast_v10,13905,2048,2048,2048,0.9930480079999596,2048,True,,,,,,,,,,,0,0,0,0,stress,0.0
tour_n12,tour,stress,fast_v10,13904,2048,2048,2048,1.2234660300000542,2047,True,,,,,,,,,,,0,0,0,0,stress,0.0
tour_n12,tour,stress,nsga2_guarded,13904,2048,2048,2048,3.5062230620001174,2044,True,,,,,,,,,,,0,0,31,11989,stress,136.0
job_n16,job,stress,fast_v10,13904,2048,2048,2048,0.9924105939999208,2048,True,,,,,,,,,,,0,0,0,0,stress,0.0
job_n16,job,stress,no_uncertainty_linear,13904,2048,2048,2048,3.3193783629999416,2048,True,,,,,,,,,,,0,0,31,13695,stress,125.0
tour_n16,tour,stress,nsga2_typed,13901,2048,2048,2048,0.9287343109999712,2048,True,,,,,,,,,,,0,0,0,0,stress,0.0
job_n12,job,stress,nsga2_guarded,13903,2048,2048,2048,4.217864580999958,2035,True,,,,,,,,,,,0,0,31,10266,stress,104.0
job_n12,job,stress,nsga2_guarded,13902,2048,2048,2048,4.041682330999947,2038,True,,,,,,,,,,,0,0,31,11071,stress,116.0
tour_n16,tour,stress,nsga2_guarded,13905,2048,2048,2048,3.290065205000019,2048,True,,,,,,,,,,,0,0,31,13124,stress,319.0
tour_n16,tour,stress,fast_v10,13906,2048,2048,2048,0.7082137570000668,2048,True,,,,,,,,,,,0,0,0,0,stress,0.0
job_n16,job,stress,fast_v10,13902,2048,2048,2048,0.759700624000061,2048,True,,,,,,,,,,,0,0,0,0,stress,0.0
tour_n16,tour,stress,no_uncertainty_linear,13905,2048,2048,2048,3.0984510250000312,2048,True,,,,,,,,,,,0,0,31,14013,stress,196.0
job_n16,job,stress,fast_v10,13906,2048,2048,2048,0.7654376850000517,2048,True,,,,,,,,,,,0,0,0,0,stress,0.0
job_n16,job,stress,nsga2_typed,13901,2048,2048,2048,0.5854872340000838,2048,True,,,,,,,,,,,0,0,0,0,stress,0.0
tour_n12,tour,stress,nsga2_guarded,13905,2048,2048,2048,3.3650729409998803,2044,True,,,,,,,,,,,0,0,31,12065,stress,163.0
job_n12,job,stress,fast_v10,13901,2048,2048,2048,1.9556799739998496,2035,True,,,,,,,,,,,0,0,0,0,stress,0.0
tour_n16,tour,stress,fast_v10,13904,2048,2048,2048,0.9934651109999776,2048,True,,,,,,,,,,,0,0,0,0,stress,0.0
job_n16,job,stress,fast_v10,13901,2048,2048,2048,0.7752686280000489,2048,True,,,,,,,,,,,0,0,0,0,stress,0.0
tour_n12,tour,stress,nsga2_guarded,13906,2048,2048,2048,3.3467538519998925,2046,True,,,,,,,,,,,0,0,31,12055,stress,168.0
tour_n12,tour,stress,nsga2_typed,13905,2048,2048,2048,1.0291167130001213,2047,True,,,,,,,,,,,0,0,0,0,stress,0.0
job_n12,job,stress,nsga2_typed,13904,2048,2048,2048,1.1884171810002044,2039,True,,,,,,,,,,,0,0,0,0,stress,0.0
job_n12,job,stress,nsga2_guarded,13905,2048,2048,2048,3.98962561999997,2039,True,,,,,,,,,,,0,0,31,10281,stress,110.0
tour_n16,tour,stress,nsga2_typed,13904,2048,2048,2048,0.7498026219998337,2048,True,,,,,,,,,,,0,0,0,0,stress,0.0
tour_n12,tour,stress,fast_v10,13901,2048,2048,2048,1.1269411790001411,2043,True,,,,,,,,,,,0,0,0,0,stress,0.0
job_n16,job,stress,no_uncertainty_linear,13901,2048,2048,2048,2.927719983000088,2048,True,,,,,,,,,,,0,0,31,13507,stress,108.0
tour_n16,tour,stress,fast_v10,13905,2048,2048,2048,0.7606775570000082,2048,True,,,,,,,,,,,0,0,0,0,stress,0.0
tour_n12,tour,stress,nsga2_guarded,13901,2048,2048,2048,3.1350729799999044,2044,True,,,,,,,,,,,0,0,31,12298,stress,170.0
tour_n16,tour,stress,fast_v10,13901,2048,2048,2048,1.0500145529999827,2048,True,,,,,,,,,,,0,0,0,0,stress,0.0
tour_n12,tour,stress,no_uncertainty_linear,13902,2048,2048,2048,3.5138146819999747,2046,True,,,,,,,,,,,0,0,31,12022,stress,77.0
job_n12,job,stress,no_uncertainty_linear,13901,2048,2048,2048,4.361704031000045,2040,True,,,,,,,,,,,0,0,31,9443,stress,33.0
job_h1,job,holdout,fast_v10,13701,1024,1024,1024,1.2229801610001232,884,True,0.0650670028357277,0.004748272546794,0.0031656740235294,0.8823529411764706,False,15.0,17.0,0.004748272546794,0.0047482725435619,0.003165674023424,0,0,0,0,serial,0.0
job_h1,job,holdout,fast_v10,13703,1024,1024,1024,1.1585470369998347,889,True,0.0962235097824533,0.0019382012122309,0.0009564332588235,0.9411764705882352,False,16.0,17.0,0.0019382012122309,0.0019382012073854,0.0009564332564179,0,0,0,0,serial,0.0
rgv_h1,rgv,holdout,no_uncertainty_linear,13702,1024,1024,1024,1.6666836370000055,1006,True,0.0991952344348637,0.0025007094745765,0.0005400540142857,0.8571428571428571,False,6.0,7.0,0.0025007094745765,0.0025007094330669,0.0005400540054005,0,0,15,5308,serial,177.0
job_h1,job,holdout,nsga2_typed,13701,1024,1024,1024,1.1185612199999468,894,True,0.0832107846356739,0.004748272546794,0.0031656740235294,0.8823529411764706,False,15.0,17.0,0.004748272546794,0.0047482725435619,0.003165674023424,0,0,0,0,serial,0.0
job_h1,job,holdout,no_uncertainty_linear,13703,1024,1024,1024,2.4908970929998304,860,True,0.0907934915887885,0.004748272546794,0.0031656740235294,0.8823529411764706,False,15.0,17.0,0.004748272546794,0.0047482725435619,0.003165674023424,0,0,15,2931,serial,14.0
rgv_h1,rgv,holdout,nsga2_typed,13703,1024,1024,1024,0.4324224790000244,1019,True,0.0882876252018698,0.0044824037223114,0.0010801080142857,0.7142857142857143,False,6.0,7.0,0.0044824037223114,0.0044824037007804,0.001080108010801,0,0,0,0,serial,0.0
tour_h1,tour,holdout,fast_v10,13701,1024,1024,1024,0.8312359399999423,971,True,0.1005030998052771,0.000516779638529,0.0009265511473684,0.8421052631578947,False,16.0,19.0,0.000516779638529,0.0005167796401188,0.0009265511480223,0,0,0,0,serial,0.0
job_h1,job,holdout,nsga2_guarded,13701,1024,1024,1024,2.44471379599986,902,True,0.0746642255005783,0.004748272546794,0.0031656740235294,0.8823529411764706,False,15.0,17.0,0.004748272546794,0.0047482725435619,0.003165674023424,0,0,15,3385,serial,34.0
job_h1,job,holdout,nsga2_typed,13703,1024,1024,1024,1.005041854999945,930,True,0.1331436508931459,0.0,0.0,1.0,True,17.0,17.0,0.0,0.0,0.0,0,0,0,0,serial,0.0
job_h1,job,holdout,nsga2_typed,13702,1024,1024,1024,1.0307221829998523,907,True,0.1587616399203696,0.004748272546794,0.0031656740235294,0.8823529411764706,False,15.0,17.0,0.004748272546794,0.0047482725435619,0.003165674023424,0,0,0,0,serial,0.0
rgv_h1,rgv,holdout,guarded_linear,13703,1024,1024,1024,1.8288939110000229,994,True,0.0770622933180933,0.0025007094745765,0.0005400540142857,0.8571428571428571,False,6.0,7.0,0.0025007094745765,0.0025007094330669,0.0005400540054005,0,0,15,4967,serial,195.0
rgv_h1,rgv,holdout,guarded_linear,13704,1024,1024,1024,1.8841242710000188,988,True,0.1001417293856447,0.0025007094745765,0.0005400540142857,0.8571428571428571,False,6.0,7.0,0.0025007094745765,0.0025007094330669,0.0005400540054005,0,0,15,4981,serial,183.0
job_h1,job,holdout,no_uncertainty_linear,13701,1024,1024,1024,2.491079620000164,883,True,0.0499031318428264,0.004748272546794,0.0031656740235294,0.8823529411764706,False,15.0,17.0,0.004748272546794,0.0047482725435619,0.003165674023424,0,0,15,2821,serial,15.0
rgv_h1,rgv,holdout,nsga2_typed,13701,1024,1024,1024,0.3597019970000019,1022,True,0.1049305991444536,0.0019816942477348,0.000540054,0.8571428571428571,False,7.0,7.0,0.0019816942477348,0.0019816942677134,0.0005400540054005,0,0,0,0,serial,0.0
job_h1,job,holdout,nsga2_typed,13704,1024,1024,1024,1.0786581029999525,909,True,0.1124451832082226,0.004748272546794,0.0031656740235294,0.8823529411764706,False,15.0,17.0,0.004748272546794,0.0047482725435619,0.003165674023424,0,0,0,0,serial,0.0
job_h1,job,holdout,no_uncertainty_linear,13702,1024,1024,1024,2.4304120669999065,887,True,0.063094810204622,0.004748272546794,0.0031656740235294,0.8823529411764706,False,15.0,17.0,0.004748272546794,0.0047482725435619,0.003165674023424,0,0,15,2708,serial,10.0
job_h1,job,holdout,nsga2_guarded,13702,1024,1024,1024,2.173867914000084,901,True,0.1498581506886042,0.002810071334563,0.0022092407647058,0.9411764705882352,False,16.0,17.0,0.002810071334563,0.0028100713361765,0.0022092407670061,0,0,15,3819,serial,45.0
tour_h1,tour,holdout,nsga2_typed,13701,1024,1024,1024,0.561420433000194,994,True,0.1699732935089795,0.009249192982632,0.0045473339526315,0.8421052631578947,False,20.0,19.0,0.009249192982632,0.0092491929908792,0.0045473339523618,0,0,0,0,serial,0.0
tour_h1,tour,holdout,no_uncertainty_linear,13703,1024,1024,1024,1.7477441749999798,995,True,0.1143631982843935,0.0,0.0,1.0,True,19.0,19.0,0.0,0.0,0.0,0,0,15,4757,serial,43.0
rgv_h1,rgv,holdout,fast_v10,13704,1024,1024,1024,0.8044545980001203,985,True,0.1347038704325636,0.0025007094745765,0.0005400540142857,0.8571428571428571,False,6.0,7.0,0.0025007094745765,0.0025007094330669,0.0005400540054005,0,0,0,0,serial,0.0
tour_h1,tour,holdout,fast_v10,13702,1024,1024,1024,0.799833617999866,972,True,0.1174995292951552,0.0004954870521802,0.0008728172842105,0.8947368421052632,False,17.0,19.0,0.0004954870521802,0.0004954870546022,0.0008728172871358,0,0,0,0,serial,0.0
rgv_h1,rgv,holdout,fast_v10,13702,1024,1024,1024,0.7501592460000666,999,True,0.1050365141957524,0.0025007094745765,0.0005400540142857,0.8571428571428571,False,6.0,7.0,0.0025007094745765,0.0025007094330669,0.0005400540054005,0,0,0,0,serial,0.0
tour_h1,tour,holdout,nsga2_typed,13704,1024,1024,1024,0.8192901970001003,979,True,0.1630903629388277,0.002190580968852,0.0016658194526315,0.7894736842105263,False,15.0,19.0,0.002190580968852,0.0021905809653214,0.0016658194510294,0,0,0,0,serial,0.0
rgv_h1,rgv,holdout,nsga2_guarded,13703,1024,1024,1024,1.1667610550000518,1023,True,0.081490323972649,0.0044824037223114,0.0010801080142857,0.7142857142857143,False,6.0,7.0,0.0044824037223114,0.0044824037007804,0.001080108010801,0,0,15,6628,serial,254.0
tour_h1,tour,holdout,nsga2_guarded,13702,1024,1024,1024,1.4503615060000357,997,True,0.1653078857593714,0.00020617925274,0.0001968325210526,0.9473684210526316,False,18.0,19.0,0.00020617925274,0.0002061792546505,0.0001968325225927,0,0,15,5442,serial,84.0
tour_h1,tour,holdout,nsga2_guarded,13704,1024,1024,1024,1.5395188590000544,994,True,0.1323613058973864,0.00020617925274,0.0001968325210526,0.9473684210526316,False,18.0,19.0,0.00020617925274,0.0002061792546505,0.0001968325225927,0,0,15,5345,serial,61.0
tour_h1,tour,holdout,no_uncertainty_linear,13701,1024,1024,1024,1.8051445490000333,985,True,0.0866720369626452,0.0004954870521802,0.0008728172842105,0.8947368421052632,False,17.0,19.0,0.0004954870521802,0.0004954870546022,0.0008728172871358,0,0,15,4582,serial,34.0
tour_h1,tour,holdout,fast_v10,13703,1024,1024,1024,0.8581700560000627,964,True,0.1268013117282785,0.0004954870521802,0.0008728172842105,0.8947368421052632,False,17.0,19.0,0.0004954870521802,0.0004954870546022,0.0008728172871358,0,0,0,0,serial,0.0
tour_h1,tour,holdout,guarded_linear,13702,1024,1024,1024,1.7971961060000012,989,True,0.1089838532102755,0.0,0.0,1.0,True,19.0,19.0,0.0,0.0,0.0,0,0,15,4666,serial,53.0
job_h1,job,holdout,guarded_linear,13703,1024,1024,1024,2.4017548570000145,857,True,0.0898121444257819,0.004748272546794,0.0031656740235294,0.8823529411764706,False,15.0,17.0,0.004748272546794,0.0047482725435619,0.003165674023424,0,0,15,2867,serial,23.0
job_h1,job,holdout,fast_v10,13702,1024,1024,1024,1.1926327940000192,871,True,0.0678025540092107,0.004748272546794,0.0031656740235294,0.8823529411764706,False,15.0,17.0,0.004748272546794,0.0047482725435619,0.003165674023424,0,0,0,0,serial,0.0
job_h1,job,holdout,guarded_linear,13704,1024,1024,1024,2.3508804919999875,883,True,0.0906843195616581,0.004748272546794,0.0031656740235294,0.8823529411764706,False,15.0,17.0,0.004748272546794,0.0047482725435619,0.003165674023424,0,0,15,2843,serial,17.0
rgv_h1,rgv,holdout,no_uncertainty_linear,13701,1024,1024,1024,1.629330930999913,1010,True,0.0687420757691643,0.0044824037223114,0.0010801080142857,0.7142857142857143,False,6.0,7.0,0.0044824037223114,0.0044824037007804,0.001080108010801,0,0,15,5282,serial,185.0
tour_h1,tour,holdout,guarded_linear,13704,1024,1024,1024,1.554590366999946,995,True,0.1164240547581815,0.0,0.0,1.0,True,19.0,19.0,0.0,0.0,0.0,0,0,15,5058,serial,44.0
rgv_h1,rgv,holdout,nsga2_guarded,13704,1024,1024,1024,1.1356658679999327,1021,True,0.125110582830117,0.0065539707345435,0.0018224794847666,0.8571428571428571,False,8.0,7.0,0.0065539707345435,0.0065539707243994,0.0018224794855008,0,0,15,6340,serial,333.0
rgv_h1,rgv,holdout,nsga2_guarded,13701,1024,1024,1024,0.9236425789999884,1023,True,0.0709405431229494,0.0,0.0,1.0,True,7.0,7.0,0.0,0.0,0.0,0,0,15,6759,serial,305.0
rgv_h1,rgv,holdout,no_uncertainty_linear,13703,1024,1024,1024,1.6773812169999474,989,True,0.0781872755345729,0.0025007094745765,0.0005400540142857,0.8571428571428571,False,6.0,7.0,0.0025007094745765,0.0025007094330669,0.0005400540054005,0,0,15,4859,serial,158.0
job_h1,job,holdout,nsga2_guarded,13703,1024,1024,1024,2.08654189899994,936,True,0.1196750481225673,0.0,0.0,1.0,True,17.0,17.0,0.0,0.0,0.0,0,0,15,4030,serial,39.0
tour_h1,tour,holdout,no_uncertainty_linear,13702,1024,1024,1024,1.6945201630001063,976,True,0.0956168646419914,0.00020617925274,0.0001968325210526,0.9473684210526316,False,18.0,19.0,0.00020617925274,0.0002061792546505,0.0001968325225927,0,0,15,4866,serial,40.0
tour_h1,tour,holdout,nsga2_typed,13703,1024,1024,1024,0.5837802579999334,989,True,0.1755116810693272,0.001673801330323,0.0007392683052631,0.9473684210526316,False,18.0,19.0,0.001673801330323,0.0016738013252025,0.0007392683030071,0,0,0,0,serial,0.0
tour_h1,tour,holdout,nsga2_guarded,13703,1024,1024,1024,1.4615351500001452,996,True,0.133088037853429,0.0,0.0,1.0,True,19.0,19.0,0.0,0.0,0.0,0,0,15,5618,serial,65.0
rgv_h1,rgv,holdout,nsga2_typed,13704,1024,1024,1024,0.474215858999969,1015,True,0.158386532419003,0.0057305116212185,0.0020077518,0.5714285714285714,False,5.0,7.0,0.0057305116212185,0.0057305115984162,0.0020077517955877,0,0,0,0,serial,0.0
tour_h1,tour,holdout,guarded_linear,13701,1024,1024,1024,1.7140204639999863,979,True,0.0771280922312658,0.00020617925274,0.0001968325210526,0.9473684210526316,False,18.0,19.0,0.00020617925274,0.0002061792546505,0.0001968325225927,0,0,15,4615,serial,35.0
rgv_h1,rgv,holdout,nsga2_guarded,13702,1024,1024,1024,0.979667716999984,1022,True,0.0948453930039903,0.0019816942477348,0.000540054,0.8571428571428571,False,7.0,7.0,0.0019816942477348,0.0019816942677134,0.0005400540054005,0,0,15,6785,serial,277.0
tour_h1,tour,holdout,nsga2_guarded,13701,1024,1024,1024,1.7050498460000654,990,True,0.1418415090459419,0.00020617925274,0.0001968325210526,0.9473684210526316,False,18.0,19.0,0.00020617925274,0.0002061792546505,0.0001968325225927,0,0,15,5188,serial,70.0
tour_h1,tour,holdout,guarded_linear,13703,1024,1024,1024,1.7562724019999223,996,True,0.1074552019182195,0.0,0.0,1.0,True,19.0,19.0,0.0,0.0,0.0,0,0,15,5088,serial,45.0
job_h1,job,holdout,guarded_linear,13701,1024,1024,1024,2.3106448420001016,883,True,0.0499031318428264,0.004748272546794,0.0031656740235294,0.8823529411764706,False,15.0,17.0,0.004748272546794,0.0047482725435619,0.003165674023424,0,0,15,2821,serial,15.0
rgv_h1,rgv,holdout,guarded_linear,13702,1024,1024,1024,1.5424368139999842,1010,True,0.0962325790159414,0.0,0.0,1.0,True,7.0,7.0,0.0,0.0,0.0,0,0,15,5525,serial,242.0
rgv_h1,rgv,holdout,no_uncertainty_linear,13704,1024,1024,1024,1.5631788480000068,1009,True,0.1107219995595299,0.0116295346298855,0.0021213822824229,0.8571428571428571,False,7.0,7.0,0.0116295346298855,0.0116295346141549,0.0021213822788611,0,0,15,5494,serial,194.0
rgv_h1,rgv,holdout,fast_v10,13703,1024,1024,1024,0.7245762489999379,991,True,0.0908166445495682,0.0025007094745765,0.0005400540142857,0.8571428571428571,False,6.0,7.0,0.0025007094745765,0.0025007094330669,0.0005400540054005,0,0,0,0,serial,0.0
job_h1,job,holdout,nsga2_guarded,13704,1024,1024,1024,2.1633956210000638,886,True,0.1002178457221755,0.004748272546794,0.0031656740235294,0.8823529411764706,False,15.0,17.0,0.004748272546794,0.0047482725435619,0.003165674023424,0,0,15,3539,serial,37.0
job_h1,job,holdout,no_uncertainty_linear,13704,1024,1024,1024,2.3858514000000923,880,True,0.0876253111324351,0.004748272546794,0.0031656740235294,0.8823529411764706,False,15.0,17.0,0.004748272546794,0.0047482725435619,0.003165674023424,0,0,15,2770,serial,9.0
tour_h1,tour,holdout,fast_v10,13704,1024,1024,1024,0.8357098849999147,966,True,0.1549032522957444,0.0051075582855765,0.0030530515526315,0.8947368421052632,False,17.0,19.0,0.0051075582855765,0.0051075582801466,0.0030530515482101,0,0,0,0,serial,0.0
rgv_h1,rgv,holdout,guarded_linear,13701,1024,1024,1024,1.4550560480001875,1011,True,0.0647591398886897,0.0019816942477348,0.000540054,0.8571428571428571,False,7.0,7.0,0.0019816942477348,0.0019816942677134,0.0005400540054005,0,0,15,5851,serial,260.0
rgv_h1,rgv,holdout,nsga2_typed,13702,1024,1024,1024,0.3914020669999445,1022,True,0.1157369891891667,0.0019816942477348,0.000540054,0.8571428571428571,False,7.0,7.0,0.0019816942477348,0.0019816942677134,0.0005400540054005,0,0,0,0,serial,0.0
tour_h1,tour,holdout,nsga2_typed,13702,1024,1024,1024,0.5293989319998218,1000,True,0.1865633058617984,0.000516779638529,0.0009265511473684,0.8421052631578947,False,16.0,19.0,0.000516779638529,0.0005167796401188,0.0009265511480223,0,0,0,0,serial,0.0
job_h1,job,holdout,fast_v10,13704,1024,1024,1024,1.211900921000051,862,True,0.105496850192706,0.004748272546794,0.0031656740235294,0.8823529411764706,False,15.0,17.0,0.004748272546794,0.0047482725435619,0.003165674023424,0,0,0,0,serial,0.0
rgv_h1,rgv,holdout,fast_v10,13701,1024,1024,1024,0.5110322600000927,1017,True,0.070896325717265,0.0,0.0,1.0,True,7.0,7.0,0.0,0.0,0.0,0,0,0,0,serial,0.0
job_h1,job,holdout,guarded_linear,13702,1024,1024,1024,2.352898051000011,864,True,0.0665000413603245,0.004748272546794,0.0031656740235294,0.8823529411764706,False,15.0,17.0,0.004748272546794,0.0047482725435619,0.003165674023424,0,0,15,2791,serial,10.0
tour_h1,tour,holdout,no_uncertainty_linear,13704,1024,1024,1024,2.0126004599999305,953,True,0.1299867362043634,0.0004954870521802,0.0008728172842105,0.8947368421052632,False,17.0,19.0,0.0004954870521802,0.0004954870546022,0.0008728172871358,0,0,15,4224,serial,33.0
job_h1,job,holdout,fast_v10,13701,1024,1024,1024,1.1566163349998533,884,True,0.0650670028357277,0.004748272546794,0.0031656740235294,0.8823529411764706,False,15.0,17.0,0.004748272546794,0.0047482725435619,0.003165674023424,0,0,0,0,serial_contended,0.0
job_h1,job,holdout,fast_v10,13703,1024,1024,1024,1.1034533649999505,889,True,0.0962235097824533,0.0019382012122309,0.0009564332588235,0.9411764705882352,False,16.0,17.0,0.0019382012122309,0.0019382012073854,0.0009564332564179,0,0,0,0,serial_contended,0.0
rgv_h1,rgv,holdout,no_uncertainty_linear,13702,1024,1024,1024,1.6657510229999843,1006,True,0.0991952344348637,0.0025007094745765,0.0005400540142857,0.8571428571428571,False,6.0,7.0,0.0025007094745765,0.0025007094330669,0.0005400540054005,0,0,15,5308,serial_contended,177.0
job_h1,job,holdout,nsga2_typed,13701,1024,1024,1024,1.0978858209998634,894,True,0.0832107846356739,0.004748272546794,0.0031656740235294,0.8823529411764706,False,15.0,17.0,0.004748272546794,0.0047482725435619,0.003165674023424,0,0,0,0,serial_contended,0.0
job_h1,job,holdout,no_uncertainty_linear,13703,1024,1024,1024,2.419669935999991,860,True,0.0907934915887885,0.004748272546794,0.0031656740235294,0.8823529411764706,False,15.0,17.0,0.004748272546794,0.0047482725435619,0.003165674023424,0,0,15,2931,serial_contended,14.0
rgv_h1,rgv,holdout,nsga2_typed,13703,1024,1024,1024,0.4155230020000999,1019,True,0.0882876252018698,0.0044824037223114,0.0010801080142857,0.7142857142857143,False,6.0,7.0,0.0044824037223114,0.0044824037007804,0.001080108010801,0,0,0,0,serial_contended,0.0
tour_h1,tour,holdout,fast_v10,13701,1024,1024,1024,0.8019686989998718,971,True,0.1005030998052771,0.000516779638529,0.0009265511473684,0.8421052631578947,False,16.0,19.0,0.000516779638529,0.0005167796401188,0.0009265511480223,0,0,0,0,serial_contended,0.0
job_h1,job,holdout,nsga2_guarded,13701,1024,1024,1024,2.2086297559999366,902,True,0.0746642255005783,0.004748272546794,0.0031656740235294,0.8823529411764706,False,15.0,17.0,0.004748272546794,0.0047482725435619,0.003165674023424,0,0,15,3385,serial_contended,34.0
job_h1,job,holdout,nsga2_typed,13703,1024,1024,1024,0.9402540840001166,930,True,0.1331436508931459,0.0,0.0,1.0,True,17.0,17.0,0.0,0.0,0.0,0,0,0,0,serial_contended,0.0
job_h1,job,holdout,nsga2_typed,13702,1024,1024,1024,1.0021888249998483,907,True,0.1587616399203696,0.004748272546794,0.0031656740235294,0.8823529411764706,False,15.0,17.0,0.004748272546794,0.0047482725435619,0.003165674023424,0,0,0,0,serial_contended,0.0
rgv_h1,rgv,holdout,guarded_linear,13703,1024,1024,1024,1.748177344999931,994,True,0.0770622933180933,0.0025007094745765,0.0005400540142857,0.8571428571428571,False,6.0,7.0,0.0025007094745765,0.0025007094330669,0.0005400540054005,0,0,15,4967,serial_contended,195.0
rgv_h1,rgv,holdout,guarded_linear,13704,1024,1024,1024,1.8344638349999516,988,True,0.1001417293856447,0.0025007094745765,0.0005400540142857,0.8571428571428571,False,6.0,7.0,0.0025007094745765,0.0025007094330669,0.0005400540054005,0,0,15,4981,serial_contended,183.0
job_h1,job,holdout,no_uncertainty_linear,13701,1024,1024,1024,2.579912959000012,883,True,0.0499031318428264,0.004748272546794,0.0031656740235294,0.8823529411764706,False,15.0,17.0,0.004748272546794,0.0047482725435619,0.003165674023424,0,0,15,2821,serial_contended,15.0
rgv_h1,rgv,holdout,nsga2_typed,13701,1024,1024,1024,0.3499055009999665,1022,True,0.1049305991444536,0.0019816942477348,0.000540054,0.8571428571428571,False,7.0,7.0,0.0019816942477348,0.0019816942677134,0.0005400540054005,0,0,0,0,serial_contended,0.0
job_h1,job,holdout,nsga2_typed,13704,1024,1024,1024,1.0134111219999795,909,True,0.1124451832082226,0.004748272546794,0.0031656740235294,0.8823529411764706,False,15.0,17.0,0.004748272546794,0.0047482725435619,0.003165674023424,0,0,0,0,serial_contended,0.0
job_h1,job,holdout,no_uncertainty_linear,13702,1024,1024,1024,2.3992978109999967,887,True,0.063094810204622,0.004748272546794,0.0031656740235294,0.8823529411764706,False,15.0,17.0,0.004748272546794,0.0047482725435619,0.003165674023424,0,0,15,2708,serial_contended,10.0
job_h1,job,holdout,nsga2_guarded,13702,1024,1024,1024,2.0975197089999256,901,True,0.1498581506886042,0.002810071334563,0.0022092407647058,0.9411764705882352,False,16.0,17.0,0.002810071334563,0.0028100713361765,0.0022092407670061,0,0,15,3819,serial_contended,45.0
tour_h1,tour,holdout,nsga2_typed,13701,1024,1024,1024,0.529772241000046,994,True,0.1699732935089795,0.009249192982632,0.0045473339526315,0.8421052631578947,False,20.0,19.0,0.009249192982632,0.0092491929908792,0.0045473339523618,0,0,0,0,serial_contended,0.0
tour_h1,tour,holdout,no_uncertainty_linear,13703,1024,1024,1024,1.6636288580000382,995,True,0.1143631982843935,0.0,0.0,1.0,True,19.0,19.0,0.0,0.0,0.0,0,0,15,4757,serial_contended,43.0
rgv_h1,rgv,holdout,fast_v10,13704,1024,1024,1024,0.7724784679999175,985,True,0.1347038704325636,0.0025007094745765,0.0005400540142857,0.8571428571428571,False,6.0,7.0,0.0025007094745765,0.0025007094330669,0.0005400540054005,0,0,0,0,serial_contended,0.0
tour_h1,tour,holdout,fast_v10,13702,1024,1024,1024,0.7991602929998862,972,True,0.1174995292951552,0.0004954870521802,0.0008728172842105,0.8947368421052632,False,17.0,19.0,0.0004954870521802,0.0004954870546022,0.0008728172871358,0,0,0,0,serial_contended,0.0
rgv_h1,rgv,holdout,fast_v10,13702,1024,1024,1024,0.7575301759998183,999,True,0.1050365141957524,0.0025007094745765,0.0005400540142857,0.8571428571428571,False,6.0,7.0,0.0025007094745765,0.0025007094330669,0.0005400540054005,0,0,0,0,serial_contended,0.0
tour_h1,tour,holdout,nsga2_typed,13704,1024,1024,1024,0.7164845679999416,979,True,0.1630903629388277,0.002190580968852,0.0016658194526315,0.7894736842105263,False,15.0,19.0,0.002190580968852,0.0021905809653214,0.0016658194510294,0,0,0,0,serial_contended,0.0
rgv_h1,rgv,holdout,nsga2_guarded,13703,1024,1024,1024,1.0325179789999763,1023,True,0.081490323972649,0.0044824037223114,0.0010801080142857,0.7142857142857143,False,6.0,7.0,0.0044824037223114,0.0044824037007804,0.001080108010801,0,0,15,6628,serial_contended,254.0
tour_h1,tour,holdout,nsga2_guarded,13702,1024,1024,1024,1.407357506000153,997,True,0.1653078857593714,0.00020617925274,0.0001968325210526,0.9473684210526316,False,18.0,19.0,0.00020617925274,0.0002061792546505,0.0001968325225927,0,0,15,5442,serial_contended,84.0
tour_h1,tour,holdout,nsga2_guarded,13704,1024,1024,1024,1.5882115700001125,994,True,0.1323613058973864,0.00020617925274,0.0001968325210526,0.9473684210526316,False,18.0,19.0,0.00020617925274,0.0002061792546505,0.0001968325225927,0,0,15,5345,serial_contended,61.0
tour_h1,tour,holdout,no_uncertainty_linear,13701,1024,1024,1024,1.8048798270001496,985,True,0.0866720369626452,0.0004954870521802,0.0008728172842105,0.8947368421052632,False,17.0,19.0,0.0004954870521802,0.0004954870546022,0.0008728172871358,0,0,15,4582,serial_contended,34.0
tour_h1,tour,holdout,fast_v10,13703,1024,1024,1024,0.9251793309999812,964,True,0.1268013117282785,0.0004954870521802,0.0008728172842105,0.8947368421052632,False,17.0,19.0,0.0004954870521802,0.0004954870546022,0.0008728172871358,0,0,0,0,serial_contended,0.0
tour_h1,tour,holdout,guarded_linear,13702,1024,1024,1024,1.7176139860000603,989,True,0.1089838532102755,0.0,0.0,1.0,True,19.0,19.0,0.0,0.0,0.0,0,0,15,4666,serial_contended,53.0
job_h1,job,holdout,guarded_linear,13703,1024,1024,1024,2.541841599999998,857,True,0.0898121444257819,0.004748272546794,0.0031656740235294,0.8823529411764706,False,15.0,17.0,0.004748272546794,0.0047482725435619,0.003165674023424,0,0,15,2867,serial_contended,23.0
job_h1,job,holdout,fast_v10,13702,1024,1024,1024,1.2758312319999732,871,True,0.0678025540092107,0.004748272546794,0.0031656740235294,0.8823529411764706,False,15.0,17.0,0.004748272546794,0.0047482725435619,0.003165674023424,0,0,0,0,serial_contended,0.0
job_h1,job,holdout,guarded_linear,13704,1024,1024,1024,2.4028814399998737,883,True,0.0906843195616581,0.004748272546794,0.0031656740235294,0.8823529411764706,False,15.0,17.0,0.004748272546794,0.0047482725435619,0.003165674023424,0,0,15,2843,serial_contended,17.0
rgv_h1,rgv,holdout,no_uncertainty_linear,13701,1024,1024,1024,1.6808685769999556,1010,True,0.0687420757691643,0.0044824037223114,0.0010801080142857,0.7142857142857143,False,6.0,7.0,0.0044824037223114,0.0044824037007804,0.001080108010801,0,0,15,5282,serial_contended,185.0
tour_h1,tour,holdout,guarded_linear,13704,1024,1024,1024,1.7101220810000086,995,True,0.1164240547581815,0.0,0.0,1.0,True,19.0,19.0,0.0,0.0,0.0,0,0,15,5058,serial_contended,44.0
rgv_h1,rgv,holdout,nsga2_guarded,13704,1024,1024,1024,1.1870914800001628,1021,True,0.125110582830117,0.0065539707345435,0.0018224794847666,0.8571428571428571,False,8.0,7.0,0.0065539707345435,0.0065539707243994,0.0018224794855008,0,0,15,6340,serial_contended,333.0
rgv_h1,rgv,holdout,nsga2_guarded,13701,1024,1024,1024,0.9442286249998232,1023,True,0.0709405431229494,0.0,0.0,1.0,True,7.0,7.0,0.0,0.0,0.0,0,0,15,6759,serial_contended,305.0
rgv_h1,rgv,holdout,no_uncertainty_linear,13703,1024,1024,1024,1.845684467999945,989,True,0.0781872755345729,0.0025007094745765,0.0005400540142857,0.8571428571428571,False,6.0,7.0,0.0025007094745765,0.0025007094330669,0.0005400540054005,0,0,15,4859,serial_contended,158.0
job_h1,job,holdout,nsga2_guarded,13703,1024,1024,1024,2.175180445000024,936,True,0.1196750481225673,0.0,0.0,1.0,True,17.0,17.0,0.0,0.0,0.0,0,0,15,4030,serial_contended,39.0
tour_h1,tour,holdout,no_uncertainty_linear,13702,1024,1024,1024,1.8863333930000863,976,True,0.0956168646419914,0.00020617925274,0.0001968325210526,0.9473684210526316,False,18.0,19.0,0.00020617925274,0.0002061792546505,0.0001968325225927,0,0,15,4866,serial_contended,40.0
tour_h1,tour,holdout,nsga2_typed,13703,1024,1024,1024,0.5745686449999994,989,True,0.1755116810693272,0.001673801330323,0.0007392683052631,0.9473684210526316,False,18.0,19.0,0.001673801330323,0.0016738013252025,0.0007392683030071,0,0,0,0,serial_contended,0.0
tour_h1,tour,holdout,nsga2_guarded,13703,1024,1024,1024,1.4790501420000055,996,True,0.133088037853429,0.0,0.0,1.0,True,19.0,19.0,0.0,0.0,0.0,0,0,15,5618,serial_contended,65.0
rgv_h1,rgv,holdout,nsga2_typed,13704,1024,1024,1024,0.4562832169999637,1015,True,0.158386532419003,0.0057305116212185,0.0020077518,0.5714285714285714,False,5.0,7.0,0.0057305116212185,0.0057305115984162,0.0020077517955877,0,0,0,0,serial_contended,0.0
tour_h1,tour,holdout,guarded_linear,13701,1024,1024,1024,2.042275084000039,979,True,0.0771280922312658,0.00020617925274,0.0001968325210526,0.9473684210526316,False,18.0,19.0,0.00020617925274,0.0002061792546505,0.0001968325225927,0,0,15,4615,serial_contended,35.0
rgv_h1,rgv,holdout,nsga2_guarded,13702,1024,1024,1024,1.3314661650001651,1022,True,0.0948453930039903,0.0019816942477348,0.000540054,0.8571428571428571,False,7.0,7.0,0.0019816942477348,0.0019816942677134,0.0005400540054005,0,0,15,6785,serial_contended,277.0
tour_h1,tour,holdout,nsga2_guarded,13701,1024,1024,1024,1.6816404859998784,990,True,0.1418415090459419,0.00020617925274,0.0001968325210526,0.9473684210526316,False,18.0,19.0,0.00020617925274,0.0002061792546505,0.0001968325225927,0,0,15,5188,serial_contended,70.0
tour_h1,tour,holdout,guarded_linear,13703,1024,1024,1024,1.6045144930001245,996,True,0.1074552019182195,0.0,0.0,1.0,True,19.0,19.0,0.0,0.0,0.0,0,0,15,5088,serial_contended,45.0
job_h1,job,holdout,guarded_linear,13701,1024,1024,1024,2.5559378089999427,883,True,0.0499031318428264,0.004748272546794,0.0031656740235294,0.8823529411764706,False,15.0,17.0,0.004748272546794,0.0047482725435619,0.003165674023424,0,0,15,2821,serial_contended,15.0
rgv_h1,rgv,holdout,guarded_linear,13702,1024,1024,1024,1.6034896480000498,1010,True,0.0962325790159414,0.0,0.0,1.0,True,7.0,7.0,0.0,0.0,0.0,0,0,15,5525,serial_contended,242.0
rgv_h1,rgv,holdout,no_uncertainty_linear,13704,1024,1024,1024,1.5282687220001208,1009,True,0.1107219995595299,0.0116295346298855,0.0021213822824229,0.8571428571428571,False,7.0,7.0,0.0116295346298855,0.0116295346141549,0.0021213822788611,0,0,15,5494,serial_contended,194.0
rgv_h1,rgv,holdout,fast_v10,13703,1024,1024,1024,0.7709643720002077,991,True,0.0908166445495682,0.0025007094745765,0.0005400540142857,0.8571428571428571,False,6.0,7.0,0.0025007094745765,0.0025007094330669,0.0005400540054005,0,0,0,0,serial_contended,0.0
job_h1,job,holdout,nsga2_guarded,13704,1024,1024,1024,2.195088358000021,886,True,0.1002178457221755,0.004748272546794,0.0031656740235294,0.8823529411764706,False,15.0,17.0,0.004748272546794,0.0047482725435619,0.003165674023424,0,0,15,3539,serial_contended,37.0
job_h1,job,holdout,no_uncertainty_linear,13704,1024,1024,1024,2.3746687889999976,880,True,0.0876253111324351,0.004748272546794,0.0031656740235294,0.8823529411764706,False,15.0,17.0,0.004748272546794,0.0047482725435619,0.003165674023424,0,0,15,2770,serial_contended,9.0
tour_h1,tour,holdout,fast_v10,13704,1024,1024,1024,0.8741274960000283,966,True,0.1549032522957444,0.0051075582855765,0.0030530515526315,0.8947368421052632,False,17.0,19.0,0.0051075582855765,0.0051075582801466,0.0030530515482101,0,0,0,0,serial_contended,0.0
rgv_h1,rgv,holdout,guarded_linear,13701,1024,1024,1024,1.4656794219999938,1011,True,0.0647591398886897,0.0019816942477348,0.000540054,0.8571428571428571,False,7.0,7.0,0.0019816942477348,0.0019816942677134,0.0005400540054005,0,0,15,5851,serial_contended,260.0
rgv_h1,rgv,holdout,nsga2_typed,13702,1024,1024,1024,0.3856113849999474,1022,True,0.1157369891891667,0.0019816942477348,0.000540054,0.8571428571428571,False,7.0,7.0,0.0019816942477348,0.0019816942677134,0.0005400540054005,0,0,0,0,serial_contended,0.0
tour_h1,tour,holdout,nsga2_typed,13702,1024,1024,1024,0.5115260000000035,1000,True,0.1865633058617984,0.000516779638529,0.0009265511473684,0.8421052631578947,False,16.0,19.0,0.000516779638529,0.0005167796401188,0.0009265511480223,0,0,0,0,serial_contended,0.0
job_h1,job,holdout,fast_v10,13704,1024,1024,1024,1.1375712369999746,862,True,0.105496850192706,0.004748272546794,0.0031656740235294,0.8823529411764706,False,15.0,17.0,0.004748272546794,0.0047482725435619,0.003165674023424,0,0,0,0,serial_contended,0.0
rgv_h1,rgv,holdout,fast_v10,13701,1024,1024,1024,0.5075063560000217,1017,True,0.070896325717265,0.0,0.0,1.0,True,7.0,7.0,0.0,0.0,0.0,0,0,0,0,serial_contended,0.0
job_h1,job,holdout,guarded_linear,13702,1024,1024,1024,2.3633062229998814,864,True,0.0665000413603245,0.004748272546794,0.0031656740235294,0.8823529411764706,False,15.0,17.0,0.004748272546794,0.0047482725435619,0.003165674023424,0,0,15,2791,serial_contended,10.0
tour_h1,tour,holdout,no_uncertainty_linear,13704,1024,1024,1024,2.015484742999888,953,True,0.1299867362043634,0.0004954870521802,0.0008728172842105,0.8947368421052632,False,17.0,19.0,0.0004954870521802,0.0004954870546022,0.0008728172871358,0,0,15,4224,serial_contended,33.0
