stage,task,algorithm,seed,predicted_evaluations,overrides,model_fits,extra_proposals,audit_fallback,baseline_exploration,residual,base_wins,nonfinite_prediction
dev,tour_dev,nsga2_typed,13103,0,0,0,0,0,0,0,0,0
dev,rgv_g1,mission_one_step,13102,480,0,0,0,0,0,0,0,0
dev,job_dev,harness_no_uncertainty,13104,480,0,7,0,0,0,0,0,0
dev,job_dev,surrogate_scalar,13104,480,0,7,0,0,0,0,0,0
dev,tour_dev,mission_one_step,13102,480,0,0,0,0,0,0,0,0
dev,rgv_dev,nsga2_harness,13102,480,0,7,0,192,0,0,0,0
dev,rgv_dev,fast_v10,13102,0,0,0,0,0,0,0,0,0
dev,tour_dev,harness_raw,13101,480,0,7,0,0,0,0,0,0
dev,rgv_g1,harness_raw,13103,480,0,7,0,0,0,0,0,0
dev,rgv_g1,fast_v10,13104,0,0,0,0,0,0,0,0,0
dev,rgv_dev,fast_v10,13101,0,0,0,0,0,0,0,0,0
dev,tour_dev,fast_v10,13103,0,0,0,0,0,0,0,0,0
dev,tour_dev,harness,13103,480,0,7,0,64,0,0,0,0
dev,rgv_g1,harness_raw,13104,480,0,7,0,0,0,0,0,0
dev,rgv_g1,nsga2_typed,13104,0,0,0,0,0,0,0,0,0
dev,rgv_g1,surrogate_hvi,13102,480,0,7,0,0,0,0,0,0
dev,tour_dev,mission,13101,480,0,0,0,0,0,0,0,0
dev,job_dev,nsga2_harness,13101,480,0,7,0,0,0,0,0,0
dev,job_dev,harness,13102,480,0,7,0,0,0,0,0,0
dev,rgv_g1,pool_random,13102,480,0,0,0,0,0,0,0,0
dev,rgv_dev,mission,13102,480,0,0,0,0,0,0,0,0
dev,job_dev,nsga2_typed,13103,0,0,0,0,0,0,0,0,0
dev,tour_dev,fast_v10,13101,0,0,0,0,0,0,0,0,0
dev,rgv_dev,nsga2_typed,13104,0,0,0,0,0,0,0,0,0
dev,rgv_dev,nsga2_harness,13101,480,0,7,0,192,0,0,0,0
dev,job_dev,nsga2_harness,13102,480,0,7,0,64,0,0,0,0
dev,rgv_dev,harness,13103,480,0,7,0,128,0,0,0,0
dev,rgv_dev,nsga2_typed,13102,0,0,0,0,0,0,0,0,0
dev,rgv_dev,fast_v10,13104,0,0,0,0,0,0,0,0,0
dev,rgv_dev,surrogate_scalar,13101,480,0,7,0,0,0,0,0,0
dev,job_dev,pool_random,13102,480,0,0,0,0,0,0,0,0
dev,rgv_dev,pool_random,13103,480,0,0,0,0,0,0,0,0
dev,job_dev,mission_one_step,13104,480,0,0,0,0,0,0,0,0
dev,rgv_g1,harness,13103,480,0,7,0,4,0,0,0,0
dev,job_dev,nsga2_harness,13103,480,0,7,0,0,0,0,0,0
dev,job_dev,surrogate_hvi,13104,480,0,7,0,0,0,0,0,0
dev,job_dev,harness_no_uncertainty,13101,480,0,7,0,64,0,0,0,0
dev,tour_dev,harness_no_uncertainty,13101,480,0,7,0,0,0,0,0,0
dev,job_dev,mission,13103,480,0,0,0,0,0,0,0,0
dev,rgv_dev,surrogate_hvi,13103,480,0,7,0,0,0,0,0,0
dev,rgv_g1,harness_raw,13101,480,0,7,0,64,0,0,0,0
dev,rgv_dev,pool_random,13104,480,0,0,0,0,0,0,0,0
dev,tour_dev,fast_v10,13102,0,0,0,0,0,0,0,0,0
dev,rgv_dev,surrogate_hvi,13101,480,0,7,0,0,0,0,0,0
dev,rgv_dev,nsga2_typed,13101,0,0,0,0,0,0,0,0,0
dev,job_dev,fast_v10,13102,0,0,0,0,0,0,0,0,0
dev,rgv_dev,surrogate_hvi,13102,480,0,7,0,0,0,0,0,0
dev,tour_dev,harness_raw,13103,480,0,7,0,64,0,0,0,0
dev,tour_dev,pool_random,13103,480,0,0,0,0,0,0,0,0
dev,rgv_g1,harness,13104,480,0,7,0,0,0,0,0,0
dev,job_dev,nsga2_typed,13102,0,0,0,0,0,0,0,0,0
dev,job_dev,harness_no_uncertainty,13103,480,0,7,0,64,0,0,0,0
dev,tour_dev,surrogate_scalar,13104,480,0,7,0,0,0,0,0,0
dev,job_dev,surrogate_hvi,13101,480,0,7,0,0,0,0,0,0
dev,job_dev,harness_raw,13102,480,0,7,0,0,0,0,0,0
dev,job_dev,mission,13101,480,0,0,0,0,0,0,0,0
dev,rgv_dev,harness_raw,13101,480,0,7,0,192,0,0,0,0
dev,tour_dev,nsga2_typed,13104,0,0,0,0,0,0,0,0,0
dev,job_dev,nsga2_harness,13104,480,0,7,0,0,0,0,0,0
dev,job_dev,fast_v10,13101,0,0,0,0,0,0,0,0,0
dev,rgv_g1,nsga2_typed,13103,0,0,0,0,0,0,0,0,0
dev,job_dev,harness,13103,480,0,7,0,0,0,0,0,0
dev,job_dev,harness_raw,13103,480,0,7,0,64,0,0,0,0
dev,tour_dev,surrogate_hvi,13103,480,0,7,0,0,0,0,0,0
dev,job_dev,pool_random,13101,480,0,0,0,0,0,0,0,0
dev,tour_dev,harness_no_uncertainty,13102,480,0,7,0,0,0,0,0,0
dev,tour_dev,mission_one_step,13104,480,0,0,0,0,0,0,0,0
dev,rgv_g1,mission,13103,480,0,0,0,0,0,0,0,0
dev,tour_dev,harness_raw,13102,480,0,7,0,0,0,0,0,0
dev,tour_dev,nsga2_typed,13102,0,0,0,0,0,0,0,0,0
dev,job_dev,nsga2_typed,13101,0,0,0,0,0,0,0,0,0
dev,rgv_dev,mission_one_step,13104,480,0,0,0,0,0,0,0,0
dev,rgv_dev,nsga2_harness,13104,480,0,7,0,128,0,0,0,0
dev,rgv_g1,nsga2_typed,13101,0,0,0,0,0,0,0,0,0
dev,rgv_dev,harness,13101,480,0,7,0,128,0,0,0,0
dev,rgv_g1,surrogate_scalar,13104,480,0,7,0,0,0,0,0,0
dev,tour_dev,surrogate_hvi,13102,480,0,7,0,0,0,0,0,0
dev,job_dev,mission_one_step,13103,480,0,0,0,0,0,0,0,0
dev,rgv_dev,harness_raw,13104,480,0,7,0,128,0,0,0,0
dev,rgv_g1,harness_no_uncertainty,13104,480,0,7,0,0,0,0,0,0
dev,job_dev,harness,13104,480,0,7,0,0,0,0,0,0
dev,job_dev,surrogate_hvi,13102,480,0,7,0,0,0,0,0,0
dev,tour_dev,surrogate_scalar,13102,480,0,7,0,0,0,0,0,0
dev,rgv_dev,mission,13101,480,0,0,0,0,0,0,0,0
dev,job_dev,pool_random,13104,480,0,0,0,0,0,0,0,0
dev,rgv_g1,mission,13104,480,0,0,0,0,0,0,0,0
dev,rgv_g1,nsga2_harness,13101,480,0,7,0,4,0,0,0,0
dev,rgv_g1,fast_v10,13101,0,0,0,0,0,0,0,0,0
dev,tour_dev,harness,13104,480,0,7,0,64,0,0,0,0
dev,job_dev,mission,13104,480,0,0,0,0,0,0,0,0
dev,job_dev,fast_v10,13103,0,0,0,0,0,0,0,0,0
dev,tour_dev,surrogate_scalar,13103,480,0,7,0,0,0,0,0,0
dev,rgv_g1,fast_v10,13102,0,0,0,0,0,0,0,0,0
dev,rgv_g1,fast_v10,13103,0,0,0,0,0,0,0,0,0
dev,tour_dev,pool_random,13101,480,0,0,0,0,0,0,0,0
dev,rgv_g1,harness_no_uncertainty,13103,480,0,7,0,0,0,0,0,0
dev,tour_dev,harness_no_uncertainty,13104,480,0,7,0,64,0,0,0,0
dev,job_dev,surrogate_scalar,13101,480,0,7,0,0,0,0,0,0
dev,rgv_g1,mission_one_step,13101,480,0,0,0,0,0,0,0,0
dev,rgv_dev,harness_no_uncertainty,13104,480,0,7,0,64,0,0,0,0
dev,rgv_g1,nsga2_harness,13103,480,0,7,0,0,0,0,0,0
dev,tour_dev,nsga2_harness,13104,480,0,7,0,0,0,0,0,0
dev,job_dev,mission_one_step,13101,480,0,0,0,0,0,0,0,0
dev,rgv_dev,mission_one_step,13103,480,0,0,0,0,0,0,0,0
dev,tour_dev,mission,13102,480,0,0,0,0,0,0,0,0
dev,job_dev,surrogate_scalar,13103,480,0,7,0,0,0,0,0,0
dev,rgv_g1,surrogate_hvi,13101,480,0,7,0,0,0,0,0,0
dev,job_dev,harness_no_uncertainty,13102,480,0,7,0,0,0,0,0,0
dev,rgv_dev,harness,13104,480,0,7,0,128,0,0,0,0
dev,tour_dev,harness_no_uncertainty,13103,480,0,7,0,0,0,0,0,0
dev,rgv_g1,surrogate_scalar,13103,480,0,7,0,0,0,0,0,0
dev,rgv_g1,pool_random,13103,480,0,0,0,0,0,0,0,0
dev,tour_dev,nsga2_typed,13101,0,0,0,0,0,0,0,0,0
dev,rgv_dev,surrogate_scalar,13102,480,0,7,0,0,0,0,0,0
dev,rgv_g1,nsga2_harness,13102,480,0,7,0,64,0,0,0,0
dev,rgv_g1,mission,13101,480,0,0,0,0,0,0,0,0
dev,job_dev,surrogate_scalar,13102,480,0,7,0,0,0,0,0,0
dev,rgv_g1,harness_raw,13102,480,0,7,0,0,0,0,0,0
dev,rgv_g1,harness,13101,480,0,7,0,0,0,0,0,0
dev,rgv_g1,harness,13102,480,0,7,0,0,0,0,0,0
dev,rgv_dev,harness_raw,13102,480,0,7,0,192,0,0,0,0
dev,rgv_dev,mission_one_step,13101,480,0,0,0,0,0,0,0,0
dev,rgv_g1,surrogate_scalar,13102,480,0,7,0,0,0,0,0,0
dev,job_dev,harness,13101,480,0,7,0,64,0,0,0,0
dev,job_dev,pool_random,13103,480,0,0,0,0,0,0,0,0
dev,tour_dev,surrogate_hvi,13101,480,0,7,0,0,0,0,0,0
dev,tour_dev,harness,13101,480,0,7,0,0,0,0,0,0
dev,rgv_dev,surrogate_scalar,13103,480,0,7,0,0,0,0,0,0
dev,tour_dev,fast_v10,13104,0,0,0,0,0,0,0,0,0
dev,job_dev,harness_raw,13101,480,0,7,0,0,0,0,0,0
dev,rgv_g1,mission_one_step,13104,480,0,0,0,0,0,0,0,0
dev,job_dev,surrogate_hvi,13103,480,0,7,0,0,0,0,0,0
dev,tour_dev,mission,13104,480,0,0,0,0,0,0,0,0
dev,rgv_dev,pool_random,13101,480,0,0,0,0,0,0,0,0
dev,tour_dev,nsga2_harness,13102,480,0,7,0,0,0,0,0,0
dev,tour_dev,nsga2_harness,13103,480,0,7,0,64,0,0,0,0
dev,rgv_g1,surrogate_hvi,13104,480,0,7,0,0,0,0,0,0
dev,tour_dev,mission_one_step,13103,480,0,0,0,0,0,0,0,0
dev,rgv_dev,harness_no_uncertainty,13101,480,0,7,0,128,0,0,0,0
dev,job_dev,nsga2_typed,13104,0,0,0,0,0,0,0,0,0
dev,rgv_g1,pool_random,13101,480,0,0,0,0,0,0,0,0
dev,rgv_g1,nsga2_typed,13102,0,0,0,0,0,0,0,0,0
dev,tour_dev,surrogate_hvi,13104,480,0,7,0,0,0,0,0,0
dev,rgv_dev,mission,13104,480,0,0,0,0,0,0,0,0
dev,tour_dev,mission,13103,480,0,0,0,0,0,0,0,0
dev,rgv_dev,pool_random,13102,480,0,0,0,0,0,0,0,0
dev,rgv_g1,pool_random,13104,480,0,0,0,0,0,0,0,0
dev,rgv_dev,nsga2_typed,13103,0,0,0,0,0,0,0,0,0
dev,tour_dev,pool_random,13104,480,0,0,0,0,0,0,0,0
dev,rgv_g1,mission_one_step,13103,480,0,0,0,0,0,0,0,0
dev,rgv_dev,fast_v10,13103,0,0,0,0,0,0,0,0,0
dev,rgv_g1,mission,13102,480,0,0,0,0,0,0,0,0
dev,tour_dev,surrogate_scalar,13101,480,0,7,0,0,0,0,0,0
dev,rgv_dev,surrogate_hvi,13104,480,0,7,0,0,0,0,0,0
dev,tour_dev,harness,13102,480,0,7,0,0,0,0,0,0
dev,job_dev,harness_raw,13104,480,0,7,0,0,0,0,0,0
dev,rgv_dev,nsga2_harness,13103,480,0,7,0,128,0,0,0,0
dev,job_dev,mission,13102,480,0,0,0,0,0,0,0,0
dev,job_dev,mission_one_step,13102,480,0,0,0,0,0,0,0,0
dev,tour_dev,nsga2_harness,13101,480,0,7,0,0,0,0,0,0
dev,tour_dev,mission_one_step,13101,480,0,0,0,0,0,0,0,0
dev,rgv_g1,nsga2_harness,13104,480,0,7,0,0,0,0,0,0
dev,rgv_dev,surrogate_scalar,13104,480,0,7,0,0,0,0,0,0
dev,rgv_dev,harness,13102,480,0,7,0,128,0,0,0,0
dev,rgv_dev,harness_raw,13103,480,0,7,0,128,0,0,0,0
dev,job_dev,fast_v10,13104,0,0,0,0,0,0,0,0,0
dev,rgv_dev,mission,13103,480,0,0,0,0,0,0,0,0
dev,rgv_g1,harness_no_uncertainty,13102,480,0,7,0,0,0,0,0,0
dev,tour_dev,harness_raw,13104,480,0,7,0,0,0,0,0,0
dev,rgv_dev,harness_no_uncertainty,13103,480,0,7,0,64,0,0,0,0
dev,rgv_g1,surrogate_scalar,13101,480,0,7,0,0,0,0,0,0
dev,rgv_dev,harness_no_uncertainty,13102,480,0,7,0,64,0,0,0,0
dev,rgv_g1,harness_no_uncertainty,13101,480,0,7,0,0,0,0,0,0
dev,rgv_dev,mission_one_step,13102,480,0,0,0,0,0,0,0,0
dev,rgv_g1,surrogate_hvi,13103,480,0,7,0,0,0,0,0,0
dev,tour_dev,pool_random,13102,480,0,0,0,0,0,0,0,0
dev2,rgv_dev,nsga2_typed,13102,0,0,0,0,0,0,0,0,0
dev2,tour_dev,residual_strict,13101,448,48,7,11605,0,91,48,309,0
dev2,job_dev,residual_scalar,13102,448,286,7,13378,0,84,286,78,0
dev2,rgv_g1,residual_off,13103,0,0,0,0,0,0,0,0,0
dev2,rgv_g1,residual_no_gate,13104,448,151,7,12828,0,101,151,196,0
dev2,job_dev,residual,13103,448,35,7,13599,0,97,35,316,0
dev2,rgv_dev,nsga2_typed,13104,0,0,0,0,0,0,0,0,0
dev2,rgv_dev,fast_v10,13101,0,0,0,0,0,0,0,0,0
dev2,job_dev,residual_strict,13104,448,49,7,11306,0,94,49,305,0
dev2,job_dev,residual_linear,13102,448,50,7,11853,0,95,50,303,0
dev2,tour_dev,residual_no_gate,13103,448,38,7,12373,0,90,38,320,0
dev2,job_dev,fast_v10,13103,0,0,0,0,0,0,0,0,0
dev2,job_dev,residual_random,13101,0,295,0,9897,0,0,0,0,0
dev2,rgv_dev,residual_off,13104,0,0,0,0,0,0,0,0,0
dev2,job_dev,residual_trees,13104,448,13,7,12157,0,85,13,350,0
dev2,job_dev,residual_off,13101,0,0,0,0,0,0,0,0,0
dev2,rgv_dev,residual_linear,13101,448,91,7,19276,0,93,91,264,0
dev2,tour_dev,residual_random,13103,0,273,0,13354,0,0,0,0,0
dev2,rgv_dev,residual_trees,13101,448,0,7,16718,64,72,0,312,0
dev2,rgv_g1,residual_linear,13104,448,159,7,12940,0,96,159,193,0
dev2,rgv_dev,residual_scalar,13101,448,143,7,20618,0,99,143,206,0
dev2,rgv_g1,fast_v10,13103,0,0,0,0,0,0,0,0,0
dev2,tour_dev,residual_random,13102,0,290,0,9696,0,0,0,0,0
dev2,rgv_dev,residual_scalar,13104,448,147,7,21944,0,81,147,220,0
dev2,rgv_g1,residual_scalar,13103,448,226,7,13505,0,95,226,127,0
dev2,rgv_g1,residual_no_gate,13102,448,161,7,12748,0,108,161,179,0
dev2,job_dev,nsga2_typed,13103,0,0,0,0,0,0,0,0,0
dev2,job_dev,residual_strict,13102,448,50,7,11853,0,95,50,303,0
dev2,job_dev,residual_linear,13101,448,52,7,10850,0,95,52,301,0
dev2,tour_dev,residual_no_gate,13104,448,36,7,13129,0,79,36,333,0
dev2,job_dev,residual_off,13102,0,0,0,0,0,0,0,0,0
dev2,rgv_dev,residual_linear,13102,448,65,7,21615,0,93,65,290,0
dev2,rgv_dev,residual_random,13102,0,181,0,19976,0,0,0,0,0
dev2,job_dev,residual,13102,448,50,7,11853,0,95,50,303,0
dev2,job_dev,fast_v10,13102,0,0,0,0,0,0,0,0,0
dev2,tour_dev,residual_trees,13102,448,11,7,13073,0,87,11,350,0
dev2,rgv_g1,residual_scalar,13101,448,265,7,12608,0,78,265,105,0
dev2,job_dev,residual_linear,13103,448,35,7,13599,0,97,35,316,0
dev2,rgv_dev,residual_off,13102,0,0,0,0,0,0,0,0,0
dev2,job_dev,nsga2_typed,13102,0,0,0,0,0,0,0,0,0
dev2,rgv_g1,residual_strict,13104,448,151,7,12828,0,101,151,196,0
dev2,job_dev,residual_off,13104,0,0,0,0,0,0,0,0,0
dev2,tour_dev,residual_linear,13104,448,36,7,13129,0,79,36,333,0
dev2,tour_dev,fast_v10,13103,0,0,0,0,0,0,0,0,0
dev2,tour_dev,residual_trees,13103,448,12,7,13178,128,60,12,248,0
dev2,tour_dev,residual_linear,13101,448,48,7,11605,0,91,48,309,0
dev2,tour_dev,residual,13104,448,36,7,13129,0,79,36,333,0
dev2,rgv_dev,residual_strict,13104,448,23,7,15212,128,57,23,240,0
dev2,rgv_g1,residual_no_gate,13103,448,155,7,13682,0,110,155,183,0
dev2,rgv_dev,residual_strict,13101,448,55,7,19638,0,93,55,300,0
dev2,rgv_dev,residual_off,13101,0,0,0,0,0,0,0,0,0
dev2,job_dev,residual_off,13103,0,0,0,0,0,0,0,0,0
dev2,rgv_dev,residual_no_gate,13103,448,42,7,22496,0,89,42,317,0
dev2,rgv_dev,residual_trees,13102,448,21,7,18820,0,88,21,339,0
dev2,tour_dev,residual_scalar,13104,448,277,7,13138,0,96,277,75,0
dev2,tour_dev,fast_v10,13102,0,0,0,0,0,0,0,0,0
dev2,tour_dev,residual_no_gate,13101,448,48,7,11605,0,91,48,309,0
dev2,rgv_dev,residual_strict,13103,448,42,7,22496,0,89,42,317,0
dev2,tour_dev,residual_random,13104,0,266,0,15152,0,0,0,0,0
dev2,rgv_g1,fast_v10,13104,0,0,0,0,0,0,0,0,0
dev2,job_dev,fast_v10,13104,0,0,0,0,0,0,0,0,0
dev2,job_dev,residual_random,13103,0,275,0,13857,0,0,0,0,0
dev2,tour_dev,residual_random,13101,0,289,0,12848,0,0,0,0,0
dev2,rgv_g1,residual_random,13104,0,232,0,12491,0,0,0,0,0
dev2,job_dev,residual,13101,448,52,7,10850,0,95,52,301,0
dev2,rgv_g1,residual_off,13104,0,0,0,0,0,0,0,0,0
dev2,tour_dev,residual_off,13102,0,0,0,0,0,0,0,0,0
dev2,rgv_dev,fast_v10,13104,0,0,0,0,0,0,0,0,0
dev2,job_dev,residual_trees,13101,448,14,7,11893,64,90,14,280,0
dev2,job_dev,residual_strict,13103,448,35,7,13599,0,97,35,316,0
dev2,rgv_g1,fast_v10,13102,0,0,0,0,0,0,0,0,0
dev2,job_dev,residual_linear,13104,448,49,7,11306,0,94,49,305,0
dev2,rgv_dev,nsga2_typed,13101,0,0,0,0,0,0,0,0,0
dev2,rgv_g1,fast_v10,13101,0,0,0,0,0,0,0,0,0
dev2,tour_dev,residual_linear,13102,448,41,7,11783,0,81,41,326,0
dev2,tour_dev,residual_scalar,13103,448,273,7,13849,0,94,273,81,0
dev2,tour_dev,fast_v10,13104,0,0,0,0,0,0,0,0,0
dev2,rgv_dev,residual,13102,448,44,7,19633,0,81,44,323,0
dev2,job_dev,residual_scalar,13104,448,306,7,12348,0,88,306,54,0
dev2,tour_dev,residual_scalar,13101,448,289,7,11967,0,92,289,67,0
dev2,rgv_g1,residual,13103,448,155,7,13682,0,110,155,183,0
dev2,tour_dev,residual,13103,448,38,7,12373,0,90,38,320,0
dev2,rgv_g1,residual_off,13101,0,0,0,0,0,0,0,0,0
dev2,rgv_g1,residual,13104,448,151,7,12828,0,101,151,196,0
dev2,tour_dev,residual_trees,13104,448,14,7,14959,0,88,14,346,0
dev2,tour_dev,residual,13101,448,48,7,11605,0,91,48,309,0
dev2,job_dev,residual_no_gate,13104,448,49,7,11306,0,94,49,305,0
dev2,rgv_g1,residual_linear,13101,448,166,7,13652,0,96,166,186,0
dev2,job_dev,residual_random,13102,0,303,0,12920,0,0,0,0,0
dev2,job_dev,residual_scalar,13103,448,261,7,14695,0,100,261,87,0
dev2,rgv_dev,residual_trees,13104,448,3,7,16915,64,67,3,314,0
dev2,rgv_g1,nsga2_typed,13103,0,0,0,0,0,0,0,0,0
dev2,rgv_g1,residual_linear,13103,448,187,7,13075,0,100,187,161,0
dev2,tour_dev,residual_off,13101,0,0,0,0,0,0,0,0,0
dev2,rgv_g1,residual_trees,13103,448,18,7,12422,0,88,18,342,0
dev2,job_dev,residual_no_gate,13102,448,50,7,11853,0,95,50,303,0
dev2,rgv_dev,residual_strict,13102,448,32,7,17289,128,60,32,228,0
dev2,rgv_g1,residual_trees,13101,448,62,7,13049,0,91,62,295,0
dev2,rgv_g1,residual_strict,13101,448,151,7,14702,0,92,151,205,0
dev2,rgv_g1,residual_random,13102,0,281,0,9306,0,0,0,0,0
dev2,rgv_g1,residual_strict,13102,448,161,7,12748,0,108,161,179,0
dev2,rgv_dev,residual,13103,448,42,7,22496,0,89,42,317,0
dev2,rgv_g1,residual_linear,13102,448,169,7,13919,0,95,169,184,0
dev2,rgv_dev,residual_off,13103,0,0,0,0,0,0,0,0,0
dev2,job_dev,residual_trees,13102,448,12,7,9943,64,80,12,292,0
dev2,tour_dev,residual,13102,448,41,7,11783,0,81,41,326,0
dev2,rgv_dev,residual_no_gate,13102,448,44,7,19633,0,81,44,323,0
dev2,job_dev,residual_no_gate,13103,448,35,7,13599,0,97,35,316,0
dev2,rgv_g1,nsga2_typed,13102,0,0,0,0,0,0,0,0,0
dev2,tour_dev,residual_no_gate,13102,448,41,7,11783,0,81,41,326,0
dev2,tour_dev,nsga2_typed,13104,0,0,0,0,0,0,0,0,0
dev2,rgv_dev,residual_random,13101,0,187,0,19939,0,0,0,0,0
dev2,tour_dev,residual_off,13103,0,0,0,0,0,0,0,0,0
dev2,job_dev,residual_trees,13103,448,31,7,14576,0,91,31,326,0
dev2,rgv_dev,residual,13101,448,55,7,19638,0,93,55,300,0
dev2,rgv_dev,fast_v10,13102,0,0,0,0,0,0,0,0,0
dev2,rgv_g1,nsga2_typed,13101,0,0,0,0,0,0,0,0,0
dev2,job_dev,residual_scalar,13101,448,285,7,10613,0,91,285,72,0
dev2,job_dev,fast_v10,13101,0,0,0,0,0,0,0,0,0
dev2,tour_dev,residual_strict,13103,448,38,7,12373,0,90,38,320,0
dev2,rgv_dev,residual_trees,13103,448,0,7,21237,0,80,0,368,0
dev2,job_dev,residual,13104,448,49,7,11306,0,94,49,305,0
dev2,tour_dev,residual_off,13104,0,0,0,0,0,0,0,0,0
dev2,rgv_g1,residual_strict,13103,448,155,7,13682,0,110,155,183,0
dev2,job_dev,nsga2_typed,13101,0,0,0,0,0,0,0,0,0
dev2,rgv_g1,residual_scalar,13104,448,274,7,11048,0,87,274,87,0
dev2,job_dev,nsga2_typed,13104,0,0,0,0,0,0,0,0,0
dev2,rgv_g1,residual,13101,448,151,7,14702,0,92,151,205,0
dev2,rgv_g1,residual_trees,13102,448,24,7,10033,64,62,24,298,0
dev2,rgv_dev,residual_scalar,13102,448,130,7,22983,0,85,130,233,0
dev2,tour_dev,nsga2_typed,13101,0,0,0,0,0,0,0,0,0
dev2,tour_dev,residual_trees,13101,448,32,7,13911,0,91,32,325,0
dev2,rgv_g1,residual,13102,448,161,7,12748,0,108,161,179,0
dev2,rgv_g1,nsga2_typed,13104,0,0,0,0,0,0,0,0,0
dev2,rgv_g1,residual_trees,13104,448,42,7,10511,0,89,42,317,0
dev2,tour_dev,nsga2_typed,13102,0,0,0,0,0,0,0,0,0
dev2,tour_dev,residual_strict,13104,448,36,7,13129,0,79,36,333,0
dev2,rgv_g1,residual_off,13102,0,0,0,0,0,0,0,0,0
dev2,job_dev,residual_no_gate,13101,448,52,7,10850,0,95,52,301,0
dev2,rgv_dev,residual_random,13103,0,186,0,18905,0,0,0,0,0
dev2,tour_dev,residual_linear,13103,448,38,7,12373,0,90,38,320,0
dev2,rgv_dev,residual_random,13104,0,229,0,13762,0,0,0,0,0
dev2,tour_dev,fast_v10,13101,0,0,0,0,0,0,0,0,0
dev2,job_dev,residual_random,13104,0,261,0,12433,0,0,0,0,0
dev2,rgv_dev,residual_scalar,13103,448,154,7,20984,0,90,154,204,0
dev2,tour_dev,residual_strict,13102,448,41,7,11783,0,81,41,326,0
dev2,tour_dev,residual_scalar,13102,448,295,7,11294,0,88,295,65,0
dev2,rgv_dev,fast_v10,13103,0,0,0,0,0,0,0,0,0
dev2,rgv_dev,residual_no_gate,13101,448,55,7,19638,0,93,55,300,0
dev2,rgv_dev,residual_no_gate,13104,448,58,7,19506,0,84,58,306,0
dev2,rgv_g1,residual_scalar,13102,448,230,7,13411,0,95,230,123,0
dev2,rgv_dev,nsga2_typed,13103,0,0,0,0,0,0,0,0,0
dev2,job_dev,residual_strict,13101,448,52,7,10850,0,95,52,301,0
dev2,rgv_dev,residual,13104,448,58,7,19506,0,84,58,306,0
dev2,rgv_dev,residual_linear,13104,448,97,7,19897,0,93,97,258,0
dev2,rgv_g1,residual_random,13101,0,258,0,11303,0,0,0,0,0
dev2,tour_dev,nsga2_typed,13103,0,0,0,0,0,0,0,0,0
dev2,rgv_g1,residual_random,13103,0,264,0,11666,0,0,0,0,0
dev2,rgv_g1,residual_no_gate,13101,448,151,7,14702,0,92,151,205,0
dev2,rgv_dev,residual_linear,13103,448,66,7,22255,0,88,66,294,0
dev3,tour_dev,nsga2_guarded,13102,448,77,7,10501,0,99,77,272,0
dev3,job_dev,no_uncertainty_linear,13104,448,43,7,11574,0,102,43,303,0
dev3,job_dev,nsga2_guarded,13101,448,70,7,11270,0,83,70,295,0
dev3,tour_dev,unguarded_linear,13101,448,48,7,11605,0,91,48,309,0
dev3,tour_dev,random_residual,13104,0,266,0,15152,0,0,0,0,0
dev3,tour_dev,nsga2_guarded,13104,448,55,7,12505,0,87,55,306,0
dev3,tour_dev,scalar_linear,13101,448,289,7,11967,0,92,289,67,0
dev3,tour_dev,guarded_linear,13102,448,41,7,11783,0,81,41,326,0
dev3,rgv_dev,fast_v10,13104,0,0,0,0,0,0,0,0,0
dev3,job_dev,random_residual,13104,0,261,0,12433,0,0,0,0,0
dev3,tour_dev,no_uncertainty_linear,13102,448,41,7,10305,0,72,41,335,0
dev3,job_dev,random_residual,13101,0,295,0,9897,0,0,0,0,0
dev3,rgv_dev,guarded_linear,13101,448,91,7,19276,0,93,91,264,0
dev3,rgv_g1,raw_linear,13104,448,152,7,10386,0,87,152,209,0
dev3,job_dev,scalar_linear,13102,448,286,7,13378,0,84,286,78,0
dev3,job_dev,random_residual,13102,0,303,0,12920,0,0,0,0,0
dev3,rgv_dev,guarded_linear,13103,448,66,7,22255,0,88,66,294,0
dev3,tour_dev,random_residual,13103,0,273,0,13354,0,0,0,0,0
dev3,rgv_g1,guarded_linear,13103,448,187,7,13075,0,100,187,161,0
dev3,tour_dev,unguarded_linear,13104,448,36,7,13129,0,79,36,333,0
dev3,rgv_g1,guarded_linear,13104,448,159,7,12940,0,96,159,193,0
dev3,rgv_dev,random_residual,13101,0,187,0,19939,0,0,0,0,0
dev3,rgv_dev,fast_v10,13103,0,0,0,0,0,0,0,0,0
dev3,rgv_dev,nsga2_typed,13103,0,0,0,0,0,0,0,0,0
dev3,job_dev,unguarded_linear,13101,448,52,7,10850,0,95,52,301,0
dev3,tour_dev,raw_linear,13103,448,22,7,13989,0,91,22,335,0
dev3,rgv_dev,nsga2_guarded,13101,448,138,7,9250,0,92,138,218,0
dev3,tour_dev,nsga2_typed,13102,0,0,0,0,0,0,0,0,0
dev3,rgv_g1,no_uncertainty_linear,13101,448,153,7,13495,0,102,153,193,0
dev3,rgv_g1,random_residual,13102,0,281,0,9306,0,0,0,0,0
dev3,job_dev,scalar_linear,13103,448,261,7,14695,0,100,261,87,0
dev3,rgv_g1,no_uncertainty_linear,13104,448,116,7,14605,0,102,116,230,0
dev3,rgv_dev,no_uncertainty_linear,13104,448,76,7,20244,0,110,76,262,0
dev3,tour_dev,raw_linear,13102,448,42,7,11103,0,99,42,307,0
dev3,job_dev,fast_v10,13101,0,0,0,0,0,0,0,0,0
dev3,job_dev,guarded_linear,13101,448,52,7,10850,0,95,52,301,0
dev3,job_dev,nsga2_guarded,13103,448,70,7,11609,0,85,70,293,0
dev3,job_dev,guarded_linear,13102,448,50,7,11853,0,95,50,303,0
dev3,rgv_dev,guarded_linear,13102,448,65,7,21615,0,93,65,290,0
dev3,tour_dev,unguarded_linear,13102,448,41,7,11783,0,81,41,326,0
dev3,job_dev,nsga2_typed,13102,0,0,0,0,0,0,0,0,0
dev3,rgv_g1,scalar_linear,13103,448,225,7,13394,0,96,225,127,0
dev3,rgv_dev,raw_linear,13102,448,24,7,14335,128,52,24,244,0
dev3,rgv_dev,fast_v10,13102,0,0,0,0,0,0,0,0,0
dev3,rgv_dev,nsga2_guarded,13104,448,201,7,7129,0,78,201,169,0
dev3,rgv_dev,unguarded_linear,13102,448,65,7,21615,0,93,65,290,0
dev3,job_dev,no_uncertainty_linear,13102,448,33,7,12534,0,92,33,323,0
dev3,job_dev,random_residual,13103,0,275,0,13857,0,0,0,0,0
dev3,rgv_g1,unguarded_linear,13104,448,159,7,12940,0,96,159,193,0
dev3,job_dev,unguarded_linear,13104,448,49,7,11306,0,94,49,305,0
dev3,rgv_dev,scalar_linear,13103,448,152,7,20931,0,100,152,196,0
dev3,rgv_dev,fast_v10,13101,0,0,0,0,0,0,0,0,0
dev3,job_dev,raw_linear,13101,448,26,7,12949,0,78,26,344,0
dev3,job_dev,guarded_linear,13104,448,49,7,11306,0,94,49,305,0
dev3,rgv_g1,fast_v10,13104,0,0,0,0,0,0,0,0,0
dev3,job_dev,raw_linear,13103,448,19,7,14793,0,92,19,337,0
dev3,rgv_g1,nsga2_typed,13102,0,0,0,0,0,0,0,0,0
dev3,tour_dev,fast_v10,13103,0,0,0,0,0,0,0,0,0
dev3,tour_dev,no_uncertainty_linear,13101,448,39,7,11106,0,98,39,311,0
dev3,rgv_dev,no_uncertainty_linear,13102,448,107,7,17656,0,87,107,254,0
dev3,job_dev,fast_v10,13102,0,0,0,0,0,0,0,0,0
dev3,rgv_dev,unguarded_linear,13101,448,91,7,19276,0,93,91,264,0
dev3,tour_dev,unguarded_linear,13103,448,38,7,12373,0,90,38,320,0
dev3,rgv_g1,fast_v10,13101,0,0,0,0,0,0,0,0,0
dev3,tour_dev,nsga2_typed,13104,0,0,0,0,0,0,0,0,0
dev3,job_dev,raw_linear,13104,448,19,7,14273,0,76,19,353,0
dev3,rgv_dev,scalar_linear,13101,448,150,7,18430,64,61,150,173,0
dev3,tour_dev,guarded_linear,13103,448,38,7,12373,0,90,38,320,0
dev3,rgv_g1,random_residual,13103,0,264,0,11666,0,0,0,0,0
dev3,tour_dev,raw_linear,13104,448,42,7,14859,0,91,42,315,0
dev3,rgv_g1,fast_v10,13102,0,0,0,0,0,0,0,0,0
dev3,tour_dev,scalar_linear,13102,448,295,7,11294,0,88,295,65,0
dev3,rgv_g1,scalar_linear,13104,448,274,7,11048,0,87,274,87,0
dev3,rgv_g1,random_residual,13101,0,258,0,11303,0,0,0,0,0
dev3,job_dev,no_uncertainty_linear,13101,448,46,7,11713,0,99,46,303,0
dev3,job_dev,raw_linear,13102,448,16,7,13058,0,89,16,343,0
dev3,job_dev,scalar_linear,13101,448,285,7,10613,0,91,285,72,0
dev3,rgv_g1,no_uncertainty_linear,13103,448,149,7,14421,0,92,149,207,0
dev3,rgv_g1,raw_linear,13103,448,160,7,11890,0,78,160,210,0
dev3,rgv_dev,random_residual,13103,0,186,0,18905,0,0,0,0,0
dev3,rgv_g1,unguarded_linear,13103,448,187,7,13075,0,100,187,161,0
dev3,rgv_g1,nsga2_guarded,13101,448,226,7,8505,0,84,226,138,0
dev3,rgv_g1,scalar_linear,13101,448,265,7,12608,0,78,265,105,0
dev3,rgv_g1,fast_v10,13103,0,0,0,0,0,0,0,0,0
dev3,rgv_dev,nsga2_guarded,13103,448,138,7,10096,0,84,138,226,0
dev3,rgv_g1,no_uncertainty_linear,13102,448,135,7,13021,0,110,135,203,0
dev3,rgv_g1,scalar_linear,13102,448,243,7,12751,0,103,243,102,0
dev3,rgv_dev,nsga2_guarded,13102,448,114,7,8599,64,77,114,193,0
dev3,job_dev,nsga2_guarded,13104,448,65,7,11254,0,91,65,292,0
dev3,rgv_dev,nsga2_typed,13102,0,0,0,0,0,0,0,0,0
dev3,job_dev,nsga2_guarded,13102,448,58,7,10672,0,77,58,313,0
dev3,rgv_dev,raw_linear,13104,448,69,7,16171,64,81,69,234,0
dev3,job_dev,unguarded_linear,13103,448,35,7,13599,0,97,35,316,0
dev3,rgv_g1,guarded_linear,13102,448,169,7,13919,0,95,169,184,0
dev3,tour_dev,fast_v10,13104,0,0,0,0,0,0,0,0,0
dev3,rgv_g1,nsga2_typed,13101,0,0,0,0,0,0,0,0,0
dev3,rgv_dev,raw_linear,13101,448,34,7,12106,192,54,34,168,0
dev3,job_dev,nsga2_typed,13104,0,0,0,0,0,0,0,0,0
dev3,job_dev,nsga2_typed,13101,0,0,0,0,0,0,0,0,0
dev3,tour_dev,no_uncertainty_linear,13104,448,21,7,14306,0,99,21,328,0
dev3,rgv_dev,guarded_linear,13104,448,97,7,19897,0,93,97,258,0
dev3,rgv_dev,scalar_linear,13102,448,138,7,20904,0,95,138,215,0
dev3,job_dev,nsga2_typed,13103,0,0,0,0,0,0,0,0,0
dev3,rgv_g1,guarded_linear,13101,448,166,7,13652,0,96,166,186,0
dev3,rgv_g1,nsga2_typed,13104,0,0,0,0,0,0,0,0,0
dev3,rgv_g1,raw_linear,13102,448,140,7,14832,0,90,140,218,0
dev3,job_dev,fast_v10,13104,0,0,0,0,0,0,0,0,0
dev3,rgv_dev,nsga2_typed,13101,0,0,0,0,0,0,0,0,0
dev3,tour_dev,random_residual,13102,0,290,0,9696,0,0,0,0,0
dev3,rgv_dev,unguarded_linear,13103,448,66,7,22255,0,88,66,294,0
dev3,tour_dev,raw_linear,13101,448,24,7,11138,0,93,24,331,0
dev3,tour_dev,fast_v10,13102,0,0,0,0,0,0,0,0,0
dev3,rgv_g1,unguarded_linear,13102,448,169,7,13919,0,95,169,184,0
dev3,rgv_g1,nsga2_guarded,13104,448,226,7,9104,0,82,226,140,0
dev3,rgv_g1,random_residual,13104,0,232,0,12491,0,0,0,0,0
dev3,job_dev,no_uncertainty_linear,13103,448,33,7,13638,0,81,33,334,0
dev3,rgv_dev,random_residual,13104,0,229,0,13762,0,0,0,0,0
dev3,job_dev,unguarded_linear,13102,448,50,7,11853,0,95,50,303,0
dev3,rgv_g1,nsga2_typed,13103,0,0,0,0,0,0,0,0,0
dev3,job_dev,fast_v10,13103,0,0,0,0,0,0,0,0,0
dev3,rgv_dev,random_residual,13102,0,181,0,19976,0,0,0,0,0
dev3,rgv_dev,unguarded_linear,13104,448,97,7,19897,0,93,97,258,0
dev3,tour_dev,random_residual,13101,0,289,0,12848,0,0,0,0,0
dev3,tour_dev,scalar_linear,13104,448,277,7,13138,0,96,277,75,0
dev3,tour_dev,nsga2_typed,13103,0,0,0,0,0,0,0,0,0
dev3,rgv_dev,scalar_linear,13104,448,159,7,21182,0,91,159,198,0
dev3,job_dev,scalar_linear,13104,448,306,7,12348,0,88,306,54,0
dev3,tour_dev,scalar_linear,13103,448,273,7,13849,0,94,273,81,0
dev3,tour_dev,nsga2_typed,13101,0,0,0,0,0,0,0,0,0
dev3,tour_dev,nsga2_guarded,13103,448,62,7,9501,0,101,62,285,0
dev3,tour_dev,nsga2_guarded,13101,448,67,7,11838,0,83,67,298,0
dev3,tour_dev,fast_v10,13101,0,0,0,0,0,0,0,0,0
dev3,tour_dev,no_uncertainty_linear,13103,448,41,7,11705,0,78,41,329,0
dev3,rgv_dev,raw_linear,13103,448,49,7,15726,64,85,49,250,0
dev3,rgv_dev,no_uncertainty_linear,13101,448,77,7,18301,0,91,77,280,0
dev3,rgv_g1,nsga2_guarded,13102,448,241,7,9729,0,66,241,141,0
dev3,tour_dev,guarded_linear,13101,448,48,7,11605,0,91,48,309,0
dev3,job_dev,guarded_linear,13103,448,35,7,13599,0,97,35,316,0
dev3,rgv_g1,raw_linear,13101,448,201,7,10263,0,106,201,141,0
dev3,rgv_g1,unguarded_linear,13101,448,166,7,13652,0,96,166,186,0
dev3,rgv_dev,no_uncertainty_linear,13103,448,45,7,21992,0,76,45,327,0
dev3,rgv_dev,nsga2_typed,13104,0,0,0,0,0,0,0,0,0
dev3,rgv_g1,nsga2_guarded,13103,448,232,7,9052,0,92,232,124,0
dev3,tour_dev,guarded_linear,13104,448,36,7,13129,0,79,36,333,0
confirm,job_h3,fast_v10,13502,0,0,0,0,0,0,0,0,0
confirm,tour_h4,nsga2_guarded,13510,960,71,15,27786,0,212,71,677,0
confirm,job_h4,guarded_linear,13510,960,42,15,32914,0,185,42,733,0
confirm,job_h3,scalar_linear,13502,960,479,15,39470,0,174,479,307,0
confirm,tour_h3,random_residual,13510,0,398,0,42711,0,0,0,0,0
confirm,rgv_h1,raw_linear,13503,960,118,15,26910,128,158,118,556,0
confirm,job_h4,random_residual,13509,0,598,0,26402,0,0,0,0,0
confirm,job_h4,guarded_linear,13501,960,57,15,28223,0,207,57,696,0
confirm,rgv_h4,random_residual,13503,0,572,0,25703,0,0,0,0,0
confirm,tour_h4,random_residual,13507,0,529,0,32049,0,0,0,0,0
confirm,rgv_h3,guarded_linear,13507,960,152,15,42072,0,189,152,619,0
confirm,tour_h1,guarded_linear,13512,960,23,15,43663,0,186,23,751,0
confirm,tour_h4,scalar_linear,13510,960,530,15,31285,0,205,530,225,0
confirm,rgv_h1,unguarded_linear,13511,960,292,15,34051,0,188,292,480,0
confirm,rgv_h2,random_residual,13506,0,480,0,33714,0,0,0,0,0
confirm,rgv_h1,nsga2_typed,13502,0,0,0,0,0,0,0,0,0
confirm,tour_h3,nsga2_typed,13512,0,0,0,0,0,0,0,0,0
confirm,job_h1,no_uncertainty_linear,13509,960,10,15,56361,0,178,10,772,0
confirm,job_h4,no_uncertainty_linear,13505,960,39,15,31378,0,177,39,744,0
confirm,job_h4,guarded_linear,13506,960,51,15,31846,0,197,51,712,0
confirm,rgv_h3,raw_linear,13505,960,180,15,33183,64,169,180,547,0
confirm,job_h1,no_uncertainty_linear,13505,960,12,15,57600,0,187,12,761,0
confirm,rgv_h2,nsga2_guarded,13506,960,279,15,20432,0,185,279,496,0
confirm,job_h2,nsga2_guarded,13503,960,77,15,28608,0,199,77,684,0
confirm,rgv_h3,nsga2_typed,13512,0,0,0,0,0,0,0,0,0
confirm,rgv_h4,unguarded_linear,13507,960,248,15,32101,0,204,248,508,0
confirm,tour_h4,scalar_linear,13502,960,569,15,29973,0,199,569,192,0
confirm,tour_h1,nsga2_guarded,13501,960,55,15,33883,0,199,55,706,0
confirm,rgv_h4,nsga2_typed,13507,0,0,0,0,0,0,0,0,0
confirm,job_h4,fast_v10,13502,0,0,0,0,0,0,0,0,0
confirm,tour_h4,nsga2_guarded,13512,960,79,15,26127,0,178,79,703,0
confirm,rgv_h3,nsga2_guarded,13506,960,222,15,24578,0,211,222,527,0
confirm,job_h3,nsga2_typed,13504,0,0,0,0,0,0,0,0,0
confirm,rgv_h3,unguarded_linear,13502,960,190,15,33405,0,193,190,577,0
confirm,job_h2,scalar_linear,13502,960,531,15,34298,0,186,531,243,0
confirm,tour_h4,random_residual,13508,0,590,0,26536,0,0,0,0,0
confirm,rgv_h1,fast_v10,13511,0,0,0,0,0,0,0,0,0
confirm,job_h3,scalar_linear,13501,960,518,15,35192,0,187,518,255,0
confirm,rgv_h1,scalar_linear,13507,960,491,15,32946,0,187,491,282,0
confirm,rgv_h3,unguarded_linear,13509,960,181,15,34859,0,211,181,568,0
confirm,tour_h4,raw_linear,13511,960,39,15,24645,0,203,39,718,0
confirm,rgv_h1,no_uncertainty_linear,13510,960,165,15,31427,0,202,165,593,0
confirm,job_h4,no_uncertainty_linear,13502,960,44,15,30450,0,203,44,713,0
confirm,rgv_h2,nsga2_guarded,13507,960,306,15,20371,0,194,306,460,0
confirm,job_h2,unguarded_linear,13503,960,76,15,32389,0,185,76,699,0
confirm,rgv_h2,raw_linear,13502,960,93,15,27195,128,156,93,583,0
confirm,job_h4,nsga2_typed,13507,0,0,0,0,0,0,0,0,0
confirm,rgv_h2,nsga2_typed,13507,0,0,0,0,0,0,0,0,0
confirm,job_h2,unguarded_linear,13509,960,68,15,31243,0,189,68,703,0
confirm,tour_h2,no_uncertainty_linear,13511,960,33,15,31361,0,168,33,759,0
confirm,rgv_h1,guarded_linear,13506,960,170,15,38233,0,189,170,601,0
confirm,tour_h3,random_residual,13507,0,392,0,43986,0,0,0,0,0
confirm,job_h3,raw_linear,13507,960,15,15,30182,0,185,15,760,0
confirm,job_h3,no_uncertainty_linear,13507,960,35,15,36631,0,194,35,731,0
confirm,rgv_h1,raw_linear,13506,960,121,15,26109,128,185,121,526,0
confirm,rgv_h2,no_uncertainty_linear,13505,960,164,15,34425,0,196,164,600,0
confirm,tour_h4,fast_v10,13502,0,0,0,0,0,0,0,0,0
confirm,job_h4,random_residual,13504,0,558,0,29565,0,0,0,0,0
confirm,tour_h2,guarded_linear,13507,960,40,15,31380,0,177,40,743,0
confirm,tour_h4,nsga2_guarded,13509,960,58,15,27825,0,180,58,722,0
confirm,tour_h3,scalar_linear,13508,960,291,15,48457,0,213,291,456,0
confirm,rgv_h4,fast_v10,13507,0,0,0,0,0,0,0,0,0
confirm,rgv_h2,raw_linear,13510,960,70,15,30098,128,169,70,593,0
confirm,job_h4,nsga2_typed,13506,0,0,0,0,0,0,0,0,0
confirm,tour_h4,fast_v10,13506,0,0,0,0,0,0,0,0,0
confirm,rgv_h3,guarded_linear,13501,960,212,15,38447,0,172,212,576,0
confirm,job_h1,unguarded_linear,13511,960,13,15,56664,0,184,13,763,0
confirm,rgv_h3,nsga2_guarded,13510,960,268,15,21731,0,204,268,488,0
confirm,tour_h1,raw_linear,13501,960,23,15,41413,0,202,23,735,0
confirm,rgv_h1,scalar_linear,13509,960,607,15,23562,0,187,607,166,0
confirm,rgv_h3,unguarded_linear,13503,960,180,15,40380,0,189,180,591,0
confirm,job_h1,raw_linear,13511,960,25,15,55083,0,166,25,769,0
confirm,job_h2,fast_v10,13510,0,0,0,0,0,0,0,0,0
confirm,rgv_h2,no_uncertainty_linear,13512,960,162,15,35469,0,177,162,621,0
confirm,rgv_h2,raw_linear,13508,960,113,15,31129,0,212,113,635,0
confirm,tour_h1,no_uncertainty_linear,13510,960,31,15,42428,0,186,31,743,0
confirm,tour_h2,scalar_linear,13501,960,565,15,33156,0,176,565,219,0
confirm,job_h4,raw_linear,13511,960,11,15,32039,0,209,11,740,0
confirm,tour_h1,fast_v10,13505,0,0,0,0,0,0,0,0,0
confirm,job_h1,no_uncertainty_linear,13503,960,9,15,56931,0,195,9,756,0
confirm,rgv_h4,random_residual,13510,0,539,0,29500,0,0,0,0,0
confirm,rgv_h4,nsga2_typed,13510,0,0,0,0,0,0,0,0,0
confirm,tour_h1,scalar_linear,13510,960,355,15,46038,0,194,355,411,0
confirm,job_h1,fast_v10,13512,0,0,0,0,0,0,0,0,0
confirm,job_h1,scalar_linear,13512,960,169,15,58402,0,184,169,607,0
confirm,job_h2,fast_v10,13512,0,0,0,0,0,0,0,0,0
confirm,job_h4,unguarded_linear,13503,960,45,15,30677,0,188,45,727,0
confirm,job_h1,fast_v10,13510,0,0,0,0,0,0,0,0,0
confirm,rgv_h4,random_residual,13511,0,546,0,30870,0,0,0,0,0
confirm,tour_h4,guarded_linear,13508,960,59,15,29406,0,182,59,719,0
confirm,tour_h4,nsga2_typed,13510,0,0,0,0,0,0,0,0,0
confirm,rgv_h4,unguarded_linear,13510,960,215,15,27464,0,200,215,545,0
confirm,rgv_h1,unguarded_linear,13508,960,165,15,37437,0,167,165,628,0
confirm,job_h2,nsga2_typed,13507,0,0,0,0,0,0,0,0,0
confirm,job_h2,fast_v10,13505,0,0,0,0,0,0,0,0,0
confirm,job_h3,no_uncertainty_linear,13503,960,30,15,38420,0,162,30,768,0
confirm,job_h2,nsga2_typed,13506,0,0,0,0,0,0,0,0,0
confirm,rgv_h4,guarded_linear,13511,960,238,15,33666,0,183,238,539,0
confirm,tour_h2,no_uncertainty_linear,13506,960,32,15,32749,0,182,32,746,0
confirm,rgv_h3,scalar_linear,13502,960,486,15,32349,0,194,486,280,0
confirm,rgv_h4,fast_v10,13512,0,0,0,0,0,0,0,0,0
confirm,tour_h1,fast_v10,13504,0,0,0,0,0,0,0,0,0
confirm,tour_h1,unguarded_linear,13508,960,36,15,42703,0,197,36,727,0
confirm,job_h4,nsga2_guarded,13503,960,76,15,29754,0,170,76,714,0
confirm,job_h1,unguarded_linear,13512,960,17,15,58640,0,177,17,766,0
confirm,tour_h4,fast_v10,13501,0,0,0,0,0,0,0,0,0
confirm,job_h3,guarded_linear,13505,960,37,15,36928,0,202,37,721,0
confirm,tour_h4,no_uncertainty_linear,13510,960,55,15,31543,0,176,55,729,0
confirm,tour_h1,random_residual,13506,0,422,0,40987,0,0,0,0,0
confirm,job_h2,raw_linear,13511,960,28,15,37023,0,172,28,760,0
confirm,rgv_h4,raw_linear,13502,960,82,15,21440,256,149,82,473,0
confirm,rgv_h1,raw_linear,13504,960,84,15,23388,0,197,84,679,0
confirm,job_h4,fast_v10,13501,0,0,0,0,0,0,0,0,0
confirm,job_h2,guarded_linear,13503,960,76,15,32389,0,185,76,699,0
confirm,tour_h3,fast_v10,13508,0,0,0,0,0,0,0,0,0
confirm,rgv_h1,no_uncertainty_linear,13511,960,245,15,31662,0,176,245,539,0
confirm,tour_h2,no_uncertainty_linear,13503,960,28,15,30863,0,205,28,727,0
confirm,job_h1,nsga2_guarded,13509,960,40,15,43993,0,192,40,728,0
confirm,job_h2,guarded_linear,13502,960,60,15,32603,0,191,60,709,0
confirm,tour_h4,guarded_linear,13507,960,49,15,26369,0,194,49,717,0
confirm,tour_h2,raw_linear,13507,960,29,15,30422,0,206,29,725,0
confirm,rgv_h4,raw_linear,13508,960,135,15,35056,128,153,135,544,0
confirm,tour_h1,guarded_linear,13502,960,43,15,35822,0,191,43,726,0
confirm,rgv_h4,no_uncertainty_linear,13503,960,165,15,39065,0,194,165,601,0
confirm,tour_h2,nsga2_typed,13511,0,0,0,0,0,0,0,0,0
confirm,tour_h2,unguarded_linear,13511,960,35,15,30186,0,201,35,724,0
confirm,rgv_h2,raw_linear,13505,960,127,15,35219,0,205,127,628,0
confirm,job_h2,guarded_linear,13508,960,61,15,34486,0,190,61,709,0
confirm,rgv_h1,scalar_linear,13510,960,441,15,35635,0,202,441,317,0
confirm,tour_h1,unguarded_linear,13507,960,34,15,40293,0,181,34,745,0
confirm,tour_h4,fast_v10,13511,0,0,0,0,0,0,0,0,0
confirm,rgv_h1,guarded_linear,13512,960,270,15,29635,0,164,270,526,0
confirm,job_h2,raw_linear,13506,960,41,15,30298,0,168,41,751,0
confirm,rgv_h4,raw_linear,13506,960,119,15,35925,128,154,119,559,0
confirm,tour_h4,random_residual,13502,0,581,0,24855,0,0,0,0,0
confirm,tour_h2,nsga2_typed,13501,0,0,0,0,0,0,0,0,0
confirm,tour_h4,no_uncertainty_linear,13507,960,52,15,27697,0,183,52,725,0
confirm,tour_h2,guarded_linear,13512,960,40,15,30964,0,187,40,733,0
confirm,job_h4,scalar_linear,13501,960,574,15,28188,0,190,574,196,0
confirm,tour_h3,fast_v10,13512,0,0,0,0,0,0,0,0,0
confirm,tour_h3,random_residual,13503,0,372,0,44676,0,0,0,0,0
confirm,tour_h3,unguarded_linear,13502,960,39,15,41021,0,207,39,714,0
confirm,tour_h1,nsga2_typed,13502,0,0,0,0,0,0,0,0,0
confirm,tour_h1,nsga2_typed,13506,0,0,0,0,0,0,0,0,0
confirm,rgv_h1,unguarded_linear,13506,960,170,15,38233,0,189,170,601,0
confirm,job_h4,fast_v10,13507,0,0,0,0,0,0,0,0,0
confirm,job_h4,unguarded_linear,13509,960,53,15,31216,0,192,53,715,0
confirm,job_h3,raw_linear,13508,960,16,15,37685,0,198,16,746,0
confirm,job_h2,random_residual,13506,0,537,0,31811,0,0,0,0,0
confirm,tour_h3,random_residual,13511,0,354,0,47647,0,0,0,0,0
confirm,rgv_h1,nsga2_typed,13510,0,0,0,0,0,0,0,0,0
confirm,tour_h2,random_residual,13502,0,508,0,30652,0,0,0,0,0
confirm,job_h1,scalar_linear,13501,960,174,15,56889,0,198,174,588,0
confirm,tour_h3,scalar_linear,13503,960,297,15,49503,0,196,297,467,0
confirm,rgv_h3,fast_v10,13501,0,0,0,0,0,0,0,0,0
confirm,tour_h3,nsga2_typed,13507,0,0,0,0,0,0,0,0,0
confirm,tour_h4,no_uncertainty_linear,13503,960,41,15,29477,0,188,41,731,0
confirm,rgv_h1,raw_linear,13507,960,71,15,27255,128,163,71,598,0
confirm,tour_h2,unguarded_linear,13501,960,22,15,31662,0,178,22,760,0
confirm,tour_h3,raw_linear,13503,960,54,15,42288,0,202,54,704,0
confirm,rgv_h4,nsga2_typed,13504,0,0,0,0,0,0,0,0,0
confirm,job_h2,random_residual,13504,0,489,0,35507,0,0,0,0,0
confirm,job_h1,no_uncertainty_linear,13511,960,11,15,55131,0,200,11,749,0
confirm,rgv_h1,unguarded_linear,13510,960,166,15,36099,0,188,166,606,0
confirm,rgv_h1,scalar_linear,13505,960,522,15,32045,0,202,522,236,0
confirm,job_h4,unguarded_linear,13501,960,57,15,28223,0,207,57,696,0
confirm,tour_h1,scalar_linear,13502,960,406,15,41551,0,196,406,358,0
confirm,rgv_h1,random_residual,13501,0,411,0,38032,0,0,0,0,0
confirm,tour_h4,random_residual,13505,0,574,0,29952,0,0,0,0,0
confirm,job_h1,unguarded_linear,13507,960,11,15,55909,0,193,11,756,0
confirm,job_h3,nsga2_typed,13505,0,0,0,0,0,0,0,0,0
confirm,rgv_h3,guarded_linear,13503,960,180,15,40380,0,189,180,591,0
confirm,job_h1,nsga2_guarded,13501,960,35,15,47744,0,206,35,719,0
confirm,rgv_h1,nsga2_typed,13501,0,0,0,0,0,0,0,0,0
confirm,tour_h1,nsga2_guarded,13502,960,60,15,31629,0,173,60,727,0
confirm,job_h2,no_uncertainty_linear,13505,960,45,15,30310,0,218,45,697,0
confirm,tour_h2,raw_linear,13504,960,18,15,30216,0,193,18,749,0
confirm,tour_h3,fast_v10,13510,0,0,0,0,0,0,0,0,0
confirm,tour_h3,guarded_linear,13510,960,47,15,41241,0,195,47,718,0
confirm,tour_h3,no_uncertainty_linear,13501,960,45,15,43250,0,176,45,739,0
confirm,tour_h3,random_residual,13504,0,442,0,37471,0,0,0,0,0
confirm,job_h1,scalar_linear,13503,960,198,15,57611,0,184,198,578,0
confirm,rgv_h4,raw_linear,13511,960,146,15,20371,320,124,146,370,0
confirm,tour_h2,no_uncertainty_linear,13505,960,28,15,33209,0,204,28,728,0
confirm,rgv_h1,random_residual,13508,0,494,0,32023,0,0,0,0,0
confirm,rgv_h4,unguarded_linear,13509,960,225,15,23719,0,166,225,569,0
confirm,job_h4,no_uncertainty_linear,13508,960,42,15,30636,0,196,42,722,0
confirm,job_h4,nsga2_guarded,13504,960,72,15,29611,0,183,72,705,0
confirm,job_h2,fast_v10,13506,0,0,0,0,0,0,0,0,0
confirm,job_h3,random_residual,13508,0,388,0,40176,0,0,0,0,0
confirm,tour_h2,nsga2_typed,13503,0,0,0,0,0,0,0,0,0
confirm,job_h2,nsga2_guarded,13512,960,87,15,27468,0,185,87,688,0
confirm,tour_h3,raw_linear,13505,960,21,15,43987,0,209,21,730,0
confirm,rgv_h4,guarded_linear,13506,960,156,15,43115,0,187,156,617,0
confirm,tour_h2,guarded_linear,13502,960,33,15,30790,0,191,33,736,0
confirm,rgv_h1,guarded_linear,13504,960,190,15,31639,0,210,190,560,0
confirm,rgv_h2,nsga2_typed,13505,0,0,0,0,0,0,0,0,0
confirm,tour_h2,nsga2_typed,13508,0,0,0,0,0,0,0,0,0
confirm,rgv_h3,nsga2_typed,13506,0,0,0,0,0,0,0,0,0
confirm,job_h2,scalar_linear,13503,960,564,15,30812,0,187,564,209,0
confirm,rgv_h1,random_residual,13506,0,501,0,31819,0,0,0,0,0
confirm,rgv_h1,random_residual,13504,0,490,0,32349,0,0,0,0,0
confirm,rgv_h3,guarded_linear,13502,960,190,15,33405,0,193,190,577,0
confirm,rgv_h3,unguarded_linear,13501,960,212,15,38447,0,172,212,576,0
confirm,job_h2,fast_v10,13504,0,0,0,0,0,0,0,0,0
confirm,job_h3,scalar_linear,13512,960,514,15,36002,0,185,514,261,0
confirm,tour_h1,fast_v10,13511,0,0,0,0,0,0,0,0,0
confirm,tour_h3,no_uncertainty_linear,13503,960,29,15,39571,0,179,29,752,0
confirm,tour_h3,nsga2_typed,13511,0,0,0,0,0,0,0,0,0
confirm,job_h1,nsga2_guarded,13503,960,64,15,41536,0,199,64,697,0
confirm,tour_h3,raw_linear,13512,960,38,15,44020,0,195,38,727,0
confirm,job_h3,nsga2_guarded,13511,960,69,15,31464,0,199,69,692,0
confirm,job_h1,random_residual,13509,0,201,0,54532,0,0,0,0,0
confirm,job_h3,random_residual,13502,0,493,0,36125,0,0,0,0,0
confirm,tour_h4,guarded_linear,13502,960,62,15,25199,0,195,62,703,0
confirm,tour_h3,nsga2_guarded,13502,960,67,15,35843,0,188,67,705,0
confirm,rgv_h1,scalar_linear,13506,960,470,15,35526,0,195,470,295,0
confirm,job_h4,unguarded_linear,13511,960,56,15,34266,0,192,56,712,0
confirm,tour_h1,unguarded_linear,13501,960,34,15,37124,0,209,34,717,0
confirm,job_h2,raw_linear,13512,960,31,15,33710,0,190,31,739,0
confirm,rgv_h4,scalar_linear,13502,960,529,15,30847,0,198,529,233,0
confirm,tour_h4,guarded_linear,13506,960,55,15,32266,0,190,55,715,0
confirm,tour_h2,fast_v10,13509,0,0,0,0,0,0,0,0,0
confirm,rgv_h4,nsga2_guarded,13504,960,256,15,21854,0,197,256,507,0
confirm,rgv_h4,nsga2_typed,13508,0,0,0,0,0,0,0,0,0
confirm,rgv_h4,nsga2_guarded,13506,960,226,15,29402,0,178,226,556,0
confirm,job_h2,nsga2_guarded,13505,960,80,15,30512,0,210,80,670,0
confirm,rgv_h2,scalar_linear,13509,960,572,15,30427,0,173,572,215,0
confirm,rgv_h3,nsga2_typed,13511,0,0,0,0,0,0,0,0,0
confirm,job_h4,scalar_linear,13512,960,549,15,29235,0,199,549,212,0
confirm,tour_h2,unguarded_linear,13509,960,36,15,32531,0,178,36,746,0
confirm,rgv_h1,unguarded_linear,13505,960,290,15,27158,0,221,290,449,0
confirm,tour_h1,fast_v10,13508,0,0,0,0,0,0,0,0,0
confirm,job_h3,nsga2_guarded,13505,960,68,15,32548,0,182,68,710,0
confirm,job_h4,fast_v10,13509,0,0,0,0,0,0,0,0,0
confirm,job_h1,guarded_linear,13503,960,9,15,56931,0,195,9,756,0
confirm,tour_h2,no_uncertainty_linear,13510,960,21,15,32836,0,176,21,763,0
confirm,rgv_h3,unguarded_linear,13511,960,200,15,35637,0,187,200,573,0
confirm,rgv_h1,fast_v10,13504,0,0,0,0,0,0,0,0,0
confirm,tour_h4,scalar_linear,13505,960,542,15,30862,0,198,542,220,0
confirm,tour_h2,nsga2_guarded,13510,960,43,15,30112,0,209,43,708,0
confirm,tour_h2,scalar_linear,13512,960,514,15,36104,0,177,514,269,0
confirm,job_h1,unguarded_linear,13508,960,20,15,54921,0,208,20,732,0
confirm,rgv_h2,fast_v10,13505,0,0,0,0,0,0,0,0,0
confirm,tour_h4,raw_linear,13502,960,24,15,23951,0,211,24,725,0
confirm,job_h3,random_residual,13507,0,507,0,36321,0,0,0,0,0
confirm,tour_h4,nsga2_typed,13511,0,0,0,0,0,0,0,0,0
confirm,tour_h4,nsga2_typed,13508,0,0,0,0,0,0,0,0,0
confirm,tour_h2,unguarded_linear,13502,960,33,15,30790,0,191,33,736,0
confirm,rgv_h4,guarded_linear,13503,960,161,15,39249,0,205,161,594,0
confirm,tour_h2,fast_v10,13507,0,0,0,0,0,0,0,0,0
confirm,job_h2,nsga2_guarded,13504,960,78,15,29119,0,209,78,673,0
confirm,rgv_h1,fast_v10,13508,0,0,0,0,0,0,0,0,0
confirm,tour_h4,random_residual,13509,0,560,0,30599,0,0,0,0,0
confirm,job_h1,no_uncertainty_linear,13510,960,15,15,55714,0,204,15,741,0
confirm,job_h2,scalar_linear,13504,960,570,15,28763,0,189,570,201,0
confirm,tour_h4,scalar_linear,13503,960,565,15,30584,0,189,565,206,0
confirm,tour_h3,fast_v10,13509,0,0,0,0,0,0,0,0,0
confirm,rgv_h1,nsga2_typed,13504,0,0,0,0,0,0,0,0,0
confirm,tour_h2,nsga2_guarded,13508,960,68,15,30139,0,179,68,713,0
confirm,job_h2,guarded_linear,13511,960,59,15,28809,0,189,59,712,0
confirm,rgv_h4,raw_linear,13507,960,159,15,29585,128,149,159,524,0
confirm,job_h1,guarded_linear,13512,960,17,15,58640,0,177,17,766,0
confirm,rgv_h2,random_residual,13508,0,437,0,34611,0,0,0,0,0
confirm,tour_h1,fast_v10,13502,0,0,0,0,0,0,0,0,0
confirm,tour_h2,nsga2_guarded,13507,960,72,15,30800,0,191,72,697,0
confirm,rgv_h4,raw_linear,13510,960,101,15,12076,512,87,101,260,0
confirm,rgv_h4,scalar_linear,13505,960,550,15,29981,0,196,550,214,0
confirm,tour_h1,random_residual,13509,0,456,0,39470,0,0,0,0,0
confirm,rgv_h3,scalar_linear,13508,960,390,15,42341,0,199,390,371,0
confirm,job_h4,random_residual,13506,0,531,0,28736,0,0,0,0,0
confirm,tour_h1,random_residual,13504,0,386,0,43351,0,0,0,0,0
confirm,rgv_h2,scalar_linear,13504,960,412,15,42655,0,181,412,367,0
confirm,tour_h1,scalar_linear,13501,960,385,15,45497,0,190,385,385,0
confirm,tour_h3,unguarded_linear,13512,960,28,15,41474,0,206,28,726,0
confirm,job_h2,no_uncertainty_linear,13509,960,62,15,27483,0,193,62,705,0
confirm,rgv_h4,nsga2_guarded,13510,960,252,15,24411,0,192,252,516,0
confirm,job_h1,raw_linear,13501,960,11,15,57487,0,186,11,763,0
confirm,job_h3,unguarded_linear,13502,960,34,15,33569,0,209,34,717,0
confirm,rgv_h4,fast_v10,13505,0,0,0,0,0,0,0,0,0
confirm,job_h1,nsga2_typed,13508,0,0,0,0,0,0,0,0,0
confirm,rgv_h2,fast_v10,13509,0,0,0,0,0,0,0,0,0
confirm,job_h4,scalar_linear,13508,960,571,15,26419,0,203,571,186,0
confirm,job_h1,random_residual,13511,0,201,0,54465,0,0,0,0,0
confirm,job_h1,no_uncertainty_linear,13501,960,16,15,58073,0,175,16,769,0
confirm,job_h1,random_residual,13502,0,189,0,56883,0,0,0,0,0
confirm,rgv_h3,scalar_linear,13512,960,457,15,35571,0,190,457,313,0
confirm,job_h3,nsga2_typed,13509,0,0,0,0,0,0,0,0,0
confirm,job_h2,fast_v10,13509,0,0,0,0,0,0,0,0,0
confirm,rgv_h2,no_uncertainty_linear,13510,960,164,15,37221,0,176,164,620,0
confirm,tour_h1,fast_v10,13507,0,0,0,0,0,0,0,0,0
confirm,tour_h3,nsga2_guarded,13504,960,64,15,36158,0,171,64,725,0
confirm,tour_h3,random_residual,13502,0,480,0,37860,0,0,0,0,0
confirm,job_h4,random_residual,13508,0,572,0,27619,0,0,0,0,0
confirm,tour_h4,no_uncertainty_linear,13511,960,59,15,25069,0,195,59,706,0
confirm,job_h3,raw_linear,13505,960,18,15,36783,0,191,18,751,0
confirm,rgv_h2,nsga2_typed,13501,0,0,0,0,0,0,0,0,0
confirm,tour_h4,nsga2_guarded,13507,960,66,15,30495,0,181,66,713,0
confirm,job_h3,unguarded_linear,13505,960,37,15,36928,0,202,37,721,0
confirm,rgv_h2,fast_v10,13510,0,0,0,0,0,0,0,0,0
confirm,rgv_h2,unguarded_linear,13504,960,199,15,41637,0,186,199,575,0
confirm,tour_h2,random_residual,13508,0,534,0,29862,0,0,0,0,0
confirm,tour_h2,raw_linear,13510,960,15,15,35140,0,211,15,734,0
confirm,rgv_h2,unguarded_linear,13502,960,228,15,33996,0,201,228,531,0
confirm,rgv_h3,guarded_linear,13510,960,220,15,34288,0,187,220,553,0
confirm,rgv_h2,scalar_linear,13502,960,469,15,35760,0,182,469,309,0
confirm,job_h4,unguarded_linear,13504,960,63,15,31776,0,184,63,713,0
confirm,job_h3,unguarded_linear,13507,960,35,15,37524,0,201,35,724,0
confirm,rgv_h2,scalar_linear,13512,960,441,15,36323,0,200,441,319,0
confirm,job_h3,random_residual,13511,0,443,0,41482,0,0,0,0,0
confirm,rgv_h2,raw_linear,13501,960,116,15,29898,0,190,116,654,0
confirm,tour_h3,guarded_linear,13508,960,36,15,42630,0,187,36,737,0
confirm,rgv_h4,raw_linear,13501,960,150,15,20432,320,116,150,374,0
confirm,job_h2,raw_linear,13505,960,49,15,32818,0,202,49,709,0
confirm,tour_h2,raw_linear,13502,960,24,15,28206,0,202,24,734,0
confirm,rgv_h2,guarded_linear,13508,960,182,15,37037,0,201,182,577,0
confirm,job_h3,random_residual,13512,0,423,0,40815,0,0,0,0,0
confirm,rgv_h4,scalar_linear,13507,960,455,15,37410,0,187,455,318,0
confirm,tour_h2,random_residual,13507,0,554,0,29736,0,0,0,0,0
confirm,tour_h4,nsga2_typed,13507,0,0,0,0,0,0,0,0,0
confirm,rgv_h1,guarded_linear,13508,960,165,15,37437,0,167,165,628,0
confirm,job_h4,nsga2_typed,13512,0,0,0,0,0,0,0,0,0
confirm,tour_h1,random_residual,13508,0,381,0,43990,0,0,0,0,0
confirm,tour_h4,guarded_linear,13512,960,58,15,30384,0,209,58,693,0
confirm,rgv_h3,random_residual,13502,0,484,0,32399,0,0,0,0,0
confirm,job_h2,no_uncertainty_linear,13511,960,49,15,29654,0,182,49,729,0
confirm,job_h1,unguarded_linear,13510,960,18,15,56618,0,191,18,751,0
confirm,job_h2,no_uncertainty_linear,13508,960,54,15,30748,0,180,54,726,0
confirm,job_h2,nsga2_typed,13511,0,0,0,0,0,0,0,0,0
confirm,tour_h2,guarded_linear,13504,960,52,15,30035,0,198,52,710,0
confirm,rgv_h1,no_uncertainty_linear,13507,960,175,15,33901,0,171,175,614,0
confirm,tour_h4,nsga2_guarded,13508,960,59,15,26656,0,184,59,717,0
confirm,job_h4,unguarded_linear,13502,960,61,15,30610,0,192,61,707,0
confirm,tour_h2,fast_v10,13505,0,0,0,0,0,0,0,0,0
confirm,rgv_h3,nsga2_typed,13505,0,0,0,0,0,0,0,0,0
confirm,job_h2,raw_linear,13508,960,32,15,36205,0,176,32,752,0
confirm,rgv_h2,raw_linear,13506,960,138,15,37214,0,213,138,609,0
confirm,tour_h4,nsga2_guarded,13501,960,91,15,26010,0,186,91,683,0
confirm,job_h2,nsga2_guarded,13506,960,80,15,28104,0,198,80,682,0
confirm,rgv_h4,unguarded_linear,13501,960,232,15,29065,0,182,232,546,0
confirm,job_h3,scalar_linear,13507,960,437,15,39969,0,200,437,323,0
confirm,job_h4,nsga2_guarded,13501,960,80,15,30038,0,210,80,670,0
confirm,rgv_h1,no_uncertainty_linear,13508,960,184,15,34097,0,173,184,603,0
confirm,rgv_h4,nsga2_typed,13512,0,0,0,0,0,0,0,0,0
confirm,job_h2,random_residual,13512,0,538,0,34058,0,0,0,0,0
confirm,tour_h3,scalar_linear,13501,960,300,15,49040,0,200,300,460,0
confirm,rgv_h2,guarded_linear,13506,960,138,15,40864,0,187,138,635,0
confirm,rgv_h4,nsga2_typed,13506,0,0,0,0,0,0,0,0,0
confirm,job_h1,nsga2_guarded,13504,960,37,15,48549,0,199,37,724,0
confirm,tour_h1,unguarded_linear,13512,960,23,15,43663,0,186,23,751,0
confirm,job_h2,no_uncertainty_linear,13507,960,34,15,33265,0,185,34,741,0
confirm,job_h2,random_residual,13507,0,514,0,31075,0,0,0,0,0
confirm,job_h1,scalar_linear,13502,960,188,15,57054,0,191,188,581,0
confirm,tour_h2,scalar_linear,13507,960,557,15,29611,0,195,557,208,0
confirm,tour_h1,raw_linear,13506,960,27,15,42533,0,202,27,731,0
confirm,tour_h2,fast_v10,13501,0,0,0,0,0,0,0,0,0
confirm,job_h1,nsga2_guarded,13510,960,35,15,49886,0,193,35,732,0
confirm,tour_h1,fast_v10,13503,0,0,0,0,0,0,0,0,0
confirm,tour_h4,fast_v10,13512,0,0,0,0,0,0,0,0,0
confirm,job_h4,guarded_linear,13512,960,60,15,29033,0,210,60,690,0
confirm,tour_h3,fast_v10,13506,0,0,0,0,0,0,0,0,0
confirm,rgv_h1,scalar_linear,13512,960,531,15,33250,0,175,531,254,0
confirm,job_h2,guarded_linear,13501,960,62,15,29118,0,182,62,716,0
confirm,job_h2,unguarded_linear,13507,960,56,15,34192,0,187,56,717,0
confirm,job_h2,nsga2_guarded,13507,960,92,15,30114,0,172,92,696,0
confirm,rgv_h4,unguarded_linear,13504,960,237,15,31402,0,213,237,510,0
confirm,rgv_h3,random_residual,13505,0,497,0,30050,0,0,0,0,0
confirm,tour_h3,raw_linear,13507,960,38,15,45055,0,190,38,732,0
confirm,job_h1,raw_linear,13502,960,12,15,57737,0,178,12,770,0
confirm,rgv_h4,nsga2_guarded,13511,960,263,15,22976,0,194,263,503,0
confirm,tour_h4,random_residual,13511,0,587,0,27090,0,0,0,0,0
confirm,rgv_h2,nsga2_typed,13512,0,0,0,0,0,0,0,0,0
confirm,tour_h2,unguarded_linear,13504,960,52,15,30035,0,198,52,710,0
confirm,tour_h4,scalar_linear,13509,960,495,15,35278,0,210,495,255,0
confirm,rgv_h4,unguarded_linear,13505,960,228,15,29084,0,185,228,547,0
confirm,rgv_h4,random_residual,13501,0,550,0,30397,0,0,0,0,0
confirm,job_h3,fast_v10,13506,0,0,0,0,0,0,0,0,0
confirm,job_h3,scalar_linear,13509,960,449,15,39205,0,197,449,314,0
confirm,rgv_h2,unguarded_linear,13510,960,215,15,39604,0,162,215,583,0
confirm,rgv_h1,raw_linear,13509,960,147,15,30017,0,191,147,622,0
confirm,job_h2,unguarded_linear,13501,960,62,15,29118,0,182,62,716,0
confirm,tour_h3,nsga2_typed,13505,0,0,0,0,0,0,0,0,0
confirm,tour_h4,nsga2_typed,13512,0,0,0,0,0,0,0,0,0
confirm,job_h1,guarded_linear,13509,960,20,15,56749,0,190,20,750,0
confirm,job_h3,nsga2_typed,13510,0,0,0,0,0,0,0,0,0
confirm,job_h4,guarded_linear,13503,960,45,15,30677,0,188,45,727,0
confirm,job_h2,scalar_linear,13506,960,570,15,26605,0,191,570,199,0
confirm,job_h1,fast_v10,13511,0,0,0,0,0,0,0,0,0
confirm,tour_h2,scalar_linear,13505,960,514,15,35825,0,179,514,267,0
confirm,tour_h3,random_residual,13506,0,349,0,47688,0,0,0,0,0
confirm,rgv_h3,nsga2_typed,13503,0,0,0,0,0,0,0,0,0
confirm,tour_h2,guarded_linear,13503,960,28,15,32926,0,189,28,743,0
confirm,rgv_h3,no_uncertainty_linear,13512,960,152,15,36458,0,192,152,616,0
confirm,rgv_h1,nsga2_guarded,13512,960,318,15,13979,0,201,318,441,0
confirm,rgv_h2,no_uncertainty_linear,13504,960,198,15,37002,0,214,198,548,0
confirm,rgv_h4,no_uncertainty_linear,13502,960,219,15,30083,0,195,219,546,0
confirm,tour_h4,raw_linear,13504,960,14,15,26780,0,194,14,752,0
confirm,tour_h4,raw_linear,13503,960,26,15,28090,0,196,26,738,0
confirm,rgv_h2,no_uncertainty_linear,13509,960,173,15,33209,0,175,173,612,0
confirm,tour_h1,guarded_linear,13505,960,34,15,35281,0,183,34,743,0
confirm,rgv_h2,nsga2_guarded,13511,960,322,15,16431,0,187,322,451,0
confirm,rgv_h1,random_residual,13509,0,594,0,27010,0,0,0,0,0
confirm,rgv_h3,raw_linear,13508,960,231,15,37579,0,178,231,551,0
confirm,job_h2,random_residual,13508,0,554,0,33093,0,0,0,0,0
confirm,job_h3,raw_linear,13509,960,16,15,42064,0,188,16,756,0
confirm,tour_h2,unguarded_linear,13512,960,40,15,30964,0,187,40,733,0
confirm,job_h4,fast_v10,13511,0,0,0,0,0,0,0,0,0
confirm,tour_h2,no_uncertainty_linear,13501,960,23,15,31901,0,178,23,759,0
confirm,rgv_h4,nsga2_guarded,13512,960,248,15,19796,64,191,248,457,0
confirm,job_h4,random_residual,13511,0,570,0,26913,0,0,0,0,0
confirm,tour_h3,no_uncertainty_linear,13508,960,30,15,44183,0,178,30,752,0
confirm,rgv_h2,guarded_linear,13504,960,199,15,41637,0,186,199,575,0
confirm,job_h2,nsga2_guarded,13511,960,95,15,27996,0,190,95,675,0
confirm,job_h4,raw_linear,13506,960,50,15,29388,0,202,50,708,0
confirm,rgv_h3,raw_linear,13501,960,176,15,36162,64,173,176,547,0
confirm,rgv_h4,unguarded_linear,13512,960,214,15,28476,0,199,214,547,0
confirm,rgv_h2,random_residual,13501,0,491,0,31499,0,0,0,0,0
confirm,rgv_h3,fast_v10,13506,0,0,0,0,0,0,0,0,0
confirm,rgv_h2,random_residual,13510,0,443,0,37033,0,0,0,0,0
confirm,tour_h2,scalar_linear,13508,960,521,15,30646,0,209,521,230,0
confirm,tour_h3,raw_linear,13504,960,23,15,43881,0,190,23,747,0
confirm,rgv_h2,random_residual,13502,0,507,0,29765,0,0,0,0,0
confirm,job_h3,raw_linear,13511,960,8,15,43417,0,189,8,763,0
confirm,job_h4,scalar_linear,13506,960,571,15,26842,0,196,571,193,0
confirm,rgv_h4,nsga2_typed,13509,0,0,0,0,0,0,0,0,0
confirm,job_h3,guarded_linear,13510,960,58,15,38301,0,185,58,717,0
confirm,tour_h2,random_residual,13501,0,542,0,27935,0,0,0,0,0
confirm,rgv_h4,nsga2_typed,13503,0,0,0,0,0,0,0,0,0
confirm,job_h4,nsga2_guarded,13509,960,80,15,27225,0,168,80,712,0
confirm,tour_h1,raw_linear,13503,960,30,15,38535,0,205,30,725,0
confirm,tour_h4,nsga2_typed,13505,0,0,0,0,0,0,0,0,0
confirm,rgv_h1,fast_v10,13507,0,0,0,0,0,0,0,0,0
confirm,rgv_h2,unguarded_linear,13505,960,208,15,33688,0,202,208,550,0
confirm,job_h4,nsga2_guarded,13507,960,79,15,28765,0,190,79,691,0
confirm,job_h4,fast_v10,13505,0,0,0,0,0,0,0,0,0
confirm,tour_h4,random_residual,13501,0,578,0,28215,0,0,0,0,0
confirm,tour_h1,nsga2_guarded,13503,960,70,15,29353,0,198,70,692,0
confirm,rgv_h2,raw_linear,13507,960,165,15,37768,0,184,165,611,0
confirm,rgv_h1,random_residual,13510,0,499,0,30509,0,0,0,0,0
confirm,tour_h3,unguarded_linear,13509,960,44,15,44388,0,170,44,746,0
confirm,tour_h1,scalar_linear,13507,960,345,15,44421,0,203,345,412,0
confirm,tour_h1,fast_v10,13512,0,0,0,0,0,0,0,0,0
confirm,job_h1,unguarded_linear,13502,960,13,15,56801,0,191,13,756,0
confirm,tour_h1,unguarded_linear,13509,960,28,15,40986,0,184,28,748,0
confirm,job_h4,fast_v10,13506,0,0,0,0,0,0,0,0,0
confirm,rgv_h3,scalar_linear,13511,960,443,15,37075,0,197,443,320,0
confirm,job_h3,nsga2_typed,13503,0,0,0,0,0,0,0,0,0
confirm,rgv_h3,nsga2_typed,13501,0,0,0,0,0,0,0,0,0
confirm,job_h4,unguarded_linear,13512,960,60,15,29033,0,210,60,690,0
confirm,rgv_h3,nsga2_typed,13502,0,0,0,0,0,0,0,0,0
confirm,rgv_h2,scalar_linear,13508,960,425,15,37326,0,210,425,325,0
confirm,rgv_h2,nsga2_typed,13511,0,0,0,0,0,0,0,0,0
confirm,job_h1,scalar_linear,13507,960,202,15,56487,0,194,202,564,0
confirm,tour_h2,random_residual,13512,0,527,0,30889,0,0,0,0,0
confirm,rgv_h4,no_uncertainty_linear,13509,960,210,15,28168,0,196,210,554,0
confirm,job_h3,nsga2_guarded,13503,960,61,15,33000,0,192,61,707,0
confirm,tour_h2,raw_linear,13501,960,25,15,35512,0,180,25,755,0
confirm,job_h1,guarded_linear,13501,960,18,15,54809,0,205,18,737,0
confirm,job_h2,no_uncertainty_linear,13512,960,56,15,30965,0,198,56,706,0
confirm,rgv_h3,no_uncertainty_linear,13510,960,141,15,38494,0,184,141,635,0
confirm,tour_h1,nsga2_typed,13503,0,0,0,0,0,0,0,0,0
confirm,job_h2,nsga2_typed,13505,0,0,0,0,0,0,0,0,0
confirm,rgv_h3,no_uncertainty_linear,13509,960,202,15,31492,0,190,202,568,0
confirm,rgv_h4,random_residual,13505,0,534,0,32135,0,0,0,0,0
confirm,rgv_h2,raw_linear,13511,960,59,15,33662,0,176,59,725,0
confirm,job_h2,nsga2_guarded,13510,960,68,15,30855,0,208,68,684,0
confirm,tour_h3,nsga2_typed,13501,0,0,0,0,0,0,0,0,0
confirm,tour_h3,fast_v10,13501,0,0,0,0,0,0,0,0,0
confirm,rgv_h4,random_residual,13508,0,477,0,37675,0,0,0,0,0
confirm,tour_h2,nsga2_guarded,13512,960,60,15,28603,0,158,60,742,0
confirm,job_h2,no_uncertainty_linear,13502,960,32,15,32181,0,180,32,748,0
confirm,job_h4,unguarded_linear,13506,960,51,15,31846,0,197,51,712,0
confirm,rgv_h3,no_uncertainty_linear,13505,960,136,15,37343,0,193,136,631,0
confirm,job_h3,random_residual,13504,0,487,0,34550,0,0,0,0,0
confirm,job_h4,raw_linear,13508,960,35,15,28547,0,202,35,723,0
confirm,tour_h3,nsga2_guarded,13510,960,44,15,36738,0,196,44,720,0
confirm,job_h4,fast_v10,13512,0,0,0,0,0,0,0,0,0
confirm,job_h2,guarded_linear,13504,960,62,15,32474,0,187,62,711,0
confirm,tour_h4,scalar_linear,13512,960,584,15,26144,0,199,584,177,0
confirm,job_h1,scalar_linear,13508,960,178,15,57007,0,182,178,600,0
confirm,rgv_h4,fast_v10,13504,0,0,0,0,0,0,0,0,0
confirm,job_h2,unguarded_linear,13508,960,61,15,34486,0,190,61,709,0
confirm,job_h3,nsga2_guarded,13512,960,77,15,33390,0,205,77,678,0
confirm,rgv_h4,fast_v10,13510,0,0,0,0,0,0,0,0,0
confirm,tour_h3,scalar_linear,13511,960,329,15,48833,0,173,329,458,0
confirm,job_h1,random_residual,13506,0,213,0,52046,0,0,0,0,0
confirm,job_h1,raw_linear,13509,960,25,15,50667,0,185,25,750,0
confirm,rgv_h1,nsga2_guarded,13505,960,303,15,14967,0,202,303,455,0
confirm,tour_h2,fast_v10,13511,0,0,0,0,0,0,0,0,0
confirm,tour_h3,guarded_linear,13501,960,35,15,40968,0,211,35,714,0
confirm,tour_h2,fast_v10,13504,0,0,0,0,0,0,0,0,0
confirm,tour_h2,fast_v10,13510,0,0,0,0,0,0,0,0,0
confirm,rgv_h1,raw_linear,13501,960,106,15,29370,0,202,106,652,0
confirm,rgv_h4,random_residual,13504,0,542,0,30448,0,0,0,0,0
confirm,tour_h4,unguarded_linear,13501,960,74,15,27132,0,213,74,673,0
confirm,rgv_h1,nsga2_typed,13505,0,0,0,0,0,0,0,0,0
confirm,job_h4,unguarded_linear,13510,960,42,15,32914,0,185,42,733,0
confirm,rgv_h1,nsga2_typed,13506,0,0,0,0,0,0,0,0,0
confirm,tour_h4,nsga2_typed,13503,0,0,0,0,0,0,0,0,0
confirm,job_h3,guarded_linear,13507,960,35,15,37524,0,201,35,724,0
confirm,job_h3,no_uncertainty_linear,13502,960,37,15,37423,0,206,37,717,0
confirm,rgv_h3,random_residual,13501,0,509,0,29666,0,0,0,0,0
confirm,job_h1,random_residual,13503,0,208,0,56861,0,0,0,0,0
confirm,job_h2,nsga2_guarded,13508,960,73,15,27888,0,199,73,688,0
confirm,rgv_h2,fast_v10,13503,0,0,0,0,0,0,0,0,0
confirm,tour_h3,unguarded_linear,13504,960,47,15,38440,0,197,47,716,0
confirm,job_h3,raw_linear,13502,960,23,15,37781,0,191,23,746,0
confirm,rgv_h4,scalar_linear,13510,960,573,15,26849,0,201,573,186,0
confirm,tour_h4,raw_linear,13506,960,30,15,33888,0,208,30,722,0
confirm,tour_h2,no_uncertainty_linear,13512,960,38,15,29301,0,207,38,715,0
confirm,job_h1,raw_linear,13506,960,38,15,55873,0,178,38,744,0
confirm,job_h4,raw_linear,13505,960,37,15,27338,0,218,37,705,0
confirm,rgv_h4,scalar_linear,13512,960,547,15,30561,0,189,547,224,0
confirm,tour_h1,scalar_linear,13511,960,373,15,46591,0,173,373,414,0
confirm,job_h1,random_residual,13504,0,214,0,55283,0,0,0,0,0
confirm,job_h2,scalar_linear,13512,960,508,15,34700,0,193,508,259,0
confirm,rgv_h2,no_uncertainty_linear,13501,960,174,15,36119,0,194,174,592,0
confirm,tour_h4,fast_v10,13510,0,0,0,0,0,0,0,0,0
confirm,job_h3,random_residual,13503,0,379,0,41190,0,0,0,0,0
confirm,job_h2,random_residual,13501,0,528,0,31935,0,0,0,0,0
confirm,job_h1,no_uncertainty_linear,13507,960,10,15,56553,0,189,10,761,0
confirm,job_h1,random_residual,13507,0,233,0,53449,0,0,0,0,0
confirm,rgv_h2,guarded_linear,13501,960,250,15,32360,0,213,250,497,0
confirm,tour_h1,scalar_linear,13504,960,357,15,45946,0,189,357,414,0
confirm,tour_h3,unguarded_linear,13506,960,28,15,43138,0,209,28,723,0
confirm,rgv_h2,fast_v10,13512,0,0,0,0,0,0,0,0,0
confirm,tour_h1,nsga2_typed,13501,0,0,0,0,0,0,0,0,0
confirm,tour_h3,fast_v10,13505,0,0,0,0,0,0,0,0,0
confirm,tour_h1,unguarded_linear,13504,960,32,15,38375,0,204,32,724,0
confirm,rgv_h2,unguarded_linear,13501,960,250,15,32360,0,213,250,497,0
confirm,job_h3,unguarded_linear,13511,960,42,15,38317,0,202,42,716,0
confirm,job_h4,raw_linear,13504,960,27,15,36732,0,196,27,737,0
confirm,rgv_h3,guarded_linear,13512,960,195,15,36011,0,197,195,568,0
confirm,job_h4,nsga2_typed,13510,0,0,0,0,0,0,0,0,0
confirm,rgv_h4,nsga2_guarded,13502,960,277,15,21446,0,195,277,488,0
confirm,job_h2,raw_linear,13504,960,29,15,26715,0,192,29,739,0
confirm,rgv_h2,guarded_linear,13505,960,208,15,33688,0,202,208,550,0
confirm,job_h4,scalar_linear,13511,960,575,15,28455,0,186,575,199,0
confirm,rgv_h1,no_uncertainty_linear,13502,960,237,15,27538,0,179,237,544,0
confirm,tour_h2,nsga2_guarded,13505,960,81,15,28132,0,181,81,698,0
confirm,rgv_h4,fast_v10,13511,0,0,0,0,0,0,0,0,0
confirm,job_h3,random_residual,13510,0,515,0,32458,0,0,0,0,0
confirm,job_h3,raw_linear,13504,960,13,15,33806,0,199,13,748,0
confirm,job_h3,nsga2_guarded,13502,960,57,15,33238,0,204,57,699,0
confirm,tour_h2,raw_linear,13511,960,26,15,26658,0,195,26,739,0
confirm,rgv_h2,no_uncertainty_linear,13502,960,194,15,33930,0,198,194,568,0
confirm,tour_h3,random_residual,13509,0,415,0,39045,0,0,0,0,0
confirm,job_h1,no_uncertainty_linear,13508,960,18,15,55389,0,196,18,746,0
confirm,tour_h1,random_residual,13503,0,488,0,35792,0,0,0,0,0
confirm,tour_h4,scalar_linear,13501,960,567,15,26791,0,207,567,186,0
confirm,job_h2,guarded_linear,13505,960,52,15,32243,0,209,52,699,0
confirm,tour_h3,nsga2_guarded,13509,960,61,15,35287,0,180,61,719,0
confirm,tour_h4,fast_v10,13508,0,0,0,0,0,0,0,0,0
confirm,rgv_h1,nsga2_guarded,13508,960,307,15,15421,0,183,307,470,0
confirm,job_h3,fast_v10,13503,0,0,0,0,0,0,0,0,0
confirm,tour_h4,nsga2_typed,13502,0,0,0,0,0,0,0,0,0
confirm,rgv_h4,guarded_linear,13501,960,232,15,29065,0,182,232,546,0
confirm,rgv_h2,no_uncertainty_linear,13508,960,185,15,35851,0,181,185,594,0
confirm,rgv_h3,no_uncertainty_linear,13508,960,131,15,43863,0,195,131,634,0
confirm,rgv_h2,nsga2_guarded,13512,960,311,15,20356,0,181,311,468,0
confirm,job_h4,random_residual,13510,0,437,0,38615,0,0,0,0,0
confirm,job_h4,fast_v10,13510,0,0,0,0,0,0,0,0,0
confirm,job_h2,random_residual,13503,0,549,0,29625,0,0,0,0,0
confirm,job_h4,nsga2_typed,13502,0,0,0,0,0,0,0,0,0
confirm,job_h4,nsga2_typed,13509,0,0,0,0,0,0,0,0,0
confirm,rgv_h3,raw_linear,13512,960,194,15,30577,128,173,194,465,0
confirm,tour_h2,no_uncertainty_linear,13509,960,43,15,28115,0,214,43,703,0
confirm,job_h2,raw_linear,13507,960,10,15,30650,64,175,10,711,0
confirm,rgv_h2,unguarded_linear,13511,960,223,15,33889,0,202,223,535,0
confirm,tour_h3,guarded_linear,13505,960,29,15,41742,0,229,29,702,0
confirm,rgv_h3,random_residual,13509,0,501,0,31672,0,0,0,0,0
confirm,rgv_h4,random_residual,13502,0,572,0,29130,0,0,0,0,0
confirm,rgv_h4,nsga2_guarded,13503,960,220,15,29256,0,195,220,545,0
confirm,tour_h1,nsga2_typed,13510,0,0,0,0,0,0,0,0,0
confirm,tour_h4,nsga2_guarded,13503,960,72,15,28306,0,208,72,680,0
confirm,rgv_h2,nsga2_guarded,13503,960,277,15,20030,0,195,277,488,0
confirm,job_h4,random_residual,13512,0,533,0,33013,0,0,0,0,0
confirm,job_h1,guarded_linear,13508,960,20,15,54921,0,208,20,732,0
confirm,job_h4,guarded_linear,13504,960,63,15,31776,0,184,63,713,0
confirm,tour_h4,random_residual,13506,0,527,0,35917,0,0,0,0,0
confirm,job_h4,guarded_linear,13505,960,45,15,35629,0,172,45,743,0
confirm,tour_h1,fast_v10,13509,0,0,0,0,0,0,0,0,0
confirm,tour_h2,unguarded_linear,13507,960,40,15,31380,0,177,40,743,0
confirm,rgv_h2,guarded_linear,13510,960,215,15,39604,0,162,215,583,0
confirm,tour_h2,raw_linear,13503,960,36,15,34398,0,201,36,723,0
confirm,job_h3,random_residual,13509,0,478,0,36970,0,0,0,0,0
confirm,tour_h1,unguarded_linear,13506,960,33,15,32496,0,222,33,705,0
confirm,job_h3,guarded_linear,13504,960,36,15,37514,0,214,36,710,0
confirm,rgv_h4,random_residual,13509,0,585,0,23873,0,0,0,0,0
confirm,job_h4,guarded_linear,13507,960,79,15,28918,0,219,79,662,0
confirm,job_h4,raw_linear,13507,960,28,15,34904,0,185,28,747,0
confirm,rgv_h2,no_uncertainty_linear,13503,960,149,15,34519,0,210,149,601,0
confirm,job_h4,nsga2_typed,13511,0,0,0,0,0,0,0,0,0
confirm,rgv_h3,fast_v10,13511,0,0,0,0,0,0,0,0,0
confirm,job_h1,raw_linear,13508,960,21,15,55904,0,196,21,743,0
confirm,tour_h3,nsga2_guarded,13507,960,58,15,35954,0,177,58,725,0
confirm,tour_h3,scalar_linear,13506,960,264,15,51566,0,183,264,513,0
confirm,rgv_h3,nsga2_typed,13508,0,0,0,0,0,0,0,0,0
confirm,tour_h1,fast_v10,13510,0,0,0,0,0,0,0,0,0
confirm,job_h2,raw_linear,13502,960,18,15,35630,0,197,18,745,0
confirm,rgv_h4,raw_linear,13503,960,155,15,35775,64,174,155,567,0
confirm,tour_h1,raw_linear,13507,960,25,15,41564,0,215,25,720,0
confirm,tour_h1,guarded_linear,13507,960,34,15,40293,0,181,34,745,0
confirm,job_h4,raw_linear,13501,960,30,15,31600,0,196,30,734,0
confirm,tour_h3,guarded_linear,13509,960,44,15,44388,0,170,44,746,0
confirm,tour_h2,nsga2_typed,13507,0,0,0,0,0,0,0,0,0
confirm,job_h2,guarded_linear,13507,960,56,15,34192,0,187,56,717,0
confirm,tour_h3,scalar_linear,13507,960,269,15,51254,0,189,269,502,0
confirm,tour_h1,no_uncertainty_linear,13504,960,22,15,40355,0,214,22,724,0
confirm,rgv_h3,fast_v10,13510,0,0,0,0,0,0,0,0,0
confirm,rgv_h1,nsga2_guarded,13510,960,317,15,19801,0,182,317,461,0
confirm,rgv_h3,nsga2_typed,13510,0,0,0,0,0,0,0,0,0
confirm,rgv_h4,nsga2_guarded,13505,960,281,15,25148,0,186,281,493,0
confirm,tour_h3,nsga2_guarded,13511,960,52,15,35533,0,166,52,742,0
confirm,job_h4,random_residual,13505,0,531,0,28601,0,0,0,0,0
confirm,job_h3,raw_linear,13501,960,30,15,34741,0,181,30,749,0
confirm,job_h1,guarded_linear,13504,960,20,15,57431,0,196,20,744,0
confirm,rgv_h1,guarded_linear,13501,960,204,15,34962,0,189,204,567,0
confirm,tour_h4,scalar_linear,13504,960,588,15,27310,0,199,588,173,0
confirm,job_h2,no_uncertainty_linear,13510,960,68,15,33061,0,200,68,692,0
confirm,job_h3,no_uncertainty_linear,13511,960,36,15,33728,0,215,36,709,0
confirm,tour_h1,nsga2_typed,13512,0,0,0,0,0,0,0,0,0
confirm,job_h2,nsga2_typed,13504,0,0,0,0,0,0,0,0,0
confirm,rgv_h2,fast_v10,13511,0,0,0,0,0,0,0,0,0
confirm,job_h4,nsga2_typed,13503,0,0,0,0,0,0,0,0,0
confirm,job_h3,no_uncertainty_linear,13505,960,34,15,35059,0,199,34,727,0
confirm,tour_h3,nsga2_guarded,13505,960,52,15,35921,0,196,52,712,0
confirm,tour_h1,no_uncertainty_linear,13508,960,28,15,37221,0,196,28,736,0
confirm,rgv_h2,random_residual,13512,0,492,0,29429,0,0,0,0,0
confirm,job_h4,guarded_linear,13511,960,56,15,34266,0,192,56,712,0
confirm,rgv_h1,guarded_linear,13511,960,292,15,34051,0,188,292,480,0
confirm,tour_h2,scalar_linear,13509,960,543,15,32292,0,181,543,236,0
confirm,tour_h2,nsga2_guarded,13511,960,59,15,29216,0,196,59,705,0
confirm,rgv_h1,no_uncertainty_linear,13505,960,230,15,28767,0,194,230,536,0
confirm,tour_h1,raw_linear,13510,960,14,15,39766,0,193,14,753,0
confirm,job_h2,raw_linear,13501,960,27,15,32101,0,191,27,742,0
confirm,job_h2,guarded_linear,13509,960,68,15,31243,0,189,68,703,0
confirm,tour_h2,no_uncertainty_linear,13502,960,29,15,30214,0,186,29,745,0
confirm,tour_h2,random_residual,13503,0,516,0,33939,0,0,0,0,0
confirm,job_h1,guarded_linear,13502,960,13,15,56801,0,191,13,756,0
confirm,job_h1,guarded_linear,13510,960,18,15,56618,0,191,18,751,0
confirm,rgv_h3,nsga2_guarded,13507,960,291,15,22939,0,183,291,486,0
confirm,tour_h4,random_residual,13512,0,574,0,28727,0,0,0,0,0
confirm,rgv_h4,fast_v10,13502,0,0,0,0,0,0,0,0,0
confirm,tour_h3,unguarded_linear,13503,960,35,15,41770,0,198,35,727,0
confirm,tour_h2,nsga2_guarded,13501,960,50,15,28261,0,194,50,716,0
confirm,tour_h3,no_uncertainty_linear,13505,960,25,15,45152,0,202,25,733,0
confirm,rgv_h2,random_residual,13505,0,453,0,34514,0,0,0,0,0
confirm,tour_h2,nsga2_guarded,13502,960,75,15,26934,0,205,75,680,0
confirm,tour_h2,nsga2_typed,13502,0,0,0,0,0,0,0,0,0
confirm,rgv_h2,scalar_linear,13506,960,366,15,42014,0,199,366,395,0
confirm,rgv_h4,scalar_linear,13508,960,508,15,32885,0,201,508,251,0
confirm,tour_h3,nsga2_guarded,13508,960,60,15,35990,0,198,60,702,0
confirm,rgv_h4,unguarded_linear,13503,960,161,15,39249,0,205,161,594,0
confirm,tour_h2,guarded_linear,13510,960,44,15,31011,0,188,44,728,0
confirm,tour_h2,scalar_linear,13511,960,574,15,27771,0,180,574,206,0
confirm,job_h1,scalar_linear,13504,960,195,15,54799,0,220,195,545,0
confirm,rgv_h2,nsga2_typed,13503,0,0,0,0,0,0,0,0,0
confirm,job_h2,random_residual,13502,0,500,0,33692,0,0,0,0,0
confirm,rgv_h1,scalar_linear,13503,960,428,15,37446,0,209,428,323,0
confirm,job_h3,scalar_linear,13508,960,448,15,42270,0,182,448,330,0
confirm,job_h3,unguarded_linear,13512,960,38,15,37743,0,195,38,727,0
confirm,tour_h3,nsga2_typed,13506,0,0,0,0,0,0,0,0,0
confirm,rgv_h4,nsga2_typed,13505,0,0,0,0,0,0,0,0,0
confirm,tour_h2,guarded_linear,13506,960,31,15,34049,0,205,31,724,0
confirm,job_h1,random_residual,13510,0,185,0,56354,0,0,0,0,0
confirm,tour_h4,fast_v10,13507,0,0,0,0,0,0,0,0,0
confirm,tour_h1,guarded_linear,13506,960,33,15,32496,0,222,33,705,0
confirm,tour_h1,nsga2_typed,13509,0,0,0,0,0,0,0,0,0
confirm,job_h3,raw_linear,13506,960,18,15,40929,0,204,18,738,0
confirm,tour_h2,fast_v10,13512,0,0,0,0,0,0,0,0,0
confirm,tour_h2,random_residual,13505,0,538,0,29028,0,0,0,0,0
confirm,job_h2,unguarded_linear,13512,960,59,15,30942,0,186,59,715,0
confirm,job_h1,fast_v10,13502,0,0,0,0,0,0,0,0,0
confirm,job_h4,nsga2_guarded,13510,960,64,15,29074,0,200,64,696,0
confirm,tour_h3,guarded_linear,13502,960,39,15,41021,0,207,39,714,0
confirm,job_h4,nsga2_guarded,13505,960,70,15,29949,0,193,70,697,0
confirm,rgv_h3,no_uncertainty_linear,13501,960,153,15,36420,0,185,153,622,0
confirm,tour_h3,nsga2_guarded,13501,960,56,15,34038,0,219,56,685,0
confirm,tour_h4,guarded_linear,13504,960,61,15,29851,0,196,61,703,0
confirm,tour_h3,raw_linear,13508,960,29,15,48847,0,194,29,737,0
confirm,job_h4,nsga2_guarded,13511,960,91,15,27825,0,186,91,683,0
confirm,job_h3,unguarded_linear,13509,960,23,15,41048,0,190,23,747,0
confirm,rgv_h3,no_uncertainty_linear,13506,960,169,15,35980,0,187,169,604,0
confirm,tour_h4,nsga2_guarded,13504,960,88,15,26432,0,175,88,697,0
confirm,job_h3,fast_v10,13511,0,0,0,0,0,0,0,0,0
confirm,tour_h3,guarded_linear,13503,960,35,15,41770,0,198,35,727,0
confirm,rgv_h4,raw_linear,13512,960,103,15,10482,512,114,103,231,0
confirm,rgv_h2,random_residual,13509,0,505,0,32920,0,0,0,0,0
confirm,rgv_h2,nsga2_guarded,13510,960,318,15,21474,0,187,318,455,0
confirm,job_h1,nsga2_guarded,13508,960,49,15,46065,0,178,49,733,0
confirm,tour_h3,fast_v10,13511,0,0,0,0,0,0,0,0,0
confirm,job_h1,unguarded_linear,13509,960,20,15,56749,0,190,20,750,0
confirm,tour_h1,random_residual,13510,0,438,0,41006,0,0,0,0,0
confirm,rgv_h1,fast_v10,13512,0,0,0,0,0,0,0,0,0
confirm,tour_h3,no_uncertainty_linear,13509,960,32,15,42407,0,179,32,749,0
confirm,rgv_h1,nsga2_typed,13509,0,0,0,0,0,0,0,0,0
confirm,job_h4,scalar_linear,13507,960,582,15,24390,0,207,582,171,0
confirm,rgv_h4,guarded_linear,13510,960,239,15,26842,64,204,239,453,0
confirm,rgv_h2,nsga2_typed,13509,0,0,0,0,0,0,0,0,0
confirm,rgv_h2,scalar_linear,13510,960,436,15,40241,0,173,436,351,0
confirm,job_h2,nsga2_typed,13512,0,0,0,0,0,0,0,0,0
confirm,job_h4,no_uncertainty_linear,13510,960,37,15,30785,0,173,37,750,0
confirm,job_h4,nsga2_guarded,13508,960,84,15,26334,0,201,84,675,0
confirm,rgv_h1,raw_linear,13508,960,85,15,33316,64,196,85,615,0
confirm,tour_h3,random_residual,13508,0,328,0,47929,0,0,0,0,0
confirm,job_h2,unguarded_linear,13502,960,60,15,32603,0,191,60,709,0
confirm,job_h4,unguarded_linear,13505,960,45,15,35629,0,172,45,743,0
confirm,rgv_h3,raw_linear,13502,960,201,15,32217,0,211,201,548,0
confirm,job_h4,nsga2_guarded,13502,960,91,15,29844,0,199,91,670,0
confirm,job_h2,unguarded_linear,13510,960,60,15,34019,0,192,60,708,0
confirm,tour_h4,random_residual,13504,0,548,0,31628,0,0,0,0,0
confirm,tour_h4,random_residual,13510,0,562,0,28473,0,0,0,0,0
confirm,job_h3,nsga2_typed,13507,0,0,0,0,0,0,0,0,0
confirm,rgv_h2,scalar_linear,13511,960,454,15,35923,0,192,454,314,0
confirm,tour_h2,no_uncertainty_linear,13507,960,36,15,28620,0,199,36,725,0
confirm,tour_h1,guarded_linear,13504,960,32,15,38375,0,204,32,724,0
confirm,rgv_h3,scalar_linear,13501,960,418,15,38167,0,187,418,355,0
confirm,rgv_h2,nsga2_guarded,13505,960,263,15,20608,0,184,263,513,0
confirm,rgv_h4,no_uncertainty_linear,13506,960,201,15,31863,0,190,201,569,0
confirm,rgv_h4,nsga2_guarded,13509,960,259,15,21119,0,209,259,492,0
confirm,rgv_h3,nsga2_guarded,13502,960,302,15,19121,0,176,302,482,0
confirm,rgv_h3,guarded_linear,13511,960,200,15,35637,0,187,200,573,0
confirm,tour_h2,fast_v10,13503,0,0,0,0,0,0,0,0,0
confirm,tour_h4,unguarded_linear,13512,960,58,15,30384,0,209,58,693,0
confirm,job_h1,no_uncertainty_linear,13512,960,17,15,56423,0,191,17,752,0
confirm,rgv_h2,scalar_linear,13507,960,414,15,40288,0,194,414,352,0
confirm,rgv_h4,nsga2_guarded,13507,960,273,15,25605,0,150,273,537,0
confirm,rgv_h3,fast_v10,13503,0,0,0,0,0,0,0,0,0
confirm,tour_h2,raw_linear,13505,960,18,15,29910,0,180,18,762,0
confirm,job_h3,nsga2_guarded,13510,960,60,15,31382,0,192,60,708,0
confirm,tour_h2,random_residual,13511,0,551,0,29200,0,0,0,0,0
confirm,job_h2,fast_v10,13503,0,0,0,0,0,0,0,0,0
confirm,job_h4,nsga2_typed,13504,0,0,0,0,0,0,0,0,0
confirm,job_h1,nsga2_guarded,13506,960,59,15,40241,0,187,59,714,0
confirm,job_h2,raw_linear,13510,960,21,15,31616,0,192,21,747,0
confirm,tour_h3,raw_linear,13509,960,37,15,47213,0,182,37,741,0
confirm,rgv_h4,no_uncertainty_linear,13505,960,170,15,29495,0,211,170,579,0
confirm,rgv_h3,nsga2_guarded,13508,960,312,15,18117,0,183,312,465,0
confirm,rgv_h3,no_uncertainty_linear,13507,960,128,15,38923,0,189,128,643,0
confirm,rgv_h2,fast_v10,13507,0,0,0,0,0,0,0,0,0
confirm,job_h1,unguarded_linear,13501,960,18,15,54809,0,205,18,737,0
confirm,tour_h3,guarded_linear,13511,960,36,15,41850,0,207,36,717,0
confirm,job_h1,random_residual,13508,0,213,0,54436,0,0,0,0,0
confirm,rgv_h3,raw_linear,13511,960,223,15,25969,64,163,223,510,0
confirm,job_h1,nsga2_typed,13505,0,0,0,0,0,0,0,0,0
confirm,rgv_h2,nsga2_typed,13510,0,0,0,0,0,0,0,0,0
confirm,job_h1,fast_v10,13508,0,0,0,0,0,0,0,0,0
confirm,job_h1,nsga2_typed,13501,0,0,0,0,0,0,0,0,0
confirm,tour_h4,nsga2_typed,13504,0,0,0,0,0,0,0,0,0
confirm,tour_h3,unguarded_linear,13508,960,36,15,42630,0,187,36,737,0
confirm,rgv_h2,unguarded_linear,13512,960,234,15,35490,0,204,234,522,0
confirm,rgv_h3,nsga2_guarded,13504,960,267,15,20142,0,218,267,475,0
confirm,rgv_h1,raw_linear,13512,960,185,15,29239,64,192,185,519,0
confirm,tour_h3,guarded_linear,13506,960,28,15,43138,0,209,28,723,0
confirm,tour_h3,nsga2_typed,13503,0,0,0,0,0,0,0,0,0
confirm,tour_h1,scalar_linear,13505,960,348,15,45046,0,200,348,412,0
confirm,rgv_h1,nsga2_guarded,13501,960,311,15,16398,0,196,311,453,0
confirm,job_h4,scalar_linear,13504,960,558,15,28342,0,194,558,208,0
confirm,rgv_h1,unguarded_linear,13502,960,249,15,27443,0,215,249,496,0
confirm,job_h2,fast_v10,13508,0,0,0,0,0,0,0,0,0
confirm,job_h1,random_residual,13512,0,182,0,56621,0,0,0,0,0
confirm,rgv_h1,guarded_linear,13510,960,166,15,36099,0,188,166,606,0
confirm,rgv_h1,scalar_linear,13502,960,550,15,28754,0,175,550,235,0
confirm,tour_h4,raw_linear,13510,960,24,15,31889,0,186,24,750,0
confirm,rgv_h4,nsga2_guarded,13508,960,287,15,24623,0,178,287,495,0
confirm,rgv_h2,guarded_linear,13502,960,228,15,33996,0,201,228,531,0
confirm,tour_h3,nsga2_typed,13504,0,0,0,0,0,0,0,0,0
confirm,tour_h2,unguarded_linear,13508,960,29,15,29647,0,184,29,747,0
confirm,rgv_h4,no_uncertainty_linear,13510,960,183,15,31722,0,202,183,575,0
confirm,tour_h1,random_residual,13501,0,403,0,40512,0,0,0,0,0
confirm,job_h3,nsga2_typed,13511,0,0,0,0,0,0,0,0,0
confirm,job_h1,random_residual,13501,0,221,0,56484,0,0,0,0,0
confirm,job_h1,raw_linear,13504,960,24,15,57410,0,181,24,755,0
confirm,rgv_h2,fast_v10,13502,0,0,0,0,0,0,0,0,0
confirm,job_h1,no_uncertainty_linear,13502,960,10,15,57381,0,186,10,764,0
confirm,job_h1,unguarded_linear,13503,960,9,15,56931,0,195,9,756,0
confirm,rgv_h2,fast_v10,13504,0,0,0,0,0,0,0,0,0
confirm,job_h1,fast_v10,13509,0,0,0,0,0,0,0,0,0
confirm,job_h2,nsga2_typed,13502,0,0,0,0,0,0,0,0,0
confirm,rgv_h4,no_uncertainty_linear,13507,960,134,15,39002,0,208,134,618,0
confirm,rgv_h2,no_uncertainty_linear,13506,960,134,15,42708,0,171,134,655,0
confirm,rgv_h3,random_residual,13508,0,494,0,32258,0,0,0,0,0
confirm,rgv_h2,fast_v10,13501,0,0,0,0,0,0,0,0,0
confirm,tour_h1,raw_linear,13504,960,16,15,41761,0,192,16,752,0
confirm,tour_h1,random_residual,13505,0,445,0,39458,0,0,0,0,0
confirm,tour_h2,fast_v10,13508,0,0,0,0,0,0,0,0,0
confirm,job_h2,unguarded_linear,13505,960,52,15,32243,0,209,52,699,0
confirm,tour_h4,no_uncertainty_linear,13505,960,34,15,32749,0,188,34,738,0
confirm,rgv_h2,nsga2_typed,13504,0,0,0,0,0,0,0,0,0
confirm,tour_h3,nsga2_typed,13509,0,0,0,0,0,0,0,0,0
confirm,rgv_h1,no_uncertainty_linear,13506,960,154,15,35978,0,205,154,601,0
confirm,job_h3,unguarded_linear,13503,960,32,15,35550,0,205,32,723,0
confirm,tour_h1,scalar_linear,13508,960,418,15,42553,0,193,418,349,0
confirm,tour_h3,unguarded_linear,13511,960,36,15,41850,0,207,36,717,0
confirm,tour_h4,nsga2_typed,13506,0,0,0,0,0,0,0,0,0
confirm,rgv_h3,unguarded_linear,13505,960,201,15,34252,0,190,201,569,0
confirm,job_h1,raw_linear,13503,960,9,15,55394,0,196,9,755,0
confirm,tour_h4,fast_v10,13505,0,0,0,0,0,0,0,0,0
confirm,tour_h4,nsga2_guarded,13505,960,55,15,29795,0,190,55,715,0
confirm,tour_h1,raw_linear,13512,960,25,15,39463,0,179,25,756,0
confirm,job_h1,no_uncertainty_linear,13504,960,19,15,56740,0,166,19,775,0
confirm,tour_h4,unguarded_linear,13510,960,57,15,29308,0,191,57,712,0
confirm,tour_h2,nsga2_typed,13512,0,0,0,0,0,0,0,0,0
confirm,tour_h1,nsga2_guarded,13511,960,54,15,32866,0,192,54,714,0
confirm,rgv_h3,guarded_linear,13509,960,181,15,34859,0,211,181,568,0
confirm,job_h3,guarded_linear,13508,960,34,15,38225,0,203,34,723,0
confirm,tour_h3,no_uncertainty_linear,13512,960,32,15,43794,0,181,32,747,0
confirm,job_h1,scalar_linear,13511,960,207,15,56748,0,184,207,569,0
confirm,tour_h4,raw_linear,13501,960,40,15,29734,0,199,40,721,0
confirm,tour_h2,guarded_linear,13508,960,29,15,29647,0,184,29,747,0
confirm,rgv_h2,fast_v10,13506,0,0,0,0,0,0,0,0,0
confirm,tour_h1,unguarded_linear,13503,960,62,15,33186,0,206,62,692,0
confirm,job_h3,unguarded_linear,13504,960,36,15,37514,0,214,36,710,0
confirm,tour_h1,scalar_linear,13503,960,485,15,36434,0,183,485,292,0
confirm,tour_h1,raw_linear,13505,960,27,15,35262,0,189,27,744,0
confirm,tour_h1,fast_v10,13506,0,0,0,0,0,0,0,0,0
confirm,job_h2,scalar_linear,13509,960,507,15,34938,0,200,507,253,0
confirm,tour_h3,nsga2_guarded,13512,960,49,15,35513,0,196,49,715,0
confirm,rgv_h3,scalar_linear,13506,960,391,15,40340,0,186,391,383,0
confirm,tour_h1,random_residual,13512,0,404,0,41377,0,0,0,0,0
confirm,tour_h2,nsga2_typed,13509,0,0,0,0,0,0,0,0,0
confirm,tour_h1,random_residual,13507,0,376,0,42284,0,0,0,0,0
confirm,job_h1,raw_linear,13507,960,15,15,58321,0,183,15,762,0
confirm,rgv_h4,guarded_linear,13502,960,236,15,30589,0,181,236,543,0
confirm,rgv_h4,fast_v10,13503,0,0,0,0,0,0,0,0,0
confirm,job_h2,scalar_linear,13507,960,447,15,40769,0,179,447,334,0
confirm,tour_h4,nsga2_typed,13501,0,0,0,0,0,0,0,0,0
confirm,rgv_h4,unguarded_linear,13511,960,238,15,33666,0,183,238,539,0
confirm,tour_h2,nsga2_typed,13510,0,0,0,0,0,0,0,0,0
confirm,rgv_h2,no_uncertainty_linear,13507,960,157,15,35608,0,201,157,602,0
confirm,rgv_h1,nsga2_guarded,13509,960,314,15,18426,0,176,314,470,0
confirm,tour_h1,guarded_linear,13503,960,62,15,33186,0,206,62,692,0
confirm,tour_h3,random_residual,13505,0,374,0,43420,0,0,0,0,0
confirm,rgv_h1,guarded_linear,13502,960,249,15,27443,0,215,249,496,0
confirm,job_h2,no_uncertainty_linear,13503,960,54,15,28696,0,188,54,718,0
confirm,tour_h4,no_uncertainty_linear,13506,960,50,15,29169,0,182,50,728,0
confirm,tour_h1,nsga2_guarded,13509,960,65,15,32543,0,205,65,690,0
confirm,rgv_h3,random_residual,13504,0,426,0,38048,0,0,0,0,0
confirm,tour_h3,fast_v10,13502,0,0,0,0,0,0,0,0,0
confirm,tour_h2,nsga2_typed,13505,0,0,0,0,0,0,0,0,0
confirm,tour_h2,random_residual,13510,0,524,0,29666,0,0,0,0,0
confirm,rgv_h3,nsga2_guarded,13511,960,367,15,18760,0,157,367,436,0
confirm,job_h3,nsga2_guarded,13508,960,71,15,33195,0,174,71,715,0
confirm,tour_h4,guarded_linear,13511,960,68,15,29884,0,206,68,686,0
confirm,job_h1,scalar_linear,13509,960,182,15,56229,0,196,182,582,0
confirm,rgv_h3,scalar_linear,13503,960,436,15,39271,0,179,436,345,0
confirm,rgv_h1,raw_linear,13505,960,97,15,31350,0,177,97,686,0
confirm,job_h1,raw_linear,13510,960,2,15,55978,0,207,2,751,0
confirm,rgv_h1,nsga2_typed,13511,0,0,0,0,0,0,0,0,0
confirm,rgv_h3,guarded_linear,13505,960,201,15,34252,0,190,201,569,0
confirm,rgv_h1,guarded_linear,13509,960,248,15,28119,0,200,248,512,0
confirm,rgv_h4,no_uncertainty_linear,13508,960,186,15,30908,0,195,186,579,0
confirm,rgv_h1,fast_v10,13501,0,0,0,0,0,0,0,0,0
confirm,tour_h2,fast_v10,13506,0,0,0,0,0,0,0,0,0
confirm,job_h4,fast_v10,13504,0,0,0,0,0,0,0,0,0
confirm,rgv_h4,scalar_linear,13511,960,577,15,32564,0,182,577,201,0
confirm,tour_h4,scalar_linear,13511,960,533,15,35562,0,171,533,256,0
confirm,tour_h1,scalar_linear,13512,960,422,15,40925,0,207,422,331,0
confirm,tour_h4,raw_linear,13512,960,27,15,28408,0,191,27,742,0
confirm,rgv_h1,guarded_linear,13505,960,290,15,27158,0,221,290,449,0
confirm,tour_h1,raw_linear,13502,960,40,15,34850,0,193,40,727,0
confirm,rgv_h2,nsga2_guarded,13504,960,291,15,18870,0,181,291,488,0
confirm,rgv_h3,unguarded_linear,13504,960,164,15,37440,0,206,164,590,0
confirm,rgv_h1,no_uncertainty_linear,13503,960,161,15,33342,0,223,161,576,0
confirm,tour_h1,no_uncertainty_linear,13507,960,35,15,33295,0,206,35,719,0
confirm,rgv_h3,scalar_linear,13510,960,381,15,40180,0,207,381,372,0
confirm,tour_h4,guarded_linear,13509,960,51,15,32317,0,169,51,740,0
confirm,tour_h4,unguarded_linear,13502,960,62,15,25199,0,195,62,703,0
confirm,job_h3,unguarded_linear,13508,960,34,15,38225,0,203,34,723,0
confirm,tour_h4,unguarded_linear,13511,960,68,15,29884,0,206,68,686,0
confirm,job_h4,no_uncertainty_linear,13501,960,43,15,32557,0,194,43,723,0
confirm,rgv_h1,unguarded_linear,13504,960,190,15,31639,0,210,190,560,0
confirm,tour_h1,no_uncertainty_linear,13501,960,25,15,41443,0,194,25,741,0
confirm,job_h2,scalar_linear,13501,960,507,15,36085,0,183,507,270,0
confirm,rgv_h3,raw_linear,13506,960,220,15,31445,128,174,220,438,0
confirm,job_h2,guarded_linear,13510,960,60,15,34019,0,192,60,708,0
confirm,tour_h1,unguarded_linear,13502,960,43,15,35822,0,191,43,726,0
confirm,job_h4,scalar_linear,13503,960,553,15,33712,0,163,553,244,0
confirm,tour_h3,guarded_linear,13512,960,28,15,41474,0,206,28,726,0
confirm,job_h3,guarded_linear,13502,960,34,15,33569,0,209,34,717,0
confirm,job_h3,no_uncertainty_linear,13512,960,32,15,38778,0,187,32,741,0
confirm,rgv_h2,unguarded_linear,13508,960,182,15,37037,0,201,182,577,0
confirm,job_h3,scalar_linear,13503,960,456,15,40592,0,177,456,327,0
confirm,rgv_h2,random_residual,13511,0,503,0,29823,0,0,0,0,0
confirm,job_h1,nsga2_guarded,13505,960,28,15,50663,0,189,28,743,0
confirm,job_h1,nsga2_guarded,13512,960,54,15,44947,0,193,54,713,0
confirm,rgv_h3,scalar_linear,13509,960,478,15,33882,0,197,478,285,0
confirm,rgv_h2,guarded_linear,13503,960,139,15,40742,0,184,139,637,0
confirm,job_h3,raw_linear,13510,960,27,15,35554,0,179,27,754,0
confirm,job_h1,nsga2_typed,13509,0,0,0,0,0,0,0,0,0
confirm,tour_h1,no_uncertainty_linear,13502,960,24,15,36166,0,174,24,762,0
confirm,rgv_h4,random_residual,13507,0,597,0,29597,0,0,0,0,0
confirm,job_h1,fast_v10,13505,0,0,0,0,0,0,0,0,0
confirm,tour_h4,unguarded_linear,13504,960,61,15,29851,0,196,61,703,0
confirm,rgv_h2,guarded_linear,13511,960,223,15,33889,0,202,223,535,0
confirm,tour_h3,fast_v10,13503,0,0,0,0,0,0,0,0,0
confirm,job_h1,nsga2_typed,13510,0,0,0,0,0,0,0,0,0
confirm,tour_h4,unguarded_linear,13505,960,73,15,26926,0,193,73,694,0
confirm,rgv_h3,nsga2_typed,13507,0,0,0,0,0,0,0,0,0
confirm,tour_h2,scalar_linear,13503,960,541,15,29374,0,199,541,220,0
confirm,rgv_h3,no_uncertainty_linear,13511,960,167,15,37935,0,199,167,594,0
confirm,job_h2,fast_v10,13511,0,0,0,0,0,0,0,0,0
confirm,rgv_h1,scalar_linear,13504,960,526,15,29146,0,192,526,242,0
confirm,tour_h3,scalar_linear,13504,960,362,15,43628,0,203,362,395,0
confirm,tour_h1,nsga2_guarded,13505,960,71,15,30581,0,197,71,692,0
confirm,rgv_h1,unguarded_linear,13512,960,270,15,29635,0,164,270,526,0
confirm,rgv_h2,no_uncertainty_linear,13511,960,162,15,37481,0,179,162,619,0
confirm,rgv_h1,nsga2_typed,13507,0,0,0,0,0,0,0,0,0
confirm,job_h4,no_uncertainty_linear,13507,960,43,15,31373,0,186,43,731,0
confirm,rgv_h4,nsga2_typed,13502,0,0,0,0,0,0,0,0,0
confirm,rgv_h2,random_residual,13504,0,476,0,32847,0,0,0,0,0
confirm,tour_h2,nsga2_guarded,13503,960,71,15,28205,0,190,71,699,0
confirm,tour_h2,nsga2_typed,13504,0,0,0,0,0,0,0,0,0
confirm,rgv_h3,unguarded_linear,13508,960,157,15,39585,0,194,157,609,0
confirm,job_h3,nsga2_typed,13508,0,0,0,0,0,0,0,0,0
confirm,rgv_h1,no_uncertainty_linear,13512,960,242,15,26651,0,192,242,526,0
confirm,rgv_h1,nsga2_guarded,13502,960,333,15,20370,0,203,333,424,0
confirm,rgv_h1,nsga2_typed,13512,0,0,0,0,0,0,0,0,0
confirm,tour_h4,raw_linear,13507,960,31,15,30210,0,175,31,754,0
confirm,rgv_h1,nsga2_guarded,13511,960,353,15,17965,0,184,353,423,0
confirm,job_h2,fast_v10,13501,0,0,0,0,0,0,0,0,0
confirm,tour_h1,random_residual,13502,0,515,0,33908,0,0,0,0,0
confirm,rgv_h4,guarded_linear,13508,960,173,15,40023,0,212,173,575,0
confirm,job_h3,no_uncertainty_linear,13509,960,28,15,37654,0,192,28,740,0
confirm,rgv_h4,guarded_linear,13512,960,214,15,28476,0,199,214,547,0
confirm,rgv_h3,random_residual,13503,0,438,0,33798,0,0,0,0,0
confirm,rgv_h1,no_uncertainty_linear,13504,960,147,15,34163,0,186,147,627,0
confirm,job_h4,guarded_linear,13502,960,61,15,30610,0,192,61,707,0
confirm,rgv_h3,nsga2_guarded,13509,960,295,15,19878,0,205,295,460,0
confirm,rgv_h4,scalar_linear,13506,960,328,15,45270,0,192,328,440,0
confirm,rgv_h3,raw_linear,13510,960,154,15,33876,128,165,154,513,0
confirm,tour_h4,unguarded_linear,13503,960,61,15,27375,0,182,61,717,0
confirm,rgv_h3,scalar_linear,13504,960,395,15,40047,0,192,395,373,0
confirm,tour_h1,nsga2_guarded,13512,960,56,15,31527,0,193,56,711,0
confirm,rgv_h2,unguarded_linear,13506,960,138,15,40864,0,187,138,635,0
confirm,job_h4,raw_linear,13502,960,41,15,30036,0,200,41,719,0
confirm,rgv_h1,random_residual,13503,0,527,0,30704,0,0,0,0,0
confirm,job_h3,nsga2_typed,13502,0,0,0,0,0,0,0,0,0
confirm,tour_h2,nsga2_guarded,13504,960,72,15,31135,0,166,72,722,0
confirm,rgv_h4,fast_v10,13506,0,0,0,0,0,0,0,0,0
confirm,rgv_h4,fast_v10,13501,0,0,0,0,0,0,0,0,0
confirm,rgv_h4,guarded_linear,13505,960,228,15,29084,0,185,228,547,0
confirm,rgv_h3,fast_v10,13509,0,0,0,0,0,0,0,0,0
confirm,job_h3,scalar_linear,13504,960,440,15,39980,0,191,440,329,0
confirm,tour_h1,fast_v10,13501,0,0,0,0,0,0,0,0,0
confirm,job_h3,fast_v10,13501,0,0,0,0,0,0,0,0,0
confirm,job_h2,random_residual,13511,0,528,0,29107,0,0,0,0,0
confirm,rgv_h3,raw_linear,13503,960,225,15,28030,0,180,225,555,0
confirm,tour_h2,random_residual,13506,0,533,0,30703,0,0,0,0,0
confirm,tour_h1,nsga2_typed,13508,0,0,0,0,0,0,0,0,0
confirm,rgv_h1,scalar_linear,13508,960,473,15,34306,0,186,473,301,0
confirm,job_h3,scalar_linear,13510,960,490,15,39200,0,166,490,304,0
confirm,job_h2,nsga2_typed,13501,0,0,0,0,0,0,0,0,0
confirm,rgv_h4,scalar_linear,13504,960,566,15,29882,0,210,566,184,0
confirm,job_h3,no_uncertainty_linear,13501,960,30,15,37232,0,175,30,755,0
confirm,job_h1,nsga2_typed,13506,0,0,0,0,0,0,0,0,0
confirm,tour_h1,nsga2_typed,13507,0,0,0,0,0,0,0,0,0
confirm,job_h3,unguarded_linear,13501,960,35,15,36822,0,197,35,728,0
confirm,rgv_h1,random_residual,13511,0,594,0,27286,0,0,0,0,0
confirm,job_h4,no_uncertainty_linear,13512,960,54,15,30093,0,186,54,720,0
confirm,tour_h1,unguarded_linear,13510,960,39,15,41493,0,219,39,702,0
confirm,rgv_h2,nsga2_typed,13502,0,0,0,0,0,0,0,0,0
confirm,job_h2,random_residual,13505,0,507,0,29260,0,0,0,0,0
confirm,rgv_h1,guarded_linear,13503,960,190,15,35659,0,193,190,577,0
confirm,rgv_h1,random_residual,13512,0,534,0,29761,0,0,0,0,0
confirm,rgv_h3,unguarded_linear,13506,960,160,15,38738,0,195,160,605,0
confirm,rgv_h1,fast_v10,13502,0,0,0,0,0,0,0,0,0
confirm,job_h1,nsga2_guarded,13511,960,50,15,48332,0,199,50,711,0
confirm,job_h1,scalar_linear,13506,960,209,15,54671,0,203,209,548,0
confirm,job_h2,unguarded_linear,13504,960,62,15,32474,0,187,62,711,0
confirm,rgv_h1,unguarded_linear,13509,960,248,15,28119,0,200,248,512,0
confirm,tour_h4,raw_linear,13508,960,33,15,29307,0,187,33,740,0
confirm,job_h3,guarded_linear,13509,960,23,15,41048,0,190,23,747,0
confirm,rgv_h3,guarded_linear,13508,960,157,15,39585,0,194,157,609,0
confirm,tour_h1,guarded_linear,13511,960,34,15,38050,0,182,34,744,0
confirm,tour_h4,unguarded_linear,13508,960,59,15,29406,0,182,59,719,0
confirm,job_h3,scalar_linear,13505,960,453,15,40831,0,181,453,326,0
confirm,rgv_h1,fast_v10,13510,0,0,0,0,0,0,0,0,0
confirm,rgv_h4,scalar_linear,13509,960,602,15,26236,0,184,602,174,0
confirm,tour_h4,raw_linear,13505,960,21,15,29367,0,193,21,746,0
confirm,rgv_h3,nsga2_guarded,13501,960,293,15,21898,0,182,293,485,0
confirm,tour_h4,no_uncertainty_linear,13508,960,48,15,29601,0,185,48,727,0
confirm,job_h3,no_uncertainty_linear,13504,960,29,15,37603,0,204,29,727,0
confirm,rgv_h2,raw_linear,13509,960,101,15,33982,64,172,101,623,0
confirm,tour_h1,guarded_linear,13510,960,39,15,41493,0,219,39,702,0
confirm,tour_h1,no_uncertainty_linear,13512,960,24,15,38594,0,226,24,710,0
confirm,rgv_h4,no_uncertainty_linear,13504,960,173,15,36193,0,210,173,577,0
confirm,rgv_h3,random_residual,13512,0,532,0,30828,0,0,0,0,0
confirm,job_h3,nsga2_typed,13506,0,0,0,0,0,0,0,0,0
confirm,rgv_h4,raw_linear,13505,960,132,15,21480,256,135,132,437,0
confirm,tour_h2,nsga2_typed,13506,0,0,0,0,0,0,0,0,0
confirm,rgv_h4,fast_v10,13509,0,0,0,0,0,0,0,0,0
confirm,job_h3,nsga2_guarded,13507,960,48,15,34704,0,189,48,723,0
confirm,tour_h3,guarded_linear,13504,960,47,15,38440,0,197,47,716,0
confirm,job_h2,guarded_linear,13506,960,75,15,29001,0,206,75,679,0
confirm,job_h4,random_residual,13502,0,587,0,26505,0,0,0,0,0
confirm,tour_h1,raw_linear,13508,960,20,15,41052,0,205,20,735,0
confirm,job_h1,fast_v10,13506,0,0,0,0,0,0,0,0,0
confirm,tour_h3,unguarded_linear,13501,960,35,15,40968,0,211,35,714,0
confirm,rgv_h2,scalar_linear,13505,960,437,15,38979,0,188,437,335,0
confirm,job_h3,fast_v10,13512,0,0,0,0,0,0,0,0,0
confirm,tour_h1,nsga2_guarded,13510,960,67,15,32330,0,198,67,695,0
confirm,job_h4,unguarded_linear,13508,960,69,15,29460,0,187,69,704,0
confirm,job_h2,nsga2_typed,13510,0,0,0,0,0,0,0,0,0
confirm,job_h4,no_uncertainty_linear,13506,960,38,15,32834,0,192,38,730,0
confirm,tour_h2,random_residual,13504,0,501,0,36054,0,0,0,0,0
confirm,job_h2,scalar_linear,13511,960,568,15,29593,0,187,568,205,0
confirm,rgv_h1,guarded_linear,13507,960,198,15,33735,0,195,198,567,0
confirm,rgv_h2,scalar_linear,13501,960,449,15,33911,0,204,449,307,0
confirm,rgv_h3,nsga2_guarded,13505,960,251,15,20905,0,196,251,513,0
confirm,rgv_h3,scalar_linear,13507,960,375,15,42212,0,194,375,391,0
confirm,rgv_h1,scalar_linear,13511,960,589,15,29171,0,180,589,191,0
confirm,rgv_h2,guarded_linear,13509,960,164,15,39158,0,157,164,639,0
confirm,job_h3,scalar_linear,13506,960,471,15,36889,0,198,471,291,0
confirm,rgv_h3,nsga2_typed,13509,0,0,0,0,0,0,0,0,0
confirm,tour_h3,no_uncertainty_linear,13506,960,21,15,44128,0,181,21,758,0
confirm,job_h1,nsga2_typed,13512,0,0,0,0,0,0,0,0,0
confirm,tour_h3,scalar_linear,13509,960,289,15,51127,0,183,289,488,0
confirm,job_h4,scalar_linear,13502,960,515,15,30410,0,222,515,223,0
confirm,job_h4,nsga2_typed,13505,0,0,0,0,0,0,0,0,0
confirm,job_h1,nsga2_guarded,13502,960,42,15,46283,0,221,42,697,0
confirm,rgv_h1,fast_v10,13503,0,0,0,0,0,0,0,0,0
confirm,tour_h2,scalar_linear,13510,960,507,15,35125,0,187,507,266,0
confirm,job_h2,nsga2_guarded,13502,960,78,15,27405,0,181,78,701,0
confirm,job_h4,random_residual,13507,0,542,0,32061,0,0,0,0,0
confirm,tour_h1,random_residual,13511,0,435,0,39458,0,0,0,0,0
confirm,job_h4,nsga2_typed,13508,0,0,0,0,0,0,0,0,0
confirm,rgv_h2,unguarded_linear,13507,960,186,15,37509,0,182,186,592,0
confirm,job_h3,fast_v10,13510,0,0,0,0,0,0,0,0,0
confirm,rgv_h4,fast_v10,13508,0,0,0,0,0,0,0,0,0
confirm,job_h3,guarded_linear,13503,960,32,15,35550,0,205,32,723,0
confirm,rgv_h1,nsga2_guarded,13504,960,291,15,17080,0,193,291,476,0
confirm,job_h3,random_residual,13501,0,520,0,31977,0,0,0,0,0
confirm,job_h1,fast_v10,13503,0,0,0,0,0,0,0,0,0
confirm,job_h4,scalar_linear,13510,960,513,15,33058,0,198,513,249,0
confirm,rgv_h3,raw_linear,13509,960,220,15,29916,0,203,220,537,0
confirm,tour_h2,scalar_linear,13506,960,559,15,30224,0,194,559,207,0
confirm,tour_h2,random_residual,13509,0,552,0,28844,0,0,0,0,0
confirm,job_h4,guarded_linear,13509,960,53,15,31216,0,192,53,715,0
confirm,rgv_h2,guarded_linear,13507,960,186,15,37509,0,182,186,592,0
confirm,job_h2,guarded_linear,13512,960,59,15,30942,0,186,59,715,0
confirm,tour_h3,random_residual,13501,0,430,0,38951,0,0,0,0,0
confirm,tour_h2,no_uncertainty_linear,13508,960,37,15,29923,0,202,37,721,0
confirm,tour_h1,nsga2_typed,13511,0,0,0,0,0,0,0,0,0
confirm,tour_h1,raw_linear,13511,960,25,15,32824,0,201,25,734,0
confirm,tour_h2,guarded_linear,13505,960,30,15,30654,0,180,30,750,0
confirm,rgv_h2,nsga2_typed,13506,0,0,0,0,0,0,0,0,0
confirm,job_h2,nsga2_typed,13509,0,0,0,0,0,0,0,0,0
confirm,job_h3,nsga2_guarded,13501,960,59,15,33943,0,185,59,716,0
confirm,job_h3,guarded_linear,13512,960,38,15,37743,0,195,38,727,0
confirm,rgv_h3,nsga2_guarded,13503,960,265,15,23241,0,195,265,500,0
confirm,job_h3,no_uncertainty_linear,13506,960,28,15,40774,0,199,28,733,0
confirm,tour_h3,nsga2_typed,13510,0,0,0,0,0,0,0,0,0
confirm,tour_h4,raw_linear,13509,960,25,15,32736,0,190,25,745,0
confirm,job_h3,fast_v10,13504,0,0,0,0,0,0,0,0,0
confirm,rgv_h4,guarded_linear,13504,960,237,15,31402,0,213,237,510,0
confirm,job_h3,unguarded_linear,13510,960,58,15,38301,0,185,58,717,0
confirm,tour_h2,unguarded_linear,13506,960,31,15,34049,0,205,31,724,0
confirm,job_h1,unguarded_linear,13506,960,23,15,54353,0,193,23,744,0
confirm,job_h1,nsga2_typed,13507,0,0,0,0,0,0,0,0,0
confirm,job_h1,guarded_linear,13507,960,11,15,55909,0,193,11,756,0
confirm,rgv_h3,no_uncertainty_linear,13504,960,135,15,36299,0,194,135,631,0
confirm,tour_h2,scalar_linear,13502,960,575,15,29360,0,183,575,202,0
confirm,job_h1,nsga2_typed,13504,0,0,0,0,0,0,0,0,0
confirm,tour_h4,scalar_linear,13507,960,502,15,33920,0,187,502,271,0
confirm,job_h1,guarded_linear,13511,960,13,15,56664,0,184,13,763,0
confirm,tour_h1,nsga2_typed,13504,0,0,0,0,0,0,0,0,0
confirm,job_h3,unguarded_linear,13506,960,25,15,40380,0,178,25,757,0
confirm,job_h4,raw_linear,13509,960,52,15,29586,0,181,52,727,0
confirm,job_h1,scalar_linear,13510,960,170,15,57804,0,188,170,602,0
confirm,job_h3,random_residual,13506,0,417,0,39686,0,0,0,0,0
confirm,tour_h1,guarded_linear,13509,960,28,15,40986,0,184,28,748,0
confirm,job_h4,no_uncertainty_linear,13511,960,73,15,29471,0,182,73,705,0
confirm,tour_h3,scalar_linear,13510,960,335,15,47170,0,186,335,439,0
confirm,job_h2,fast_v10,13507,0,0,0,0,0,0,0,0,0
confirm,rgv_h3,unguarded_linear,13507,960,152,15,42072,0,189,152,619,0
confirm,rgv_h2,raw_linear,13503,960,103,15,30469,64,169,103,624,0
confirm,job_h2,nsga2_guarded,13501,960,67,15,31159,0,197,67,696,0
confirm,tour_h3,fast_v10,13507,0,0,0,0,0,0,0,0,0
confirm,tour_h1,guarded_linear,13501,960,34,15,37124,0,209,34,717,0
confirm,rgv_h4,raw_linear,13509,960,123,15,15762,320,127,123,390,0
confirm,tour_h3,fast_v10,13504,0,0,0,0,0,0,0,0,0
confirm,tour_h1,unguarded_linear,13505,960,34,15,35281,0,183,34,743,0
confirm,job_h2,nsga2_guarded,13509,960,79,15,25881,0,177,79,704,0
confirm,rgv_h1,nsga2_guarded,13507,960,300,15,17722,0,207,300,453,0
confirm,job_h4,no_uncertainty_linear,13509,960,54,15,29333,0,176,54,730,0
confirm,rgv_h3,fast_v10,13505,0,0,0,0,0,0,0,0,0
confirm,rgv_h3,fast_v10,13504,0,0,0,0,0,0,0,0,0
confirm,job_h3,fast_v10,13505,0,0,0,0,0,0,0,0,0
confirm,job_h2,scalar_linear,13510,960,478,15,35603,0,210,478,272,0
confirm,job_h4,random_residual,13501,0,518,0,31922,0,0,0,0,0
confirm,job_h2,raw_linear,13503,960,33,15,31701,0,197,33,730,0
confirm,tour_h1,scalar_linear,13506,960,432,15,41170,0,193,432,335,0
confirm,rgv_h2,guarded_linear,13512,960,234,15,35490,0,204,234,522,0
confirm,rgv_h2,random_residual,13503,0,472,0,31431,0,0,0,0,0
confirm,rgv_h4,unguarded_linear,13502,960,236,15,30589,0,181,236,543,0
confirm,job_h4,guarded_linear,13508,960,69,15,29460,0,187,69,704,0
confirm,rgv_h3,guarded_linear,13506,960,160,15,38738,0,195,160,605,0
confirm,rgv_h2,unguarded_linear,13509,960,164,15,39158,0,157,164,639,0
confirm,rgv_h1,fast_v10,13506,0,0,0,0,0,0,0,0,0
confirm,rgv_h4,scalar_linear,13503,960,362,15,40203,64,175,362,359,0
confirm,rgv_h3,fast_v10,13507,0,0,0,0,0,0,0,0,0
confirm,rgv_h4,nsga2_typed,13501,0,0,0,0,0,0,0,0,0
confirm,tour_h4,guarded_linear,13505,960,73,15,26926,0,193,73,694,0
confirm,tour_h3,no_uncertainty_linear,13507,960,41,15,41156,0,194,41,725,0
confirm,tour_h4,fast_v10,13504,0,0,0,0,0,0,0,0,0
confirm,rgv_h2,nsga2_guarded,13509,960,275,15,18569,0,175,275,510,0
confirm,tour_h3,raw_linear,13501,960,31,15,46589,0,196,31,733,0
confirm,tour_h4,guarded_linear,13503,960,61,15,27375,0,182,61,717,0
confirm,job_h2,random_residual,13510,0,535,0,32383,0,0,0,0,0
confirm,job_h3,guarded_linear,13501,960,35,15,36822,0,197,35,728,0
confirm,rgv_h3,nsga2_typed,13504,0,0,0,0,0,0,0,0,0
confirm,job_h4,scalar_linear,13509,960,584,15,29854,0,161,584,215,0
confirm,job_h4,raw_linear,13510,960,22,15,33474,0,191,22,747,0
confirm,tour_h4,nsga2_typed,13509,0,0,0,0,0,0,0,0,0
confirm,rgv_h1,random_residual,13505,0,546,0,28203,0,0,0,0,0
confirm,tour_h3,nsga2_guarded,13506,960,49,15,37571,0,187,49,724,0
confirm,rgv_h2,raw_linear,13512,960,69,15,26565,128,168,69,595,0
confirm,tour_h3,no_uncertainty_linear,13511,960,35,15,39890,0,192,35,733,0
confirm,tour_h1,no_uncertainty_linear,13505,960,24,15,36217,0,182,24,754,0
confirm,tour_h2,nsga2_guarded,13509,960,62,15,29727,0,181,62,717,0
confirm,rgv_h1,nsga2_typed,13503,0,0,0,0,0,0,0,0,0
confirm,rgv_h1,unguarded_linear,13507,960,198,15,33735,0,195,198,567,0
confirm,tour_h3,nsga2_typed,13508,0,0,0,0,0,0,0,0,0
confirm,rgv_h1,nsga2_typed,13508,0,0,0,0,0,0,0,0,0
confirm,tour_h4,nsga2_guarded,13506,960,73,15,28548,0,193,73,694,0
confirm,tour_h3,scalar_linear,13505,960,289,15,49721,0,203,289,468,0
confirm,rgv_h3,unguarded_linear,13512,960,195,15,36011,0,197,195,568,0
confirm,job_h2,raw_linear,13509,960,36,15,29601,0,191,36,733,0
confirm,job_h1,nsga2_typed,13511,0,0,0,0,0,0,0,0,0
confirm,tour_h2,unguarded_linear,13505,960,30,15,30654,0,180,30,750,0
confirm,rgv_h2,unguarded_linear,13503,960,139,15,40742,0,184,139,637,0
confirm,tour_h3,no_uncertainty_linear,13502,960,44,15,42337,0,185,44,731,0
confirm,job_h3,no_uncertainty_linear,13510,960,41,15,37194,0,193,41,726,0
confirm,job_h3,fast_v10,13507,0,0,0,0,0,0,0,0,0
confirm,rgv_h3,fast_v10,13502,0,0,0,0,0,0,0,0,0
confirm,tour_h1,no_uncertainty_linear,13509,960,27,15,42819,0,219,27,714,0
confirm,rgv_h3,unguarded_linear,13510,960,220,15,34288,0,187,220,553,0
confirm,tour_h1,nsga2_guarded,13508,960,70,15,31616,0,173,70,717,0
confirm,rgv_h2,nsga2_typed,13508,0,0,0,0,0,0,0,0,0
confirm,rgv_h4,nsga2_typed,13511,0,0,0,0,0,0,0,0,0
confirm,job_h2,no_uncertainty_linear,13504,960,47,15,32573,0,184,47,729,0
confirm,tour_h3,guarded_linear,13507,960,36,15,43113,0,191,36,733,0
confirm,rgv_h1,unguarded_linear,13503,960,190,15,35659,0,193,190,577,0
confirm,tour_h1,nsga2_guarded,13506,960,75,15,30165,0,203,75,682,0
confirm,rgv_h3,fast_v10,13508,0,0,0,0,0,0,0,0,0
confirm,rgv_h4,no_uncertainty_linear,13501,960,184,15,30103,0,190,184,586,0
confirm,tour_h4,fast_v10,13509,0,0,0,0,0,0,0,0,0
confirm,rgv_h4,guarded_linear,13509,960,225,15,23719,0,166,225,569,0
confirm,job_h4,raw_linear,13512,960,34,15,31439,0,175,34,751,0
confirm,job_h1,unguarded_linear,13505,960,12,15,55333,0,211,12,737,0
confirm,job_h4,nsga2_guarded,13512,960,56,15,31331,0,186,56,718,0
confirm,rgv_h1,raw_linear,13510,960,100,15,29691,128,144,100,588,0
confirm,tour_h3,raw_linear,13510,960,18,15,43817,0,212,18,730,0
confirm,tour_h2,unguarded_linear,13503,960,28,15,32926,0,189,28,743,0
confirm,rgv_h1,raw_linear,13511,960,142,15,30609,0,184,142,634,0
confirm,rgv_h4,random_residual,13512,0,562,0,29875,0,0,0,0,0
confirm,tour_h3,nsga2_guarded,13503,960,59,15,36827,0,182,59,719,0
confirm,job_h1,guarded_linear,13506,960,23,15,54353,0,193,23,744,0
confirm,job_h4,fast_v10,13503,0,0,0,0,0,0,0,0,0
confirm,job_h3,random_residual,13505,0,427,0,42617,0,0,0,0,0
confirm,rgv_h3,raw_linear,13504,960,167,15,32468,128,159,167,506,0
confirm,job_h4,no_uncertainty_linear,13503,960,30,15,36605,0,205,30,725,0
confirm,rgv_h3,fast_v10,13512,0,0,0,0,0,0,0,0,0
confirm,job_h1,nsga2_typed,13503,0,0,0,0,0,0,0,0,0
confirm,job_h2,nsga2_typed,13508,0,0,0,0,0,0,0,0,0
confirm,job_h4,random_residual,13503,0,511,0,34497,0,0,0,0,0
confirm,rgv_h1,random_residual,13507,0,516,0,31029,0,0,0,0,0
confirm,tour_h3,raw_linear,13511,960,16,15,43882,0,201,16,743,0
confirm,tour_h2,unguarded_linear,13510,960,44,15,31011,0,188,44,728,0
confirm,job_h2,no_uncertainty_linear,13501,960,49,15,31945,0,182,49,729,0
confirm,rgv_h2,random_residual,13507,0,481,0,33480,0,0,0,0,0
confirm,tour_h3,unguarded_linear,13507,960,36,15,43113,0,191,36,733,0
confirm,job_h3,raw_linear,13512,960,15,15,38523,0,185,15,760,0
confirm,job_h4,nsga2_typed,13501,0,0,0,0,0,0,0,0,0
confirm,rgv_h2,nsga2_guarded,13501,960,338,15,18661,0,183,338,439,0
confirm,tour_h1,unguarded_linear,13511,960,34,15,38050,0,182,34,744,0
confirm,tour_h4,unguarded_linear,13507,960,49,15,26369,0,194,49,717,0
confirm,job_h2,fast_v10,13502,0,0,0,0,0,0,0,0,0
confirm,tour_h4,nsga2_guarded,13511,960,71,15,28503,0,196,71,693,0
confirm,rgv_h3,scalar_linear,13505,960,444,15,38197,0,188,444,328,0
confirm,rgv_h1,fast_v10,13509,0,0,0,0,0,0,0,0,0
confirm,job_h4,fast_v10,13508,0,0,0,0,0,0,0,0,0
confirm,rgv_h4,unguarded_linear,13508,960,173,15,40023,0,212,173,575,0
confirm,rgv_h1,random_residual,13502,0,550,0,31136,0,0,0,0,0
confirm,job_h1,guarded_linear,13505,960,12,15,55333,0,211,12,737,0
confirm,rgv_h3,random_residual,13511,0,529,0,30141,0,0,0,0,0
confirm,tour_h2,guarded_linear,13511,960,35,15,30186,0,201,35,724,0
confirm,job_h1,nsga2_typed,13502,0,0,0,0,0,0,0,0,0
confirm,job_h1,scalar_linear,13505,960,185,15,56767,0,192,185,583,0
confirm,rgv_h2,nsga2_guarded,13508,960,326,15,18138,0,172,326,462,0
confirm,tour_h4,no_uncertainty_linear,13501,960,53,15,21030,0,204,53,703,0
confirm,rgv_h1,raw_linear,13502,960,177,15,26786,64,165,177,554,0
confirm,job_h4,nsga2_guarded,13506,960,71,15,28603,0,205,71,684,0
confirm,rgv_h1,unguarded_linear,13501,960,204,15,34962,0,189,204,567,0
confirm,tour_h3,scalar_linear,13512,960,286,15,51491,0,185,286,489,0
confirm,rgv_h1,fast_v10,13505,0,0,0,0,0,0,0,0,0
confirm,rgv_h4,unguarded_linear,13506,960,156,15,43115,0,187,156,617,0
confirm,rgv_h4,random_residual,13506,0,469,0,35836,0,0,0,0,0
confirm,rgv_h4,guarded_linear,13507,960,248,15,32101,0,204,248,508,0
confirm,job_h1,nsga2_guarded,13507,960,57,15,45737,0,201,57,702,0
confirm,job_h4,unguarded_linear,13507,960,79,15,28918,0,219,79,662,0
confirm,job_h1,fast_v10,13501,0,0,0,0,0,0,0,0,0
confirm,tour_h1,nsga2_typed,13505,0,0,0,0,0,0,0,0,0
confirm,tour_h2,raw_linear,13512,960,21,15,35653,0,175,21,764,0
confirm,tour_h2,no_uncertainty_linear,13504,960,32,15,30427,0,164,32,764,0
confirm,rgv_h2,fast_v10,13508,0,0,0,0,0,0,0,0,0
confirm,job_h1,unguarded_linear,13504,960,20,15,57431,0,196,20,744,0
confirm,tour_h4,scalar_linear,13506,960,482,15,37384,0,193,482,285,0
confirm,tour_h4,no_uncertainty_linear,13509,960,28,15,30042,0,199,28,733,0
confirm,tour_h3,no_uncertainty_linear,13510,960,43,15,39629,0,198,43,719,0
confirm,job_h2,unguarded_linear,13506,960,75,15,29001,0,206,75,679,0
confirm,job_h4,raw_linear,13503,960,34,15,31514,0,207,34,719,0
confirm,rgv_h3,random_residual,13506,0,456,0,33980,0,0,0,0,0
confirm,rgv_h1,no_uncertainty_linear,13509,960,212,15,29770,0,189,212,559,0
confirm,tour_h2,guarded_linear,13509,960,36,15,32531,0,178,36,746,0
confirm,job_h3,guarded_linear,13511,960,42,15,38317,0,202,42,716,0
confirm,rgv_h4,no_uncertainty_linear,13512,960,213,15,28282,0,170,213,577,0
confirm,tour_h4,random_residual,13503,0,635,0,20722,0,0,0,0,0
confirm,tour_h1,nsga2_guarded,13507,960,41,15,33122,0,189,41,730,0
confirm,tour_h1,nsga2_guarded,13504,960,52,15,33797,0,193,52,715,0
confirm,job_h1,fast_v10,13507,0,0,0,0,0,0,0,0,0
confirm,rgv_h4,raw_linear,13504,960,128,15,20404,320,116,128,396,0
confirm,job_h2,no_uncertainty_linear,13506,960,56,15,31880,0,175,56,729,0
confirm,rgv_h2,raw_linear,13504,960,117,15,38803,64,169,117,610,0
confirm,rgv_h4,no_uncertainty_linear,13511,960,162,15,33877,0,184,162,614,0
confirm,job_h1,random_residual,13505,0,209,0,56394,0,0,0,0,0
confirm,job_h3,guarded_linear,13506,960,25,15,40380,0,178,25,757,0
confirm,tour_h4,scalar_linear,13508,960,588,15,27363,0,179,588,193,0
confirm,tour_h3,random_residual,13512,0,362,0,45667,0,0,0,0,0
confirm,tour_h2,raw_linear,13508,960,36,15,31915,0,203,36,721,0
confirm,rgv_h2,scalar_linear,13503,960,384,15,40708,0,189,384,387,0
confirm,tour_h2,raw_linear,13509,960,32,15,31545,0,160,32,768,0
confirm,job_h2,random_residual,13509,0,561,0,28251,0,0,0,0,0
confirm,tour_h4,nsga2_guarded,13502,960,93,15,25908,0,194,93,673,0
confirm,job_h3,scalar_linear,13511,960,496,15,37093,0,197,496,267,0
confirm,rgv_h3,raw_linear,13507,960,171,15,28615,128,160,171,501,0
confirm,job_h3,raw_linear,13503,960,43,15,34257,0,196,43,721,0
confirm,tour_h3,nsga2_typed,13502,0,0,0,0,0,0,0,0,0
confirm,tour_h4,no_uncertainty_linear,13512,960,57,15,27652,0,202,57,701,0
confirm,tour_h2,fast_v10,13502,0,0,0,0,0,0,0,0,0
confirm,job_h3,nsga2_guarded,13509,960,48,15,36248,0,200,48,712,0
confirm,rgv_h1,nsga2_guarded,13506,960,245,15,18328,0,198,245,517,0
confirm,rgv_h3,random_residual,13510,0,443,0,34318,0,0,0,0,0
confirm,tour_h3,unguarded_linear,13510,960,47,15,41241,0,195,47,718,0
confirm,tour_h1,guarded_linear,13508,960,36,15,42703,0,197,36,727,0
confirm,job_h1,raw_linear,13505,960,7,15,52018,0,183,7,770,0
confirm,job_h2,unguarded_linear,13511,960,59,15,28809,0,189,59,712,0
confirm,job_h3,no_uncertainty_linear,13508,960,19,15,39065,0,199,19,742,0
confirm,tour_h4,no_uncertainty_linear,13502,960,66,15,25888,0,163,66,731,0
confirm,job_h3,nsga2_guarded,13506,960,51,15,33588,0,198,51,711,0
confirm,job_h4,no_uncertainty_linear,13504,960,54,15,28482,0,204,54,702,0
confirm,tour_h1,scalar_linear,13509,960,390,15,43852,0,184,390,386,0
confirm,job_h3,nsga2_typed,13512,0,0,0,0,0,0,0,0,0
confirm,rgv_h3,no_uncertainty_linear,13503,960,140,15,35838,0,186,140,634,0
confirm,tour_h4,unguarded_linear,13506,960,55,15,32266,0,190,55,715,0
confirm,rgv_h1,no_uncertainty_linear,13501,960,205,15,29686,0,198,205,557,0
confirm,rgv_h2,nsga2_guarded,13502,960,292,15,18256,0,182,292,486,0
confirm,job_h1,raw_linear,13512,960,19,15,57509,0,188,19,753,0
confirm,job_h3,fast_v10,13508,0,0,0,0,0,0,0,0,0
confirm,job_h3,nsga2_typed,13501,0,0,0,0,0,0,0,0,0
confirm,job_h2,nsga2_typed,13503,0,0,0,0,0,0,0,0,0
confirm,tour_h4,no_uncertainty_linear,13504,960,51,15,30625,0,175,51,734,0
confirm,job_h1,no_uncertainty_linear,13506,960,19,15,54322,0,206,19,735,0
confirm,job_h4,scalar_linear,13505,960,523,15,32717,0,193,523,244,0
confirm,tour_h1,no_uncertainty_linear,13511,960,22,15,40620,0,193,22,745,0
confirm,tour_h2,nsga2_guarded,13506,960,57,15,29167,0,183,57,720,0
confirm,job_h1,fast_v10,13504,0,0,0,0,0,0,0,0,0
confirm,tour_h2,guarded_linear,13501,960,22,15,31662,0,178,22,760,0
confirm,tour_h3,raw_linear,13506,960,28,15,45130,0,186,28,746,0
confirm,rgv_h3,nsga2_guarded,13512,960,316,15,19364,0,208,316,436,0
confirm,job_h3,nsga2_guarded,13504,960,59,15,31392,0,202,59,699,0
confirm,rgv_h3,random_residual,13507,0,450,0,34245,0,0,0,0,0
confirm,tour_h4,fast_v10,13503,0,0,0,0,0,0,0,0,0
confirm,rgv_h4,nsga2_guarded,13501,960,265,15,21802,0,204,265,491,0
confirm,tour_h1,no_uncertainty_linear,13503,960,36,15,36953,0,207,36,717,0
confirm,tour_h2,raw_linear,13506,960,24,15,29415,0,213,24,723,0
confirm,tour_h1,no_uncertainty_linear,13506,960,31,15,44416,0,179,31,750,0
confirm,tour_h3,scalar_linear,13502,960,300,15,47824,0,212,300,448,0
confirm,tour_h3,raw_linear,13502,960,37,15,48364,0,184,37,739,0
confirm,tour_h4,guarded_linear,13501,960,74,15,27132,0,213,74,673,0
confirm,rgv_h3,guarded_linear,13504,960,164,15,37440,0,206,164,590,0
confirm,tour_h4,guarded_linear,13510,960,57,15,29308,0,191,57,712,0
confirm,job_h2,scalar_linear,13508,960,542,15,30820,0,183,542,235,0
confirm,job_h3,fast_v10,13509,0,0,0,0,0,0,0,0,0
confirm,rgv_h4,scalar_linear,13501,960,573,15,29478,0,202,573,185,0
confirm,tour_h3,no_uncertainty_linear,13504,960,37,15,39990,0,205,37,718,0
confirm,tour_h2,scalar_linear,13504,960,539,15,32819,0,171,539,250,0
confirm,job_h2,scalar_linear,13505,960,523,15,34955,0,190,523,247,0
confirm,rgv_h3,no_uncertainty_linear,13502,960,154,15,35275,0,201,154,605,0
confirm,tour_h1,raw_linear,13509,960,41,15,40597,0,201,41,718,0
confirm,rgv_h1,scalar_linear,13501,960,528,15,29412,0,203,528,229,0
confirm,rgv_h1,nsga2_guarded,13503,960,292,15,17434,0,189,292,479,0
confirm,tour_h4,unguarded_linear,13509,960,51,15,32317,0,169,51,740,0
confirm,tour_h3,unguarded_linear,13505,960,29,15,41742,0,229,29,702,0
original,rgv_g3,nsga2_guarded,13801,960,336,15,20059,0,168,336,456,0
original,rgv_g3,nsga2_guarded,13808,960,308,15,20528,0,189,308,463,0
original,rgv_g3,nsga2_guarded,13807,960,266,15,21930,0,221,266,473,0
original,rgv_g1,fast_v10,13807,0,0,0,0,0,0,0,0,0
original,rgv_g1,guarded_linear,13803,960,218,15,41160,0,208,218,534,0
original,rgv_g3,fast_v10,13802,0,0,0,0,0,0,0,0,0
original,rgv_g3,guarded_linear,13801,960,209,15,32427,0,198,209,553,0
original,rgv_g3,no_uncertainty_linear,13802,960,212,15,36572,0,184,212,564,0
original,rgv_g2,nsga2_typed,13807,0,0,0,0,0,0,0,0,0
original,rgv_g2,fast_v10,13804,0,0,0,0,0,0,0,0,0
original,rgv_g1,nsga2_guarded,13808,960,382,15,19714,0,191,382,387,0
original,rgv_g2,no_uncertainty_linear,13803,960,164,15,42256,0,195,164,601,0
original,rgv_g3,nsga2_guarded,13802,960,312,15,21787,0,187,312,461,0
original,rgv_g2,nsga2_typed,13803,0,0,0,0,0,0,0,0,0
original,rgv_g2,nsga2_guarded,13808,960,353,15,21779,0,191,353,416,0
original,rgv_g2,no_uncertainty_linear,13805,960,236,15,36368,0,181,236,543,0
original,rgv_g2,no_uncertainty_linear,13808,960,208,15,38880,0,176,208,576,0
original,rgv_g3,no_uncertainty_linear,13808,960,210,15,36064,0,218,210,532,0
original,rgv_g1,no_uncertainty_linear,13806,960,192,15,39681,0,199,192,569,0
original,rgv_g2,nsga2_guarded,13803,960,324,15,21634,0,190,324,446,0
original,rgv_g2,fast_v10,13802,0,0,0,0,0,0,0,0,0
original,rgv_g1,nsga2_typed,13808,0,0,0,0,0,0,0,0,0
original,rgv_g3,no_uncertainty_linear,13806,960,204,15,34695,0,173,204,583,0
original,rgv_g3,no_uncertainty_linear,13805,960,210,15,34752,0,187,210,563,0
original,rgv_g1,fast_v10,13805,0,0,0,0,0,0,0,0,0
original,rgv_g1,fast_v10,13803,0,0,0,0,0,0,0,0,0
original,rgv_g2,nsga2_typed,13804,0,0,0,0,0,0,0,0,0
original,rgv_g1,guarded_linear,13807,960,190,15,42943,0,180,190,590,0
original,rgv_g3,no_uncertainty_linear,13803,960,163,15,39467,0,191,163,606,0
original,rgv_g2,nsga2_guarded,13801,960,331,15,17162,0,189,331,440,0
original,rgv_g1,no_uncertainty_linear,13802,960,161,15,44516,0,185,161,614,0
original,rgv_g3,nsga2_typed,13807,0,0,0,0,0,0,0,0,0
original,rgv_g2,nsga2_guarded,13806,960,323,15,22114,0,190,323,447,0
original,rgv_g3,fast_v10,13803,0,0,0,0,0,0,0,0,0
original,rgv_g1,guarded_linear,13808,960,206,15,42551,0,211,206,543,0
original,rgv_g3,nsga2_typed,13808,0,0,0,0,0,0,0,0,0
original,rgv_g2,no_uncertainty_linear,13802,960,175,15,40796,0,199,175,586,0
original,rgv_g3,guarded_linear,13803,960,233,15,37423,0,195,233,532,0
original,rgv_g2,nsga2_typed,13801,0,0,0,0,0,0,0,0,0
original,rgv_g2,fast_v10,13807,0,0,0,0,0,0,0,0,0
original,rgv_g1,no_uncertainty_linear,13805,960,261,15,34218,0,198,261,501,0
original,rgv_g1,nsga2_guarded,13806,960,383,15,22504,0,179,383,398,0
original,rgv_g2,fast_v10,13801,0,0,0,0,0,0,0,0,0
original,rgv_g1,nsga2_guarded,13802,960,379,15,20011,0,180,379,401,0
original,rgv_g2,guarded_linear,13805,960,285,15,36938,0,174,285,501,0
original,rgv_g1,no_uncertainty_linear,13807,960,185,15,40849,0,187,185,588,0
original,rgv_g1,nsga2_guarded,13801,960,370,15,20266,0,175,370,415,0
original,rgv_g3,no_uncertainty_linear,13807,960,166,15,38272,0,199,166,595,0
original,rgv_g3,nsga2_guarded,13803,960,311,15,25224,0,169,311,480,0
original,rgv_g3,guarded_linear,13808,960,254,15,35866,0,185,254,521,0
original,rgv_g3,fast_v10,13806,0,0,0,0,0,0,0,0,0
original,rgv_g1,nsga2_guarded,13807,960,369,15,20168,0,204,369,387,0
original,rgv_g2,nsga2_guarded,13804,960,340,15,19016,0,194,340,426,0
original,rgv_g1,nsga2_typed,13805,0,0,0,0,0,0,0,0,0
original,rgv_g3,guarded_linear,13802,960,216,15,38314,0,180,216,564,0
original,rgv_g3,nsga2_typed,13802,0,0,0,0,0,0,0,0,0
original,rgv_g3,guarded_linear,13805,960,258,15,32021,0,205,258,497,0
original,rgv_g2,guarded_linear,13804,960,266,15,32913,0,197,266,497,0
original,rgv_g1,fast_v10,13806,0,0,0,0,0,0,0,0,0
original,rgv_g1,fast_v10,13802,0,0,0,0,0,0,0,0,0
original,rgv_g1,nsga2_typed,13804,0,0,0,0,0,0,0,0,0
original,rgv_g1,nsga2_guarded,13803,960,361,15,22354,0,191,361,408,0
original,rgv_g1,guarded_linear,13802,960,241,15,40904,0,189,241,530,0
original,rgv_g1,guarded_linear,13804,960,252,15,40406,0,198,252,510,0
original,rgv_g3,nsga2_typed,13804,0,0,0,0,0,0,0,0,0
original,rgv_g2,nsga2_typed,13802,0,0,0,0,0,0,0,0,0
original,rgv_g1,nsga2_typed,13803,0,0,0,0,0,0,0,0,0
original,rgv_g2,guarded_linear,13803,960,206,15,40316,0,198,206,556,0
original,rgv_g2,fast_v10,13808,0,0,0,0,0,0,0,0,0
original,rgv_g3,guarded_linear,13807,960,196,15,41290,0,173,196,591,0
original,rgv_g2,fast_v10,13806,0,0,0,0,0,0,0,0,0
original,rgv_g1,nsga2_typed,13801,0,0,0,0,0,0,0,0,0
original,rgv_g2,no_uncertainty_linear,13801,960,233,15,35724,0,187,233,540,0
original,rgv_g3,fast_v10,13805,0,0,0,0,0,0,0,0,0
original,rgv_g2,fast_v10,13803,0,0,0,0,0,0,0,0,0
original,rgv_g1,fast_v10,13804,0,0,0,0,0,0,0,0,0
original,rgv_g3,nsga2_guarded,13806,960,355,15,21673,0,199,355,406,0
original,rgv_g3,no_uncertainty_linear,13801,960,209,15,33770,0,193,209,558,0
original,rgv_g1,no_uncertainty_linear,13801,960,191,15,43031,0,184,191,585,0
original,rgv_g2,no_uncertainty_linear,13804,960,228,15,35164,0,188,228,544,0
original,rgv_g3,fast_v10,13807,0,0,0,0,0,0,0,0,0
original,rgv_g1,guarded_linear,13806,960,196,15,45190,0,177,196,587,0
original,rgv_g3,guarded_linear,13806,960,193,15,39115,0,190,193,577,0
original,rgv_g3,nsga2_typed,13801,0,0,0,0,0,0,0,0,0
original,rgv_g1,fast_v10,13808,0,0,0,0,0,0,0,0,0
original,rgv_g3,nsga2_typed,13806,0,0,0,0,0,0,0,0,0
original,rgv_g1,nsga2_typed,13807,0,0,0,0,0,0,0,0,0
original,rgv_g1,no_uncertainty_linear,13803,960,162,15,43474,0,176,162,622,0
original,rgv_g2,guarded_linear,13808,960,198,15,42853,0,177,198,585,0
original,rgv_g2,nsga2_typed,13806,0,0,0,0,0,0,0,0,0
original,rgv_g2,nsga2_guarded,13802,960,345,15,22612,0,185,345,430,0
original,rgv_g3,nsga2_guarded,13805,960,367,15,18426,0,201,367,392,0
original,rgv_g1,nsga2_guarded,13804,960,350,15,18807,0,200,350,410,0
original,rgv_g2,no_uncertainty_linear,13806,960,204,15,39079,0,201,204,555,0
original,rgv_g3,nsga2_typed,13803,0,0,0,0,0,0,0,0,0
original,rgv_g2,nsga2_typed,13808,0,0,0,0,0,0,0,0,0
original,rgv_g3,fast_v10,13808,0,0,0,0,0,0,0,0,0
original,rgv_g3,fast_v10,13804,0,0,0,0,0,0,0,0,0
original,rgv_g3,fast_v10,13801,0,0,0,0,0,0,0,0,0
original,rgv_g2,guarded_linear,13806,960,210,15,37932,0,205,210,545,0
original,rgv_g3,guarded_linear,13804,960,230,15,33362,0,208,230,522,0
original,rgv_g1,nsga2_guarded,13805,960,429,15,18708,0,180,429,351,0
original,rgv_g1,guarded_linear,13805,960,264,15,37894,0,174,264,522,0
original,rgv_g2,guarded_linear,13807,960,216,15,40806,0,187,216,557,0
original,rgv_g2,fast_v10,13805,0,0,0,0,0,0,0,0,0
original,rgv_g3,no_uncertainty_linear,13804,960,190,15,38013,0,152,190,618,0
original,rgv_g2,guarded_linear,13801,960,224,15,40495,0,199,224,537,0
original,rgv_g2,nsga2_guarded,13807,960,307,15,21785,0,195,307,458,0
original,rgv_g2,no_uncertainty_linear,13807,960,202,15,40972,0,185,202,573,0
original,rgv_g2,nsga2_typed,13805,0,0,0,0,0,0,0,0,0
original,rgv_g1,fast_v10,13801,0,0,0,0,0,0,0,0,0
original,rgv_g1,no_uncertainty_linear,13804,960,198,15,41210,0,196,198,566,0
original,rgv_g1,nsga2_typed,13802,0,0,0,0,0,0,0,0,0
original,rgv_g1,nsga2_typed,13806,0,0,0,0,0,0,0,0,0
original,rgv_g1,no_uncertainty_linear,13808,960,180,15,42064,0,203,180,577,0
original,rgv_g3,nsga2_guarded,13804,960,328,15,20838,0,176,328,456,0
original,rgv_g3,nsga2_typed,13805,0,0,0,0,0,0,0,0,0
original,rgv_g1,guarded_linear,13801,960,188,15,44882,0,185,188,587,0
original,rgv_g2,nsga2_guarded,13805,960,327,15,19843,0,179,327,454,0
original,rgv_g2,guarded_linear,13802,960,228,15,41166,0,182,228,550,0
stress,job_n16,nsga2_typed,13906,0,0,0,0,0,0,0,0,0
stress,tour_n12,nsga2_typed,13904,0,0,0,0,0,0,0,0,0
stress,job_n12,fast_v10,13903,0,0,0,0,0,0,0,0,0
stress,job_n16,fast_v10,13903,0,0,0,0,0,0,0,0,0
stress,job_n16,nsga2_guarded,13905,1984,197,31,43702,0,374,197,1413,0
stress,tour_n16,nsga2_typed,13902,0,0,0,0,0,0,0,0,0
stress,job_n16,nsga2_guarded,13903,1984,264,31,29234,0,410,264,1310,0
stress,tour_n16,nsga2_typed,13906,0,0,0,0,0,0,0,0,0
stress,job_n16,no_uncertainty_linear,13906,1984,115,31,40936,0,376,115,1493,0
stress,tour_n16,nsga2_guarded,13903,1984,324,31,38845,0,406,324,1254,0
stress,job_n16,no_uncertainty_linear,13902,1984,131,31,31450,0,393,131,1460,0
stress,tour_n12,nsga2_guarded,13902,1984,152,31,51073,0,388,152,1444,0
stress,job_n12,no_uncertainty_linear,13903,1984,37,31,85733,0,391,37,1556,0
stress,tour_n12,fast_v10,13906,0,0,0,0,0,0,0,0,0
stress,job_n12,nsga2_typed,13903,0,0,0,0,0,0,0,0,0
stress,job_n16,nsga2_typed,13904,0,0,0,0,0,0,0,0,0
stress,tour_n12,no_uncertainty_linear,13906,1984,66,31,58092,0,394,66,1524,0
stress,job_n12,no_uncertainty_linear,13902,1984,42,31,85441,0,371,42,1571,0
stress,job_n16,nsga2_typed,13905,0,0,0,0,0,0,0,0,0
stress,job_n12,fast_v10,13905,0,0,0,0,0,0,0,0,0
stress,tour_n16,nsga2_guarded,13904,1984,253,31,38864,0,401,253,1330,0
stress,tour_n12,nsga2_typed,13903,0,0,0,0,0,0,0,0,0
stress,job_n12,nsga2_guarded,13901,1984,109,31,67722,0,414,109,1461,0
stress,job_n12,nsga2_typed,13905,0,0,0,0,0,0,0,0,0
stress,tour_n12,fast_v10,13902,0,0,0,0,0,0,0,0,0
stress,tour_n16,nsga2_guarded,13901,1984,272,31,41697,0,401,272,1311,0
stress,tour_n16,no_uncertainty_linear,13904,1984,169,31,30015,0,383,169,1432,0
stress,job_n12,no_uncertainty_linear,13904,1984,26,31,84195,0,413,26,1545,0
stress,job_n12,nsga2_guarded,13904,1984,88,31,68243,0,390,88,1506,0
stress,job_n12,fast_v10,13904,0,0,0,0,0,0,0,0,0
stress,tour_n16,no_uncertainty_linear,13906,1984,209,31,27584,0,386,209,1389,0
stress,tour_n12,nsga2_typed,13906,0,0,0,0,0,0,0,0,0
stress,tour_n16,no_uncertainty_linear,13902,1984,147,31,33695,64,377,147,1396,0
stress,job_n16,no_uncertainty_linear,13903,1984,191,31,30970,0,388,191,1405,0
stress,job_n16,nsga2_typed,13903,0,0,0,0,0,0,0,0,0
stress,job_n12,nsga2_typed,13901,0,0,0,0,0,0,0,0,0
stress,tour_n12,fast_v10,13903,0,0,0,0,0,0,0,0,0
stress,job_n16,nsga2_guarded,13904,1984,242,31,32193,0,372,242,1370,0
stress,tour_n12,no_uncertainty_linear,13905,1984,68,31,59536,0,390,68,1526,0
stress,job_n16,nsga2_guarded,13906,1984,262,31,35040,0,379,262,1343,0
stress,tour_n16,fast_v10,13902,0,0,0,0,0,0,0,0,0
stress,tour_n12,no_uncertainty_linear,13904,1984,99,31,60187,0,385,99,1500,0
stress,tour_n12,nsga2_typed,13902,0,0,0,0,0,0,0,0,0
stress,tour_n16,nsga2_guarded,13906,1984,294,31,43080,0,371,294,1319,0
stress,job_n12,nsga2_typed,13902,0,0,0,0,0,0,0,0,0
stress,tour_n12,fast_v10,13905,0,0,0,0,0,0,0,0,0
stress,job_n16,nsga2_guarded,13902,1984,271,31,30467,0,404,271,1309,0
stress,job_n12,no_uncertainty_linear,13906,1984,81,31,73470,0,392,81,1511,0
stress,tour_n12,nsga2_guarded,13903,1984,179,31,49938,0,402,179,1403,0
stress,job_n12,nsga2_typed,13906,0,0,0,0,0,0,0,0,0
stress,tour_n16,nsga2_typed,13905,0,0,0,0,0,0,0,0,0
stress,job_n12,no_uncertainty_linear,13905,1984,38,31,79660,0,404,38,1542,0
stress,job_n12,nsga2_guarded,13906,1984,125,31,76571,0,363,125,1496,0
stress,tour_n16,no_uncertainty_linear,13903,1984,139,31,23356,0,402,139,1443,0
stress,tour_n12,nsga2_typed,13901,0,0,0,0,0,0,0,0,0
stress,tour_n16,no_uncertainty_linear,13901,1984,197,31,34454,0,384,197,1403,0
stress,job_n12,fast_v10,13906,0,0,0,0,0,0,0,0,0
stress,tour_n16,fast_v10,13903,0,0,0,0,0,0,0,0,0
stress,job_n16,nsga2_typed,13902,0,0,0,0,0,0,0,0,0
stress,job_n16,nsga2_guarded,13901,1984,262,31,31228,0,383,262,1339,0
stress,tour_n12,no_uncertainty_linear,13903,1984,79,31,58621,0,401,79,1504,0
stress,job_n16,no_uncertainty_linear,13905,1984,141,31,45004,0,404,141,1439,0
stress,tour_n12,no_uncertainty_linear,13901,1984,98,31,54213,0,420,98,1466,0
stress,tour_n16,nsga2_typed,13903,0,0,0,0,0,0,0,0,0
stress,job_n12,fast_v10,13902,0,0,0,0,0,0,0,0,0
stress,tour_n16,nsga2_guarded,13902,1984,262,31,39931,0,397,262,1325,0
stress,job_n16,fast_v10,13905,0,0,0,0,0,0,0,0,0
stress,tour_n12,fast_v10,13904,0,0,0,0,0,0,0,0,0
stress,tour_n12,nsga2_guarded,13904,1984,136,31,55557,0,406,136,1442,0
stress,job_n16,fast_v10,13904,0,0,0,0,0,0,0,0,0
stress,job_n16,no_uncertainty_linear,13904,1984,125,31,40790,0,373,125,1486,0
stress,tour_n16,nsga2_typed,13901,0,0,0,0,0,0,0,0,0
stress,job_n12,nsga2_guarded,13903,1984,104,31,75686,0,395,104,1485,0
stress,job_n12,nsga2_guarded,13902,1984,116,31,65118,0,395,116,1473,0
stress,tour_n16,nsga2_guarded,13905,1984,319,31,39961,0,393,319,1272,0
stress,tour_n16,fast_v10,13906,0,0,0,0,0,0,0,0,0
stress,job_n16,fast_v10,13902,0,0,0,0,0,0,0,0,0
stress,tour_n16,no_uncertainty_linear,13905,1984,196,31,31123,0,385,196,1403,0
stress,job_n16,fast_v10,13906,0,0,0,0,0,0,0,0,0
stress,job_n16,nsga2_typed,13901,0,0,0,0,0,0,0,0,0
stress,tour_n12,nsga2_guarded,13905,1984,163,31,52583,0,403,163,1418,0
stress,job_n12,fast_v10,13901,0,0,0,0,0,0,0,0,0
stress,tour_n16,fast_v10,13904,0,0,0,0,0,0,0,0,0
stress,job_n16,fast_v10,13901,0,0,0,0,0,0,0,0,0
stress,tour_n12,nsga2_guarded,13906,1984,168,31,54398,0,405,168,1411,0
stress,tour_n12,nsga2_typed,13905,0,0,0,0,0,0,0,0,0
stress,job_n12,nsga2_typed,13904,0,0,0,0,0,0,0,0,0
stress,job_n12,nsga2_guarded,13905,1984,110,31,75747,0,386,110,1488,0
stress,tour_n16,nsga2_typed,13904,0,0,0,0,0,0,0,0,0
stress,tour_n12,fast_v10,13901,0,0,0,0,0,0,0,0,0
stress,job_n16,no_uncertainty_linear,13901,1984,108,31,39342,0,399,108,1477,0
stress,tour_n16,fast_v10,13905,0,0,0,0,0,0,0,0,0
stress,tour_n12,nsga2_guarded,13901,1984,170,31,51687,0,396,170,1418,0
stress,tour_n16,fast_v10,13901,0,0,0,0,0,0,0,0,0
stress,tour_n12,no_uncertainty_linear,13902,1984,77,31,59728,0,380,77,1527,0
stress,job_n12,no_uncertainty_linear,13901,1984,33,31,85658,0,383,33,1568,0
serial,job_h1,fast_v10,13701,0,0,0,0,0,0,0,0,0
serial,job_h1,fast_v10,13703,0,0,0,0,0,0,0,0,0
serial,rgv_h1,no_uncertainty_linear,13702,960,177,15,32859,0,177,177,606,0
serial,job_h1,nsga2_typed,13701,0,0,0,0,0,0,0,0,0
serial,job_h1,no_uncertainty_linear,13703,960,14,15,57417,0,165,14,781,0
serial,rgv_h1,nsga2_typed,13703,0,0,0,0,0,0,0,0,0
serial,tour_h1,fast_v10,13701,0,0,0,0,0,0,0,0,0
serial,job_h1,nsga2_guarded,13701,960,34,15,51208,0,193,34,733,0
serial,job_h1,nsga2_typed,13703,0,0,0,0,0,0,0,0,0
serial,job_h1,nsga2_typed,13702,0,0,0,0,0,0,0,0,0
serial,rgv_h1,guarded_linear,13703,960,195,15,34093,0,203,195,562,0
serial,rgv_h1,guarded_linear,13704,960,183,15,37572,0,174,183,603,0
serial,job_h1,no_uncertainty_linear,13701,960,15,15,57495,0,178,15,767,0
serial,rgv_h1,nsga2_typed,13701,0,0,0,0,0,0,0,0,0
serial,job_h1,nsga2_typed,13704,0,0,0,0,0,0,0,0,0
serial,job_h1,no_uncertainty_linear,13702,960,10,15,55368,0,211,10,739,0
serial,job_h1,nsga2_guarded,13702,960,45,15,48412,0,174,45,741,0
serial,tour_h1,nsga2_typed,13701,0,0,0,0,0,0,0,0,0
serial,tour_h1,no_uncertainty_linear,13703,960,43,15,38139,0,190,43,727,0
serial,rgv_h1,fast_v10,13704,0,0,0,0,0,0,0,0,0
serial,tour_h1,fast_v10,13702,0,0,0,0,0,0,0,0,0
serial,rgv_h1,fast_v10,13702,0,0,0,0,0,0,0,0,0
serial,tour_h1,nsga2_typed,13704,0,0,0,0,0,0,0,0,0
serial,rgv_h1,nsga2_guarded,13703,960,254,15,17903,0,192,254,514,0
serial,tour_h1,nsga2_guarded,13702,960,84,15,28843,0,209,84,667,0
serial,tour_h1,nsga2_guarded,13704,960,61,15,33649,0,176,61,723,0
serial,tour_h1,no_uncertainty_linear,13701,960,34,15,40587,0,185,34,741,0
serial,tour_h1,fast_v10,13703,0,0,0,0,0,0,0,0,0
serial,tour_h1,guarded_linear,13702,960,53,15,36601,0,210,53,697,0
serial,job_h1,guarded_linear,13703,960,23,15,57556,0,170,23,767,0
serial,job_h1,fast_v10,13702,0,0,0,0,0,0,0,0,0
serial,job_h1,guarded_linear,13704,960,17,15,55774,0,197,17,746,0
serial,rgv_h1,no_uncertainty_linear,13701,960,185,15,32532,0,195,185,580,0
serial,tour_h1,guarded_linear,13704,960,44,15,36168,0,185,44,731,0
serial,rgv_h1,nsga2_guarded,13704,960,333,15,20542,0,196,333,431,0
serial,rgv_h1,nsga2_guarded,13701,960,305,15,15240,0,199,305,456,0
serial,rgv_h1,no_uncertainty_linear,13703,960,158,15,34194,0,213,158,589,0
serial,job_h1,nsga2_guarded,13703,960,39,15,43360,0,208,39,713,0
serial,tour_h1,no_uncertainty_linear,13702,960,40,15,37270,0,192,40,728,0
serial,tour_h1,nsga2_typed,13703,0,0,0,0,0,0,0,0,0
serial,tour_h1,nsga2_guarded,13703,960,65,15,29812,0,183,65,712,0
serial,rgv_h1,nsga2_typed,13704,0,0,0,0,0,0,0,0,0
serial,tour_h1,guarded_linear,13701,960,35,15,38133,0,207,35,718,0
serial,rgv_h1,nsga2_guarded,13702,960,277,15,15679,0,189,277,494,0
serial,tour_h1,nsga2_guarded,13701,960,70,15,32188,0,205,70,685,0
serial,tour_h1,guarded_linear,13703,960,45,15,32806,0,216,45,699,0
serial,job_h1,guarded_linear,13701,960,15,15,57495,0,178,15,767,0
serial,rgv_h1,guarded_linear,13702,960,242,15,29278,0,204,242,514,0
serial,rgv_h1,no_uncertainty_linear,13704,960,194,15,29834,0,204,194,562,0
serial,rgv_h1,fast_v10,13703,0,0,0,0,0,0,0,0,0
serial,job_h1,nsga2_guarded,13704,960,37,15,49489,0,194,37,729,0
serial,job_h1,no_uncertainty_linear,13704,960,9,15,56993,0,186,9,765,0
serial,tour_h1,fast_v10,13704,0,0,0,0,0,0,0,0,0
serial,rgv_h1,guarded_linear,13701,960,260,15,27542,0,190,260,510,0
serial,rgv_h1,nsga2_typed,13702,0,0,0,0,0,0,0,0,0
serial,tour_h1,nsga2_typed,13702,0,0,0,0,0,0,0,0,0
serial,job_h1,fast_v10,13704,0,0,0,0,0,0,0,0,0
serial,rgv_h1,fast_v10,13701,0,0,0,0,0,0,0,0,0
serial,job_h1,guarded_linear,13702,960,10,15,57798,0,179,10,771,0
serial,tour_h1,no_uncertainty_linear,13704,960,33,15,45349,0,173,33,754,0
serial_contended,job_h1,fast_v10,13701,0,0,0,0,0,0,0,0,0
serial_contended,job_h1,fast_v10,13703,0,0,0,0,0,0,0,0,0
serial_contended,rgv_h1,no_uncertainty_linear,13702,960,177,15,32859,0,177,177,606,0
serial_contended,job_h1,nsga2_typed,13701,0,0,0,0,0,0,0,0,0
serial_contended,job_h1,no_uncertainty_linear,13703,960,14,15,57417,0,165,14,781,0
serial_contended,rgv_h1,nsga2_typed,13703,0,0,0,0,0,0,0,0,0
serial_contended,tour_h1,fast_v10,13701,0,0,0,0,0,0,0,0,0
serial_contended,job_h1,nsga2_guarded,13701,960,34,15,51208,0,193,34,733,0
serial_contended,job_h1,nsga2_typed,13703,0,0,0,0,0,0,0,0,0
serial_contended,job_h1,nsga2_typed,13702,0,0,0,0,0,0,0,0,0
serial_contended,rgv_h1,guarded_linear,13703,960,195,15,34093,0,203,195,562,0
serial_contended,rgv_h1,guarded_linear,13704,960,183,15,37572,0,174,183,603,0
serial_contended,job_h1,no_uncertainty_linear,13701,960,15,15,57495,0,178,15,767,0
serial_contended,rgv_h1,nsga2_typed,13701,0,0,0,0,0,0,0,0,0
serial_contended,job_h1,nsga2_typed,13704,0,0,0,0,0,0,0,0,0
serial_contended,job_h1,no_uncertainty_linear,13702,960,10,15,55368,0,211,10,739,0
serial_contended,job_h1,nsga2_guarded,13702,960,45,15,48412,0,174,45,741,0
serial_contended,tour_h1,nsga2_typed,13701,0,0,0,0,0,0,0,0,0
serial_contended,tour_h1,no_uncertainty_linear,13703,960,43,15,38139,0,190,43,727,0
serial_contended,rgv_h1,fast_v10,13704,0,0,0,0,0,0,0,0,0
serial_contended,tour_h1,fast_v10,13702,0,0,0,0,0,0,0,0,0
serial_contended,rgv_h1,fast_v10,13702,0,0,0,0,0,0,0,0,0
serial_contended,tour_h1,nsga2_typed,13704,0,0,0,0,0,0,0,0,0
serial_contended,rgv_h1,nsga2_guarded,13703,960,254,15,17903,0,192,254,514,0
serial_contended,tour_h1,nsga2_guarded,13702,960,84,15,28843,0,209,84,667,0
serial_contended,tour_h1,nsga2_guarded,13704,960,61,15,33649,0,176,61,723,0
serial_contended,tour_h1,no_uncertainty_linear,13701,960,34,15,40587,0,185,34,741,0
serial_contended,tour_h1,fast_v10,13703,0,0,0,0,0,0,0,0,0
serial_contended,tour_h1,guarded_linear,13702,960,53,15,36601,0,210,53,697,0
serial_contended,job_h1,guarded_linear,13703,960,23,15,57556,0,170,23,767,0
serial_contended,job_h1,fast_v10,13702,0,0,0,0,0,0,0,0,0
serial_contended,job_h1,guarded_linear,13704,960,17,15,55774,0,197,17,746,0
serial_contended,rgv_h1,no_uncertainty_linear,13701,960,185,15,32532,0,195,185,580,0
serial_contended,tour_h1,guarded_linear,13704,960,44,15,36168,0,185,44,731,0
serial_contended,rgv_h1,nsga2_guarded,13704,960,333,15,20542,0,196,333,431,0
serial_contended,rgv_h1,nsga2_guarded,13701,960,305,15,15240,0,199,305,456,0
serial_contended,rgv_h1,no_uncertainty_linear,13703,960,158,15,34194,0,213,158,589,0
serial_contended,job_h1,nsga2_guarded,13703,960,39,15,43360,0,208,39,713,0
serial_contended,tour_h1,no_uncertainty_linear,13702,960,40,15,37270,0,192,40,728,0
serial_contended,tour_h1,nsga2_typed,13703,0,0,0,0,0,0,0,0,0
serial_contended,tour_h1,nsga2_guarded,13703,960,65,15,29812,0,183,65,712,0
serial_contended,rgv_h1,nsga2_typed,13704,0,0,0,0,0,0,0,0,0
serial_contended,tour_h1,guarded_linear,13701,960,35,15,38133,0,207,35,718,0
serial_contended,rgv_h1,nsga2_guarded,13702,960,277,15,15679,0,189,277,494,0
serial_contended,tour_h1,nsga2_guarded,13701,960,70,15,32188,0,205,70,685,0
serial_contended,tour_h1,guarded_linear,13703,960,45,15,32806,0,216,45,699,0
serial_contended,job_h1,guarded_linear,13701,960,15,15,57495,0,178,15,767,0
serial_contended,rgv_h1,guarded_linear,13702,960,242,15,29278,0,204,242,514,0
serial_contended,rgv_h1,no_uncertainty_linear,13704,960,194,15,29834,0,204,194,562,0
serial_contended,rgv_h1,fast_v10,13703,0,0,0,0,0,0,0,0,0
serial_contended,job_h1,nsga2_guarded,13704,960,37,15,49489,0,194,37,729,0
serial_contended,job_h1,no_uncertainty_linear,13704,960,9,15,56993,0,186,9,765,0
serial_contended,tour_h1,fast_v10,13704,0,0,0,0,0,0,0,0,0
serial_contended,rgv_h1,guarded_linear,13701,960,260,15,27542,0,190,260,510,0
serial_contended,rgv_h1,nsga2_typed,13702,0,0,0,0,0,0,0,0,0
serial_contended,tour_h1,nsga2_typed,13702,0,0,0,0,0,0,0,0,0
serial_contended,job_h1,fast_v10,13704,0,0,0,0,0,0,0,0,0
serial_contended,rgv_h1,fast_v10,13701,0,0,0,0,0,0,0,0,0
serial_contended,job_h1,guarded_linear,13702,960,10,15,57798,0,179,10,771,0
serial_contended,tour_h1,no_uncertainty_linear,13704,960,33,15,45349,0,173,33,754,0
